text,airline_sentiment
said,neutral
plus youve added commercial experience tacky,positive
didnt today must mean need take another trip,neutral
really aggressive blast obnoxious entertainment guest face amp little recourse,negative
really big bad thing,negative
seriously would pay flight seat didnt playing really bad thing flying va,negative
yes nearly every time fly vx “ear worm” won’t go away,positive
really missed prime opportunity men without hat parody,neutral
well didnt…but,positive
amazing arrived hour early youre good,positive
know suicide second leading cause death among teen,neutral
lt pretty graphic much better minimal iconography,positive
great deal already thinking nd trip amp havent even gone st trip yet p,positive
im flying fabulous seductive sky u take stress away travel,positive
thanks,positive
sfopdx schedule still mia,negative
excited first cross country flight lax mco ive heard nothing great thing virgin america daystogo,positive
flew nyc sfo last week couldnt fully sit seat due two large gentleman either side help,negative
❤️ flying ☺️👍,positive
know would amazingly awesome bosfll please want fly,positive
first fare may three time carrier seat available select,negative
love graphic,positive
love hipster innovation feel good brand,positive
making bosgtlas non stop permanently anytime soon,neutral
guy messed seating reserved seating friend guy gave seat away 😡 want free internet,negative
status match program applied three week called emailed response,negative
happened ur vegan food option least say ur site know wont able eat anything next hr fail,negative
miss dont worry well together soon,neutral
amazing cant get cold air vent vx noair worstflightever roasted sfotobos,negative
lax ewr middle seat red eye noob maneuver sendambien andchexmix,neutral
hi bked cool birthday trip cant add elevate cause entered middle name flight booking problem 😢,negative
hour operation club sfo posted online current,neutral
help left expensive headphone flight iad lax today seat one answering lampf number lax,negative
awaiting return phone call would prefer use online selfservice option,negative
great news america could start flight hawaii end year via,positive
nice rt vibe moodlight takeoff touchdown moodlitmonday sciencebehindtheexperience,neutral
moodlighting way fly best experience ever cool calming 💜✈ moodlitmonday,positive
done done best airline around hand,positive
book flight hawaii,neutral
chat support working site,negative
view downtown los angeles hollywood sign beyond rain mountain,positive
hey first time flyer next week excited im hard time getting flight added elevate account help,negative
plz help win bid upgrade flight laxgtsea 🍷👍💺✈️,neutral
unused ticket moved new city dont fly fly expires travelhelp,neutral
flight leaving dallas seattle time feb,neutral
im elevategold good reason rock,positive
dream,neutral
wow blew mind,positive
last night tribute soundofmusic oscar think agree,neutral
entertaining,neutral
flight way supposed take minute ago website still show time flight thanks,neutral
julie andrew way though impressive,positive
wish flew atlanta soon,neutral
julie andrew hand,neutral
flight leaving dallas la february th,neutral
hi im excited lgagtdal deal ive trying book since last week amp page never load thx,negative
know need spotify stat guiltypleasures,positive
im lady gaga amazing 😊,positive
carrie,neutral
new marketing song let u know think,neutral
julie andrew first lady gaga wowd last night carrie meh,neutral
called week ago adding flight elevatethey still havent shown uphelp,negative
great go carrieunderwood 😍👌,neutral
sorry mary martin first,neutral
love three really cant beat classic,positive
flight dal dca pm tried check could status please,neutral
heyyyy guyyyys trying get hour someone call please,negative
hi virgin im hold minute earlier flight la nyc tonight earlier pm,negative
congrats winning award best deal airline u,positive
everything fine lost bag,negative
need change reservation virgin credit card need modify phone waive change fee online,neutral
emailed customer service team let know need tracking number,neutral
hi booked flight need add baggage,neutral
airline awesome lax loft need step game dirty table floor,negative
worried great ride new plane great crew airline like,positive
awesome flew yall sat morning way correct bill,positive
watch best student film country foot cmfatfeet,neutral
first time flying different ratepolicy medium bag thanks,neutral
going customer service anyway speak human asap thank,negative
happened doom,neutral
cant supp biz traveler like customer service like neverflyvirginforbusiness,negative
ive applied member inflight crew teamim interested flightattendant dreampath g,positive
youre best whenever begrudgingly use airline im delayed late flight,negative
interesting flying cancelled flight next four flight plannedneverflyvirginforbusiness,negative
disappointing experience shared every business traveler meet neverflyvirgin,negative
i’m trouble adding flight wife booked elevate account help,negative
cant bring reservation online using flight booking problem code,neutral
random q whats distribution elevate avatar bet kitty disproportionate share,neutral
lt flying va life happens trying change trip jperhi helpva home page let,neutral
site back,negative
rnp yeah know,neutral
hi get point elevate account recent flight add flight point account,neutral
like tv interesting video disappointed cancelled flightled flight flight went jfk saturday,negative
landed lax hour late flight bag check business travel friendly nomorevirgin,negative
flight redirected,neutral
website btw new website isnt great user experience time another redesign,negative
cant check add bag website isnt working ive tried desktop mobile,negative
let scanned passenger leave plane told someone remove bag st class bin uncomfortable,negative
phone number cant find call flight reservation,negative
anyone anything today website useless one answering phone,negative
trying add boy prince ressie sf thursday lax,neutral
must traveler miss flight late flight check bag missed morning appointment lost business sfolax,negative
check new music,neutral
hows direct flight fllgtsfo unexpected layover vega fuel yet peep next bought vega flight sneaky,negative
late flight bag check lost business missed flight apt three people flight exp,negative
amazing customer service 💕💕 raeann sf shes best customerservice virginamerica flying,positive
called service line hung awesome sarcasm,negative
site tripping im trying check im getting plain text version reluctant enter card info,negative
scheduled sfo dal flight today changed th due weather look like flight still,neutral
getaway deal may oneway lot cool city cheapflights farecompare,positive
getaway deal may oneway lot cool city cheapflights farecompare,neutral
getaway deal may oneway lot cool city cheapflights farecompare,positive
getaway deal may oneway lot cool city cheapflights farecompare,neutral
great week 🌞✈,positive
come back phl already need take u horrible cold pleasecomeback,positive
concerned fly plane need delayed due tech stop,negative
best airline flown oneasy change reservationhelpful representative amp comfortable flying experience,positive
another rep kicked butt naelah represents team beautifully thank,positive
beautiful frontend design right cool still book ticket bc backend secure,positive
love team running gate e la tonight waited delayed flight kept thing entertaining,positive
use another browser amp brand reputation built tech response doesnt crossbrowser compatible website,negative
flight flight booking problem site totally folk problem,negative
like customer service min delay connecting passenger seems long va,negative
thanks outstanding nycjfk crew moved mountain get home san francisco tonight,positive
absolute best team customer service ever every time fly im delighted thank,positive
provide complimentary upgrade first class available seat,neutral
need change flight thats scheduled hour min wait time phone im calling intern help,negative
completely awesome experience last month boslas nonstop thanks awesome flight depart time vabeatsjblue,positive
watch oscar jfkgtsfo flight,neutral
flight cancelled flightled,neutral
failing customer check process link tsa precheck,negative
u terrible airline gave u hotel hotline number said sorry,negative
flight number sfo cabo san lucas arrived yet,neutral
assistance yesterday u cancelled flightled flight give u hotel hotline shame,negative
another delayed flight likingyoulessandless,negative
need register service dog first class ticket sfo gt dulles phone queue hour longer pls advise,negative
rock making watch oscar flight redcarpet oscar oscar,positive
dropped track,neutral
always xoxo,positive
cant book seat flight buy even check creates much anxiety frustrated,negative
youd think paying extra buck rt luggage might afford hiring extra hand lame,negative
best customer service rep world irmafromdallas take cake,positive
find u flt lax sooner midnight monday would great customer service 😃,neutral
please provide status flight cant imagine time web indicates dude weather andor dallas,negative
amazing staff amp super helpful ran princesshalf spoiled comfort,positive
paid premium fly across country cancelled flight flight offer check fee upgrade love sad face,negative
question possible book seat infant giving option want seat,negative
always together youre welcome rt youre welcome,positive
flight home dc sunset globe backtowinter back work refreshed,positive
dont understand need dm give answer damaged luggage policy,negative
mean dont policy destroyed luggage,negative
special assistance travel alone w kid infant priority boarding,neutral
thank checking ticket purchased customer happy,positive
website ever coming back online,neutral
flight love field sfo definitely cancelled flightled monday february,neutral
flight lga dfw time,neutral
driver license expired little month fly friday morning using expired license,neutral
problem flight booking problem web site keep giving error contact phone phone minute wait,negative
reschedule cancelled flightled flight online change button greyed,negative
rang wait minute book ticket vendor fix site,negative
got flight told todaychecked email tomorrow unacceptable,negative
flight lga cancelled flighted stuck dallas called reschedule told could get flight today,negative
dont pairing include red wine white offered redwineisbetter,negative
website,negative
site seems little wonked right may want look tried two browser cs,negative
im disappointed agent designated silver status check line closed assist pasengers,negative
plan include austin dallas route topnews arab emirate,neutral
normal receive reply central baggage baggageissues smh,negative
logan airport waiting checkin flight checkin desk open,negative
jump dallasaustin market,neutral
beat eps view take southwestair va luv investor business daily,neutral
lister show monday,neutral
begin dallasaustin flight april ketr,neutral
congrats got business ewr sfolax fuck fl sfoewr clincher,negative
applied week ago havent heard back im flying week disappointed,negative
id love know policy damaged luggage,neutral
thank follow,positive
many apology r worse airline dont even respond cudtomers,negative
shame va making people spend money stranded city airline landing jfk reimburse,negative
dm,neutral
please flight sjc choice fly southwest vega 😩😭,neutral
bad say take day via confirmation email inquired week claim week,negative
flight bos gt la tomorrow cancelled flightled notification wait time hour rebook another airline,negative
😎 rt you’ve met match got status another airline upgrade restr,positive
way fly elevate gold,positive
guy flight cmh,neutral
lot apology thrown customer seevery sad thanks nothing worst airline ever,negative
flight stuff wrong nothing worst flight ever,negative
issue finding missing item plane help find airport plane headed next,neutral
match americanairlines status cool,positive
“youve met matchgot status another airline upgrade 🙉,neutral
trying book flight guy website wont let lose business,negative
suck,negative
thanks,positive
dmd issue persisting,negative
never recd cancelled flightlation notice left w option fly p driving la red eye mon w kid,negative
trying book flight amp site 😁,negative
flight flying boston tomorrow need home cancelled flightled flight didnt anything,negative
stink flight cancelled flighted psp jfk notification ability rebook disappointed expected better,negative
love guy song dancing high school dance revue,positive
website im trying check,negative
done thank quick response apparently faster sitting hold,positive
nervous flight dc lax getting cancelled flightled tomorrow sent dm help,neutral
cool picture another virginamerica plane wing site,positive
keep great work,positive
goodness people field amazing pressure ❤️from texas beatstheothers crisis please fly ny,positive
thanks great flight la boston pilot great job landing snow go back la seriously,positive
please get new york area monday afternoon,neutral
thanks much awesome support guy rock,positive
seat row dont recline mention website soreback,negative
flight delayed hour la due mechanical problem handle like pro could tossed u free drink,negative
cancelled flight flight today precipitation scared ❄️❄️❄️,negative
twitter team guy killed rescheduling asap thank,positive
guy charged reschedule flight cancelled flighted refusing refund whats deal,negative
can’t access website safari iphone seems work mac ipad need iphone add passbook,negative
ipad iphone clicking checkin link email received hr flight,neutral
mobile site broken show headerelevateusernumofpointsavailable number point wont let checkin,negative
really looking forward flight let know rescheduled diehardvirgin,negative
cancelled flight flight vx one sec delayed airport next cancelled flightledgonna email call reschedule,negative
problem link email checkin thanks,negative
change another airline get dc today able land dc cost ugh,negative
looking forward first flight today cancelled flightled along subsequent one,negative
putting great deal pdx la la pdx show love,positive
wish afford fly next friday going back home love everything airline,positive
gonna deal dallas dc deal dc dallas sad,negative
it’s bug report guy,neutral
hold time call center bit much,negative
like,positive
site help,negative
best flight attendant ever,positive
awesome rt watch nominated film foot meetthefleet oscar,positive
thanks much,positive
trying reset password email never arrives help,negative
airline based silicon valley disruption fcmostinnovative incubator,positive
nicely done 👏,positive
i’m looking forward watching oscar flight home tomorrow might even get something bubbly drink,positive
reason delay departure vx jfk afternoon,negative
today flight palm spring ca jfk ny cancelled flightled,negative
hahaha 😂 guy amazing love guys💗,positive
sound like fun,positive
update flight jfk gt lax,neutral
spruce moose,neutral
cs site right please fix site unusable,negative
flight vega boston today checked online bag count didnt register fix somehow,negative
classiq luv virgin america greetingz,positive
hi im trying checkin website working tried different browser problem continues,negative
thanks great customer service today amp helping get travel sorted,positive
thanks guy sweet route rockies airplanemodewason,positive
love music blasting gate boston waiting flight sanfrancisco could get iced coffee,positive
passenger flt assaulted shouldnt flown trust he banned crew filed report,negative
current bug website show ‘select departure city’ selecting destination city,negative
luggage severely dentedmissing wheel coming baggage claim san luggage agent miranda think wasnt help,negative
thank easy itinerary shift impending weather quick painless amp free,positive
youd love see girl inspired become pilot rt free woaw event march abq,neutral
thanks good time back vodkatonics entire flight🍸sfo,positive
beat expectation share take santa cruz sentinel,neutral
plan start flying direct dal la,neutral
big lovegratitudempower w werin oscar vipswagbags avalonhollywood,neutral
youre great job adding little luxuriesaesthetics improve air travel experience thank keep,positive
requested window seat confirmed window got stuck middle seat good way treat silver member😒,negative
grand budapest hotel oscarscountdown,neutral
missed next trip,neutral
wtf paid direct flight purpose stop fuel exhausted frequent flier nothing inconvenience,negative
something wrong website safari iphone,negative
thanks gate checking baggage full flight dfwlax giving early boarding sweet,positive
already checked page expired x,negative
boo refunding seat upgrade fee want buy first place,negative
share rise q financial result usa today,neutral
add pillow instead lieflat seat first class arm race,neutral
see,positive
way take advantage mayweatherpacquiao,neutral
know im flying virgin fight mayweatherpacquiao,neutral
inflight team make experience amazing,positive
cutest salt pepper shaker ever think guy cant get better,positive
moved seat notice better seat cabin select behind row selected👎 disappointed,negative
share q result,neutral
fav airline,positive
hot female pilot sweet dca sfo,positive
👍👍✈️✈️💗 guy going start flying paris youre welcome”,neutral
policy flying surgery still waiting answer tell doctor,neutral
already contacted central baggage amp sent dm charging dress lost suitcase help,negative
thank,positive
anything going website ive getting lot error past minute,negative
think left something plane yesterday callah,neutral
need follow back order dm,neutral
need start flying 😊😀😃😄,neutral
told check airline regulation first contacted,neutral
checked flight sfo lax amp told atlantic flying club gold get benefit,negative
husband ordered three drink via screen never came awesome,negative
soooo guy going leave seatbelt light flight barely call turbulence,negative
policy flying surgery,neutral
post second consecutive fullyear net profit,neutral
funny story website broken missing javascript stylesheets checkin process dislike,negative
would love virgin like,positive
result handily exceed forecast,neutral
applied position wondering guy received application,neutral
achieves second year profitability despite revenue pressure,neutral
give positive outlook see increased competition,neutral
im trying check ct flight tmm desktop website working sort caching bug so,negative
weather delay gt next week jfk bos dca,neutral
check website go airport,neutral
guy know checkin link email broken,negative
pilot say expect choppy landing nyc due gusty wind wa temperature degree amp wthe windchill,neutral
loved cant wait monday return flight mostly watch inflight safety video sorrynotsorry,positive
lost luggage day ago flight vx lax iad amp im calling every day responseplease give back stuff,negative
flight booking problem section website seems broken chrome might wanna look,negative
hi wanted see new route planned year newark love flying guy hope,positive
mean probably inappropriate board,positive
happy spend day together let,positive
saving sanity right,neutral
missed flight standby work,neutral
understanding helped thx comp,positive
brought way across country today see,neutral
thank absolutely 😎,positive
look like broken link asset,negative
ready let say together noooo turbulence today 😘,neutral
manage itinerary section website seems broken,negative
cant check site look like every time load,negative
u help 👸 need urgent treatment in🇺🇸y old battling cancer could u help flight 💗freyasfund,neutral
may start service hawaii sanfrancisco year biztravel,neutral
carrier less half price round trip fare stunned,negative
wtf happening pdx late flight march one way sfo,negative
add dtw im sold,neutral
free drink flight back free promo,positive
thanks,positive
momma made 😁😁😁,neutral
please contact portfolio left flight vx jfk sfo tonite seat need returned call,neutral
help flight jkf tonight seat c left portfolio need back,neutral
seattle bound wifey got duffle vday shes keeper holla,neutral
luggage gone ive filed paperwork promised callemail still resolution response central luggage,negative
debbie baldwin gave rockstar performance safety demo evening vx lassfo bestcrew sherocks,neutral
thanks taking care flight rockstars travel,positive
thanks lovely soft view travel san sfo,positive
requested mileage challenge status several week ago online havent heard back get help,negative
trying book ticket nyc facing super fun broken styling dont worry ill keep trying,negative
many thanks follow ourprincess freyasfund usa bandie looking help😍 💗🇬🇧💗🇺🇸💗 🎀🌏🎀,neutral
nice lofty view silverstatus,neutral
applied status match feb got confirmation email day still news though guy dropped ball late flightly 😥,negative
new go airline,neutral
help ourprincess need help usa 🎀🇬🇧🎀🇺🇸🎀,neutral
adore looking forward flight austin two week,positive
glad mentioned took first virgin flight year back transformative experience,positive
flight booking problem flight uphold status match tax ticket count earned status point statusmatch virginamerica,neutral
trying checkinbut look like site,negative
spending birthday night daldca get home,negative
sent couple message email provided avail try next year cheer,negative
first time flying virgin went sanfrancisco thanks smooth ride easily new fav airline,positive
seriously though direct flight sfofll may,negative
fine already done purchase try go way go back,negative
really experience hoping w forced check small carry w nothing empty cabin space board,negative
wjere luggage slow lax,negative
jump dallas austin market,neutral
spoke representative offered solution loyal customer fly well,negative
deeply disappointed birthday promo applied trip booked mere day received email,negative
happened direct flight sfofll looking may see connecting help dontdothistome,negative
help left blazer kooples jacket bag rd row second seat right gate lax flight sfo,neutral
partner checkout mobile payment method help boost mobile conversion rate etailwest payment visa,neutral
promoting product problem southwest recommend noneother best,positive
love guy pls get direct route la au,positive
would like help flight please,neutral
bruh “ turn vxsafetydance”,neutral
course work im obsessed entire virgin family,positive
ok first time flying tonight,positive
digging swanky pink mood lighting flight nyc sfo need cabaret singer think,neutral
done need receipt asap could please help,neutral
embossed badge patch superior one currently using,negative
vx jfk la dirty plane standard,negative
flight vx headed la jfk dirtiest va plane ever sad great airline,negative
got squared away someone picked soon tweeted tweeted sooner 😉,positive
avis rental continue button doesnt work website book car tried time phone suck,negative
delayed,negative
currently minute hold cust service need anything add lap child reservation,negative
add pillow instead lieflat seat first class arm race,neutral
“ course fun celebrating” thanks happy chinese new year,positive
flight booking problem last second flight next week sfo san chance want gift promo code since love guy,positive
comenity bank joke please change nothing constant problem bank,negative
dm u also add,neutral
grandma ellas th would lt bday greeting flight crew stewardess eastern airline,positive
bought tix atx dallas route thanks adding love yr airline amp yr website best transactional site ever,positive
anytime sugafly,neutral
gave credit late flight flight yesterday great service thats wow moment unexpected gesture,positive
need receipt flight change send one,neutral
submitted status match request back still haven’t heard i’m flying monday look accelerate,negative
safety video loved first cross country flight livewelltraveled sytycd,positive
doesnt look fat look yummy,positive
ceo say southwest amp jetblue strayed low cost model,neutral
brilliant brisk boston cue vx,neutral
atlantic plough lone furrow middleeast,neutral
atlantic plough lone furrow middleeast,neutral
atlantic plough lone furrow middleeast,neutral
omg omg😍😍 nonstop dallas austin virgin✨😱✈️,positive
plane really pretty thought u know,positive
flying hawaii,neutral
im pulling hair trying book flight u site doesnt work iphone ipaddont computer help,negative
thank,positive
get help support ticket day incident thank,negative
good home texas moodlighting,positive
cannot even open laptop seat c paid premium let,negative
seat c cannot even open laptop paid extra seat,negative
guy starting flight end month guess i’m still road tripping feb …,neutral
thanks needing way make austin trip dca youve come,positive
announced new route austin wfares way,neutral
really sprint thought guy kewl,neutral
cool never ur plane,positive
dollar laxlas fare,neutral
great well deserved,positive
fyi infocom email address say contact password reset email doesnt exist email bounce,negative
status match week gone newsflt next week hope flt count towards requirement cust svc help,negative
website suck donkey dick thought know best,negative
still develop app favorite airline,neutral
crap channel pay watch uk tv,negative
got set thanks,positive
channel year,neutral
thing see passbook virgin mobile mexico integrate,neutral
giant virgin america match made heaven,positive
thank goodness also see friday nwkgtsf boom,positive
come dont iphone app still using making waste paper,negative
back seat entertainment system accept credit card apostrophe surname apostrophefail,negative
vx use lga slot instead today adding au make less likely,negative
helping step game tindertips tinderchamp,neutral
luv ur people product thing u charge herbal tea black tea im caffeine drinker,positive
thank see yall soon im excited see expansion destination spread wing,positive
announces new nonstop connecting amp intro,neutral
add austindallas love field route,neutral
sad learn longer fly sfo gt phl hope return,negative
tweet cancelled flightchng fee flight rebook one affiliate afiliates,neutral
incredible customer service ive ever experienced refreshing,positive
see virginamerica come philadelphia phl,neutral
dreaming really open route dallas austin mean houston might next,positive
omg finally,positive
start xweekly flight dallas austin apr avgeek,neutral
nice see expanding texas dont forget u sandiego would love see flight,neutral
kinda sucked earphone jack didnt work flight may want look future passenger,negative
poor experience first computer problem seat malfunction stuck missing meeting san diego,negative
battle route via,neutral
thankyou dalaus route make day,positive
awesome deal dalaus way,positive
miss nerdbird san jose,neutral
love taking backyard consumer win biz competes,positive
​ flying love austin excellent news,positive
make every vx plane nerdbird austin one getting nerd love,neutral
please add frequency pdx portland,neutral
congrats vx new route ✈️🎉,positive
tried offered charge additional k new ticket stranded thurs st time last time,negative
u help flight get old battling cancer need treatment 🇺🇸 💗 🎀 💗,neutral
never bad experience one took cake extortion carry item well,negative
spend hour worrying item carryon would brokenstolen since couldnt carry plane lock bag,negative
group e told room bin got plane room least bag row,negative
thanks making flight lax jfk nightmare forcing check carry bag gate,negative
lot flight book site working ive phone waiting minute,negative
flight artisanal cheese wine pairing,positive
virgin america fly direct seattle nyc boston,neutral
thats classy,positive
im sure lot jfklhr flight go lot faster mph strong tailwind,positive
tminus minute elevate silver upgrade window open freeneversucks 😃👍,positive
save tomorrow,neutral
taking year fly home dallas get shit together,negative
club virgin bumping new york,neutral
would rough trip luckily virginamerica flight weather,positive
thestarter😁,neutral
please come minneapolis st paul,neutral
yes fyi bff,neutral
another perfect flight come plane sun visor stay carrier make raise,positive
nice rt man steel might faster wifi – saying sciencebehindtheexperience,positive
love dancing little richard cool bean,positive
don’t use passbook still love though lt i’ll use email future,positive
thanks free birthday point yall right,positive
application io looking saw virgin mexico lt,neutral
man steel fly city thoughand frequency,negative
thanks much sharing added site,positive
good point,neutral
heard virgin mobile hotspot,neutral
got cheese plate flight,neutral
flight,neutral
dad segway best part whole infographic,positive
plan short haul airline europe would defiantly fly guy,positive
wifi better seating,positive
come abc one network channel dont,neutral
started flight scolding using overhead bin offered person seated next,negative
great return call day couldnt ask myvxexperience,positive
airline werent cancelled flighting flight bos helping customer get home virgin saying good luck,negative
dear virgin customer youre stranded sf day amp cost well least accommodate,neutral
use next airline commercial lol,neutral
grouping virgin others bos weather exposed actual cu serv model never flight booking problem virgin,negative
one traveler affected boston storm im shocked virgin complete apathy toward customer,negative
umm reason someone different contact contact get definitive answer,negative
trying make change advance hour prior…tried online earlier wanted change fee,negative
loyal im driving nyc pa fly virgin since cut philly flight,positive
way change main cabin main cabin select flight without paying change fee penalty,neutral
guy perfect always lt wervirgin,positive
thanks yall best customer service left industry,positive
give silver status month,neutral
really wish youd fly fargo fare amazings,positive
mood lighting point🙌 reclining seat kickin feet💤,negative
flight scheduled pm departure still say time plane gate update long delay,negative
group got cancelled flightlation fee waived cant ticket booked rep help either 😡,negative
sign bonus enroll elevate,neutral
got pm newark home la folk ewr incredible letsgohome,positive
morning question regarding elevate point amp flight dm,neutral
still waiting see 😞,neutral
wondering guy recieved dm able potentially respond asap,neutral
flying lax sfo looking awesome movie lineup actually wish long haul,positive
“ book town fare way restr,neutral
thanks,positive
thanks taking care mr happy customer,positive
still refund word via dm please resolve issue cancelled flightled flight useless assistant trip,negative
delayed due lack crew delayed there long line deicing still need improve service united,negative
thanks filled hows luck common,positive
eriord express connection hugely popular could eriewr hop,negative
even international flight glasgow u orlando newark min,neutral
think boarded flight au early think,negative
understand tough way get airport wo serious risk accident steep price,neutral
gate agent hooked alternate flight way prevent constant issue would rock,negative
flying glamco week long airport departure international domestic ta,neutral
thanks ticket,positive
law policy,neutral
worst nonrefundable first class ticket oh select globalfc system auto selects economy wupgrade,negative
buy tix day flight cant transfer tix flawed security logic flawed customer service,negative
start claim week unrealistic really supposed go long car seat childridiculous,negative
follow please airline beautifull ♥,positive
dont im sure united info system,neutral
car seat lost reimburse new one pair shoe necessity child,negative
submitted response link sent,neutral
yes david allan send email number kmmvlkm case,neutral
totally suck cousin worked phl said,negative
wanted let know wonderful rosetta gate agent working flight dan ase let know wasappreciated,positive
yes paper voucher got january th,neutral
beginning feb called united said would send another voucher mail never got anything tiredofwaiting,negative
internet great thing emailing executive company maybe respond timely manner,negative
need use chase united club pas yr old son come pas,neutral
suppose number,neutral
thats weak see ya 👋 hey,negative
flew back w company since united didnt earlier flight,negative
lost voucher given miami aeroport jan use,neutral
trying book award september need flight show even w many award seat availab,negative
sure drive total hour get bag id like explain debacle one want talk,negative
gee thats like almost caring ppl think im int trusted adult w daughter,neutral
see told repeatedly pilot late flight kept getting late flightr boarded defibrillator issue,negative
preferred security line anymore tsa precheck didnt pull partner flight platinum spoiled,negative
newarkliberty airport need indicate different gate terminal aampc flyingainteasy,negative
yes please newly married trying update last name preexisting international flight seems easy,negative
united refuse reissue lost voucher plane didnt take due mechanic badcustomerservice,negative
also run instructed shattered computer,negative
yes weve agent last minute one agent rude thankfully ladan nice,negative
thats right overnight miami,neutral
client hr layover iah day claim amp recheck luggage taken care,neutral
trying find loaner seat new used used car seat illegal according safety regulation,neutral
dmed detail,neutral
iah charlotte baggage claim rep latrice h customerservice non existent ignored customer inappropriately touched customer,negative
kewl also let know overhead bin row inop love good abbreve,neutral
thanks helpgot need issue guess sit awhile longer,positive
would loved respond website saw really long form business new seat bad,negative
refund flight voucher another flight different airline expense today hour drive inconvenient,negative
received call back daysits infant car seat supposed go anywhere child,negative
thanks concern contact customer care upon return australia,neutral
well sitting ground time waiting gateagain tiredofthis,negative
airport snow removal method keep good work folk cessnas become,positive
need guy book plane concern ill travel someone else moving forward,negative
measly ecertificate appreciate loyal customer wait hr tarmac ua unacceptable,negative
email addressusername signon available,negative
thank able claim interim expense cost stuff,positive
rude rude,negative
cant get boarding pas austrian airline codeshare flight rebook incls hour layover amp stuck outside sec,negative
received flight united truly break guitar unitedbreaksguitars wantmymoneyback,negative
flew telaviv paid third suitcase didnt even make plane besides impolite service,negative
bag still colo spring disabled search unfamiliar airport look bag good outcome,negative
shame there flex ticket transfer rule even calling neurosurgery icu isnt enough,negative
denver said dont handle baggage made colo spring gave number call help either,negative
guy need serious training customer service many better option put way guy handle ur mistake,negative
ord dca,neutral
found problem avoided like plague told cant find supervisor,negative
zccu cancelled flight flight h advance need connect flight reschedule link isnt helping help gf waited month see,negative
flying,negative
addition first flight delayed hour im arriving destination hr late flight,negative
cancelled flighted flight didnt rebook u added flight drive denver kcthanks,neutral
announcement pre boarding address mobility disability requires travel lot stuff preboard,neutral
flew united last month experience awesome,positive
travel booked thru united group dept okc ticket agent less willing help connection lax,negative
v upset disability service told one employee carrying medical equipment rude,negative
thnx quick reply dont think assist intl grp put considerable inconvenience today,negative
wont transfer flight ticket accompany yr old who active military mom emergency brain surgery wow,negative
week late flightr still received mile mileageplus gift card starbucks card handed,negative
k im always hoping improvement,negative
yet complained guy checked luggage throwing bag around unfortunate coincidence hope,negative
okc ticket agent roger mclarrensp less helpful intl group travel problem cant find supervisor help,negative
mobile apps need construction ground o category expensive get right,negative
another fail united ticket agent okc less helpful could care less problem american come,negative
also working wc coach good thing bird landed ahead schedule use wc stat,positive
o isnt controlled rather app new,neutral
sent email customer care telling may break 😢 sincerely hope help,negative
silly im flying delta today united club staff attendant surly unhelpful always seem bothered pesky folk,negative
phone number cant find call flight reservation,negative
well cant fix missing buddy th bday negligence attempt make,negative
believe help customer service couldnt like said want number someone fix,negative
helped baggage service desk said bc tsa screening fll bag made bag ewr,negative
mobile boarding pas disappeared phone standing line board second time week hmm,negative
record rozana newark lovely helpful choosekind,positive
last night ordlga,neutral
thx update,positive
thank,neutral
dm nut,neutral
explain eager flight attendant trying ask vision guide dog,negative
whats point asking detail servicedog book flight crew doesnt read continued,negative
tried one available bogota everyone rude houston stuck hour guy,negative
worstunitedflightsever ua la iad mechanical problem took land fix delayed wtfodds,negative
despite bag making newark good informative email tracking update help,positive
whats going ua outbound flight last thurs delayed hr long delay worstunitedflightsever,negative
worstunitedflightsever ua iad la mechanical problem switched aircraft delayed hour,negative
crashed trying check,negative
wow deal plus seat available easy change make customer happy,positive
thanks info already knew,neutral
airline trouble winter amp getting good customer service contact negotiate resolution,neutral
logan boarding gong show due lax carry enforcement bin full coat room bag u need better system,negative
thank,neutral
blackmailed paying £ extra return ticket nullified san francisco airport terrible service rep scam,negative
email address reach long dm,neutral
disappointed u didnt honor credit given ur mistake taking business elsewhere ✌️out,negative
ua still waiting supposed depart,negative
credit last trip never came mail,negative
ok month waiting hear airline gave quite bit day requested terrible service,negative
process ever end still waiting reply since month pathetic customerservice,negative
whats going website im flight booking problem three ticket today ive booted system umpteen time,negative
get account number website say email unavailable,negative
need book two one way order fly unaccompanied minor,neutral
received bag last night still missing one,negative
youll need upgrade seat even economy plus like sitting concrete bench,negative
pls help baby hannah get life saving surgery requiresshe need helppls donatert,neutral
bet wont honour like mine ey,neutral
nd flight also delayed pilot boarded sit scheduling,negative
guess thats much ask huh,neutral
hard stay upset someone least try show remorse,negative
way simple apology go long way even hollow one obvious dont care wellbeing,negative
isnt one time thing either shocking pattern repeated neglect disrespect,negative
finger crossed amp intact disappointed experience actually saying enjoyed using,negative
incredibly easy fix would rather stay comfort zone get forced mine,negative
july zero excuse outofdate system cause problem like,negative
everyone around u sitting friend family member booked ticket october december bought,negative
sure talking going nonstop flight sna sfo sfo ewr,negative
im moving talk service,negative
please good weekend,neutral
asked legitimate question systemwide v localized problem got back unrelate flightd copypaste better,negative
time call need ski go airport get faith united,negative
see guy amazing one company continually make mistake yet fails held accountable error,negative
tourist wonder super tide tide century french uk coast,neutral
yeah sorry there always problem united international reputation problem,negative
yall probably work,neutral
maybe would care hear went whoever listens issue caused,negative
wonder sharing fb insta would produce number character really limit story telling,negative
youre telling number call left airport negligent pilot staff,negative
could email resent doesnt appear arrived,negative
yes please trying get pop newark,neutral
follow order dmcome,negative
united coupon make broken entertainment system hour flight seriously ridiculousness learncustomerservice,negative
didnt drop bag overnight amp im leaving week supposed hold bag,negative
dm detail still response book today,negative
know probably way get cheaper airfare ticket flight leaving hour 🙏,neutral
someone please explain process happens property found plane passenger leave heathrow,neutral
able dm confirmation number,negative
ive sent message let know got im twitterliterate also really going stuck hr,negative
unhappy response complaint emailed nd feb ref awful customer service,negative
dm work,neutral
private jet would cool work ill try,positive
given option using united travelbank recent flight booking problem help using recouping fund thanks,negative
common keep paper work ready dont delay flightsand meeting,negative
yulord,neutral
yep thats correct got email flight cancelled flightled doesnt matter flight atl delayed thx,negative
k problem getting fll iah sent dm making connection please let know,negative
done done,neutral
thanks sent,positive
im grounded montreal ua missing connection ua st louis helpdo private jet,negative
im frustrated nervous,negative
one make difficult,negative
im child im someone issue flying prepares ahead time reduce distress caused plane,negative
get cancelled flightled hour take,negative
always happens guy make traveling incredibly stressful uncomfortable good business,negative
someone severe anxiety one person help isnt next,negative
im seeking go client bc u cant get need refund filled form confident work past indication,negative
thnx response bot seems improvement could easily attained st class service really worth,neutral
unrivalled access california flight u uk airport nonstop onestop connection yearround,positive
booked award tix thaiairways im seeing conf united flight booking problem get get thai,neutral
luckily made flight time disappointed lack communication,negative
checking see flight atlord got cancelled flighted,negative
service far horrid wanted end trip high note guess thats option,negative
booked flight home month ago requested seat together fiancée got middle seat unacceptable,negative
guy horrible,negative
thnx info,positive
pay wifi international business ticket pennypincher,negative
ok top thing youve lost luggage could get worse unitedairlines,negative
kudos cancelled flightling flight dfw morning united usually first panic,positive
luggage broken youcouldntmakethis brokenwheel,negative
flight dfw ord currently ontime see advisory dfw may affected weather,neutral
maybe one day youll one quoted,negative
flight delayedno one remembered turn heat flight leaving ordseriously,negative
another awesome new plane flight extremely nice captain steve connolly,positive
speak real person get resolved politely efficiently,negative
hadnt filed refund claim told charge dm disputed bank hence would like,negative
bag make flight iad second day without clothes pretty inconvenient pretty curious unitedairlines,negative
every united flight saipan guam adventure never know old plane operational,positive
hence ive asking customer service phone number speak real person get sorted,negative
bag leave washington yet would convenient seeing left day ago unitedairlines lostluggage,negative
im flying st class one leg chicago long flight china still able use lounge chicago,neutral
according dm im owed refund please may provided contact number go bank file claim,negative
hour ago need work bag make hotel time need go elsewhere,negative
okay thank,neutral
ive filed claim way calling update another way,neutral
pls properly train agent requested speak k customer service amp transferred dead end even open hr,negative
thanks remembering load bag onto connecting flight oh wait forgot iceland fun clothes,negative
thank cheese platter abundance entertainment option time flew,positive
customer service atrocious disrupted travel plan lost luggage impossible talk human,negative
terminal mia food open esp flight two hour early like recommended cant eat,negative
ua flight im currently stuck portland missed ride hour delay getmartyhome,negative
responded various request contact number anyone know uk customer service number unitedairlines,negative
looking getting bag lusaka,negative
could update suitcase please online phone tracking told nothing told id back yesterday,negative
thank trying two day set,positive
last thing u guy shouldnt charging drink transatlantic flight,negative
lhr arrival lounge fail waited min shower left find hotel u know many passenger u carry planning,negative
luck finalizing reservation dmd information please let know else need want confirm asap thx,neutral
completed form doubt use ua doesnt care day vacation sure ua wont feel responsibility,negative
definitely compliment really thought bag lost sent another airport end happy customer,positive
thanx much followed emailed ticket voucher unitedairlines care,positive
definitely trip remember ewrsti second season first seat pay loyal,positive
nope told u time go home sleep airport even though assured u would get room,negative
keep updated let know bag make flight jburg,neutral
back expensive holiday worked year pay ruined want compensation amp original case back,negative
thanks united understand would actually like bag back done also want money,negative
frankly worse customer service ever problem happen deal defines company never united,negative
still valid flight seems strange delay late flight inbound crew hour plane already,negative
thanks lack help canned response k desk,negative
bad ua another unforeseeable operational issue return flight,negative
would like know whats going current flight land,neutral
pay luggage delivered arrive wait additional day delivery,negative
hotel people feel like held hostage someone boarding pass cant leave fail,negative
one great airline ❤️,positive
outbound bag lb bag returning home bag lb logic writing machine human help required,negative
dont like hear poor experience please share detail wour customer care team,negative
cancelled flightn left u fend flt came late flight getting runaround hr employee blaming previous,negative
local united number malaysia local united airline kuala lumpur kul,neutral
okay asem find luggage,negative
agent met u gate said issue wdelays ua would taken online,negative
send urgent message via eservicecom bgkwm narayanan please respond asap also local united tel kul,neutral
thanks guy getting anytime soon,neutral
lady one phone say tel aviv tel aviv united say newark one know nothing,negative
“ well see kn” running plane running thanks help,positive
yes still answer many luggage day unacceptable,negative
going nothing like always,negative
sent feedback thank,neutral
plus food taxi,negative
offering u room people fail,negative
people getting pretty tired action solving problem plus missing day vacation skiing,negative
bright side would keeping promise made hope youre good night thanks,negative
yes,neutral
take back comment team working hard help u far solution hotel food anything fail,negative
arriving two hour late flight clt sitting tarmac move plane gate unhappy customer,negative
airline absolute worst idea neveragain unitedairlines,negative
thanks might want fix line customer care team currently responding inquiry within business day,negative
flew united au austin bergstrom cancun intl best flight ever big small,positive
frustrating frequent flyer loyal since continental upgrade equal paying time top purchase ticket,negative
deep vein thrombosis,neutral
worse cant figure pack plane screw connectns claim hotl room san fran stranded pax way go,negative
passenger hour delayed flight left hotel end night hou airport wtf,negative
hey flight iah po leave late flight one back iah early rather get po earlier,negative
lost bag process broken agent promised theyd call amp hold bag found theyre waking w delivery fail,negative
people counter helpful see nobody flight austin still sitting,negative
unfortunately still tarmac definitely missing ride gonnabealongnight,neutral
“ regret hear please let u know need assistance kn” finally able secure seat thx,negative
time check open flight ua manchester newark today,neutral
good know open closed door premier passenger safety briefing delayed flight annoyed,negative
dm sent,neutral
yea get phoenix already delay day people bullshit,negative
consolation staff stellar hour delay encountered every one flight,negative
flight ua gate b tell ray somehow made flight iah didnt wait one,positive
thats unfortunate xmas gift look like razor ripped right front pocket picture,negative
thanks asking,positive
lost bag cancelled flightled flight delhi call center poor united staff spread thin stressed name,negative
yes doesnt make mistake less absurd doesnt change fact im inconveniently missing luggage tonight,negative
im constantly challenge upgrade amp charge order prevent dvt pay addtl,negative
ord waited min crew member left gate item came flight attendant sarcastically said good luck walked away,negative
follow back please ill happily dm link id rather share travel plan publicly,neutral
,positive
favorite airline,positive
seriously fail making stranger share room,negative
nah wouldnt,neutral
needed asap make today flight,negative
agent split reservation cant cancelled flight refund credit wks,negative
vacation going ruined w day rain change fee u nearly cost original flight help,neutral
sent message let know asap,neutral
would make share room,negative
tried calling w min phn wait mean wed miss option anyway,negative
ask guy flight bwi wait u get delayed flight san diego pretty please,negative
still waiting find rep working hard upset wait tomorrow pm get mammoth,negative
early flt think call appropriate yes reviewed nada avail next day expect full refund,negative
understand thanks,neutral
ask call get fixed tweeting b question stall make thing worse phone number please,negative
yo yo yo stuck tarmac hour going miss ride help please helpimstuck united,negative
highly unprofessional overbook flight seat ampfeel rearrange schedule mismanagement,negative
well considering every agent claimed unable help everything else waste time hear call corp,negative
man cant wait book ticket thanks jp youre life sabe,positive
ice totally understand large number u facing hour time overnight cancelled flightations seems like,negative
flt cancelled flightled get email happened courtesy phn call book diff airline amp city,negative
tag number let find bag,negative
better train support staff appropriate decorum consider revisiting terrible provide death certificate policy,negative
well bar set low guy really good apology game change u guy learn,negative
post disappointment im frequent united flyer simple bad apple doesnt spoil bunch,neutral
guy continue impress houston,positive
way making phone call need handle via twitteremailweb thank,negative
please help ethiopia adopting two year old child existing confirmation need add child reservation,neutral
questionare onboad volt outlet plane,neutral
website deserves new design html ftw,negative
thanks effing holiday missing full day skiing due baggage team incompetence,negative
twitter isnt letting dm,neutral
hope,neutral
agent help person front finish walk away guy behind shocked,negative
connection ord exact plane checked carryon apparently taken amp left chicago pretty ridiculous,negative
encouraged ill cpap tonight,negative
yes file claim soon carousel stopped without bag got email found sched delivery,negative
idea monitor mileage member travel pattern enough know change jobslose statusand make transition easier,neutral
delay dencle manually enter baggage tag really worst cust service day ker friendlyskies,negative
tell u flight delayed tell u time min spare dont say delayed unless youre sure,negative
yes lusaka zambia guess bag never made plane iad,negative
flight voucher,neutral
late flight denver late flight newarklets even get disaster checking bag unacceptable,negative
let dont think ive ever flown problem worst airline period,negative
yes filed claim amp hope receive luggage ridiculous purchase item go sleep amp reimbursement,negative
ua ordlhr bag loaded min late flight frigid air cabin plane feel like falling apart upgrade long haul fleet,negative
flight attendant never served beverage tea checked give ua notcool,negative
load balancing system apparently systemwide major impact united airline flight cyberattack,negative
unscheduled refueling stop missing connecting flight r home n looking ward bed big pbampj sandwich,negative
spent hundred rectify situation guy go quiet,negative
ua sitting ewr nearly hour sked pilot say computer clue leave help,negative
thats end come traveled literally extra day half,negative
made upgrade list fly st tomorrow min first time ever 🙌 statusmatchpaidoff,positive
refunded u vacation get free room night make making u sleep dia,positive
thanks reminder fun ride,positive
received luggage also looked left snow arrived im asking people refunded,negative
updated aircraft wifi device entertainment outlet dont get charge device,negative
one scan inside plane asked people line around plane going,negative
gate change two delay even crew think airline suck,negative
im frustrated wasted day due equipment failure,negative
computer stopped giving update took flight info app thats ridiculous keep people updated,negative
soooo day youve offered response assume poor treatment gate agent norm,negative
terrific many thanks looking forward back ua tomorrow great flight vancouver,positive
call resulted hr hold time amp day wait check suspect code share fare nothing investigated—my time wasted,negative
taken week cust care respond case requesting refund wifi working get update,negative
appreciate effort getting home,positive
thats correct—ive spent hour trying book online receive error clicking final purchase button,negative
today finest could prevented one gate agent advising passenger,negative
real deal delay flight ua denver vega,negative
ua madrid arrived agent mass confusion sent fro ua employee maryjo rude unhelpful,negative
system failure bad trend software project like flying airplane there thing emergency takeoff,negative
lot report system failure delaying flight last week currently sitting tarmac ogg hour,negative
rebooting chicago dispatch system need im tired sitting plane,neutral
despite shaky connection look like ill get home tonight great job touch go,positive
however completely control—the price still displayed,negative
aircraft closest gate flight one closest gate going chicago,neutral
tell file claim clothing purchased,negative
comically return flight ase two united flight boarding adjacent gate clear plane board,negative
grkm file reference,negative
wouldhow contact discus poor experience customer service would give shot,negative
ua pacific rim date night cut constantly randomly one spot repeatably,negative
trying since file report,negative
send email bad experience send back generic response yet another reason ill never fly,negative
mom left kindle flight today burgundy case light seat anyone find,neutral
ticket please refund unnecessary upgrade fee,negative
horrible lost carseat expect u use loner carseat safety regulation say illegal use used car seat,negative
thank,positive
decision decision wed love try service offer status match kp”,neutral
need info great amenity kit pjs included status match aa kp”,neutral
dont care link showed wrong price site—its site amp responsibility ensure correctness,negative
flight lie flat seating stl pdx around date march,neutral
need get home th theyre telling itll th night compensation anything done,negative
“ baggage fee waived premier member please see jp” whats point membership,negative
wonderful bag claim people finally bag catch earlier flight original flight landed wastedtime,negative
dmed thank,negative
thanks well touch,positive
thanks karen salisbury iah amazing customer service found daughter bag lost ua made day,positive
day late flightr bag left iad united helping everyone tell different story,negative
hi direct flight houston reno begin dont see day march,neutral
like continentals chicken feat fair,neutral
assist current flight status flt dfw tomorrow,neutral
left comment customer care thanks contacting,positive
lose gate checked bag den ord direct flight ugh,negative
caught earlier flight ord gate checked bag youve lost ohare original flight land minute frustrating,negative
yes thanks much 💜“ see spoke reservation team theyve reinstated flight thanks ey”,positive
captain behalf front office welcome board never heard laughedhard funnycaptain,positive
please follow dm missing bag,negative
clear luggage comment referencing photo attached flight jac,neutral
great fare,positive
left item plane calling non stop one answering please help,negative
awesome ill book next christmas vacatinn december way want devalue mileage plus,positive
whats good number call speak someone fix people luggage saturday,negative
thank u secured room night thx helpful customer service rep n dorns thanked u goodenoughmother,positive
wheres damn bag,negative
well someone tell employee denver baggage claim still bag,negative
greeting ua club member idea use air canada lounge yvr flying ua tomorrow,neutral
mexico international u,neutral
diverted missed connecting flight told bag way msy people cared,negative
male agnt la threatens canadian cust cust take pic gate agent announce cant help rebook friendlyskies,negative
want go home tonight cancelled flight last leg reserv wout permission phrps,negative
stressed rude agent overwhelmed delyd flight lasden yelling several people pretty friendlyskies,negative
landed boston last night hour traveling rough tho,negative
fail cancelled flightled flight frm gjt used reserv home iah sea reflight booking problem wout permission phrps,negative
sent thank u rt please dm confirmation number reflight booking problem needed thank ey,neutral
made fly list airline wait connector late flight stuck iah,negative
what’s deal u provide voucher overnight cozy floor ohare gross helpmeplease anyonethere,neutral
also mere fact go online issue statement vice calling talking directly one good example,negative
thank flew newark vaileagle,positive
weekend dealing company would say otherwise,negative
flight gone got plane businesstravel goodenoughmother,negative
proper response sorry wait flight look issue thats would handle,negative
customer service terrible stood inline hour flight hour late flightr still bagdisgutedindenver,negative
please upload march ondemand entertainment listing website ✈️,neutral
inadequate accident,negative
denver international airport,positive
thank responding quickly helpful tool,positive
boarding time show min gate agent started showed check bag,negative
agent la letting customer know cant help rebook delayed flight den unfriendlyskies,negative
empathizes w disappointment stclass flight wnonworking entertainmnt worth unfriendlyskies,negative
doesnt work,negative
seen message today mcdonnell douglas dc model hear read goodnight,neutral
searched mileage ticket bom couldnt find single one saver award see play earn mile cant use,negative
flight arrives minute early wait hour bag,negative
thats issue fact one even called despite promise confirm bag location,negative
whats girl gotta get flight name change bought one mean ex boyfriend need girl trip stat,neutral
thank signed notification shall watch wait ❄️❄️,neutral
still waiting hear back wallet stolen one plane would appreciate resolution,negative
would love someone could get back austin tonight wish wait til tomorrow morning,neutral
lost baggage… heard different thing different employee said nothing,negative
c think mile repair damage done interesting travel exp worst flight ever,negative
flight dfw tuesday far advance give notice cancelled flightled,neutral
signed notification first trip updated sure happened,negative
thank took care everything made right thats experience im used opened app find flight changed,positive
line response im waiting tomorrow morning flight overbooked,negative
took exact aircraft lax day ago fit problem agent today told nonsense policy change,negative
helpful agent club helped baggage fee night lifestop business,negative
never heard,negative
doesnt charge ticket change fee incur mysterious cost incur,negative
exhausted amp frustrated link fb post abt travel issue,negative
denied getting plane wo getting chance prove fit im rookie read bio,negative
thats exactly point fit im premier access boarding group return ticket ive yr,positive
ive never experienced worst customer service placing blame codeshare partner assuming responsibility unacceptable,negative
currently board check terrible staff rude expensive luggage thrown around etc,negative
fucked voided ticket kept money even apology never fly airline unitedairlines,negative
worst customer svcs kevin rep call center must investigated baggage lost there help argument,negative
sell ticket terrible service ua staff cannot reach silver,negative
got demoted gold cuz hubby got pqd tho enuf spent goldsspousaldiscriminationangry,negative
thank,positive
direct flight belfast intl newark resume winter break thanks,neutral
favorite way travel thank,positive
yes awful weather appears get home,neutral
yes lot terrible customer service newark despite raising complaint ignored hence tweet,negative
lovely new plane lga ord power outlet,negative
tweet id number wont reveal home address anyone web,negative
filed delayed bag report saturday flight cancelled flightled never went anywhere,negative
person currently bettween gate lax,neutral
need land ewr baggage claim file sent employee droppeditoffyet,negative
rarely cease amazefor worse hope last time fly,negative
thank quick response cannot dm follow well,neutral
icloud yet please help,negative
need phone number baggage claim lax mom left phone someone called saying would put,neutral
response back,negative
atrocious customer service,negative
honor absurdly low mistake fare vía,neutral
albanyairport delayed departure check bag gate claiming space filled walk open space delay poorcustomerservice,negative
cancelled flighted flight reason amp phone hour vacation,negative
thats response shaking head back forth tsk betterfrom customer service apology,negative
thanks k mile rtb europe multiple destination could stop u wayway back mileage diff,neutral
course bag frustrated,negative
worst avoid like plague,negative
worst airline world,negative
someone need dm resolve correctly extremely disappointed service received terrible management,negative
premier gold desk change flight waif fee give wrong flight jana acosta salt lake refuse service angry,negative
give one thing consistent unfortunately consistent job well alwaysdelayedonunited,negative
right im angry,negative
first time flying united also last time terrible back branson virginatlantic unitedairlines,negative
used committed continentalairlines flyer merger remember switched communicationfail,negative
least could offer ticket coach instead cancelled flighting reservation glitch notfair,negative
im saying made flight poornoncommunication unaccounted lost time amp lot frustrated flyer standing around,negative
think dm would better,negative
gate announcement state delay due maintenance yet app say late flight arriving aircraft tell truth,negative
easily worst company ever experienced lost someone personal possession amp couldnt care less,negative
app show arriving aircraft early departing flight delayed due late flight arriving aircraft,negative
already airport hr late flightr still guy really killing today trying stay positive,negative
uniteds service level reach etihad let realistically lufthansa ill consider,negative
really someone called sick someone forgot call replacement hour late flight take theworst,negative
asked flight attendant typical compensation would amp say might get free tv unacceptable,negative
done,neutral
thank jh appreciate prompt responsesme passenger,neutral
disappointment today simply put rather unpleased thing currently flight delayed cant wait get home,negative
round trip nonenglish speaking friend stranded twice hour time staff member rude,negative
found group people actually hate people isi thats right united airline,negative
nope walked amp orf terminal amp united agent found showed last minute board u many panicked people,negative
thank,positive
time finally get dallas could driven less frustration cheaper,negative
im trying get final destination need compensation hr personal time wasted,negative
guy really customer service cluecould spent effort clearing bin rollerboards instead art project mine,negative
priority iove,positive
pleased premier platinum,positive
put bag plane seattle flight waiting line talk someone bag status matter,negative
hahaha werent american company would say great sarcasm,negative
think actually like screen 😃😃😃,negative
apparently asking people board planehow big miscalculation made,negative
shame choosing united may difference reuniting aging friend never seeing poorservice,negative
hi guy general enquires email address please thanks david,neutral
checking status claim going month attention upset,negative
flight delayed due maintenance lit caused miss connection iah msy help,negative
unitedairlines pls fix aspenbaggagefail issue pay way aspen flight cancelled flight left u cold den,negative
read bio see work never encountered airline disappointed understatement,negative
customer care email phone rep speak many issue cant placed character,negative
thank “ certainly take look please follow dm confirmation number assistance jh”,positive
process recovering car rental condo rental florida called united alternate flight noanswer,negative
buying yo seat leg intl trip car seat required allowed child still sit wmom takeoff,neutral
thanks listening definitely person line thought absurd,positive
weve waiting tarmac gthr apparently ua overweight amp returned gate wtf fb,negative
thank mention boarded asked person measure bag another woman men asked,negative
cant leave tarmac uniteds gate agent cannot agree head count min counting people max epicfailunited,negative
thats real dedication amp concern apology dont fix issue miserable issue ive past mo,negative
blocked dming would rather complain public forum,negative
ok submitted thanks opportunity give feedback,positive
big thanks m winston assisting phone baggage claim issue today really went extra mile,positive
soon done article thanks tom,positive
booked flight charged twice mean cant redeem cc point properly would gone elsewhere,negative
weve ton problem getting bag given run around day whats,negative
pedophile airline split yr old daughter row apart flight boston,negative
waiting day military bag airport hour away horrible,negative
arriving minute early nice equipment isnt ready waiting minute luggage far time gain wiped,negative
musician real dirty lax ive never blocked getting flight bass,negative
im rebooked line people deep,negative
playing along home,neutral
yes said took hour,negative
whose pay actually fly k year deserve better service cc holder,negative
ok thank help,positive
happy flyer ua flight sfo cleveland sunday stay tuned blog article,negative
thanks question wait time baggage ua,neutral
flight plane sfo den basically time,positive
thanks program comment system assigned seat behind even though pair available changed back,positive
min delay flt sfo load pax make sense strand many u overnight ord due missed cnxns,negative
head didnt check bag checked arrived arent claim people bag,negative
must drone “ understand frustration bag team working hard get bag,negative
change made hour something taken second online thrilled loved agent though,negative
flight attendant doesn’t understand understanding english doesn’t mean deaf stop yelling english slowly,negative
appropriate ask public hence dm united employee new answer process hassle cancelled flighted,negative
well thats big dont terribly high expectation point,negative
like youre trying make hate airline fee checked bag thats never mentioned ticket rude agent 👿,negative
nice app say u delayed weather pilot say waiting fuel one ur control one,negative
please robin ewr premiere desk helping get earlier flight work huge thanks,positive
ok thank provide complimentary hotel accommodation since ill stay overnight,negative
originally trying share detail link jimmy samartzis vice president customer experience sent expired,negative
really hr delay gate change amp boarded u sent u back amp boarded u wont change flight go,negative
would help integrate app activate surf,positive
ac went minute returning mojave desert pressurecooker heattrap,negative
nope still one helped giving united badservice,negative
jon thanks,neutral
airline cause missed connection u would think would take whatever step remedy screw,negative
id thank didnt help taking hour reply get message middle night isnt actually helpful,negative
flight ua descending farce havent left ewr yet going get worse,negative
told due ua fly direct dublin go london complete shamble,negative
min ewr baggage claim stillnobags ridiculous,negative
flight booking problem travel writer trip hosting need happy land cute pjs aa,neutral
dont see aa,neutral
find thanks,neutral
standby denver delayed confirmed aspen whose flight cancelled flighted day confidence,negative
yes ambut back plane delayed due baggage loading issue,negative
pt u cancelled flight finally got stndby pm flight day missedwork clientnothappy,negative
thank kindness agent went amp beyond get stranded family home,positive
dont see justifiable cost get early flight seat airline charge conveniently get passenger early,negative
woke notification flight moved hr early barely made flight hr layover sfo wanted hop earlier option,negative
delayed baggage claim land hopefully bag isnt broken damaged lost wc result complaint,negative
done want send screen shot second call minute,negative
look beauty 😉 dc united airline 😉,positive
thanks ill fill form soon land dont like duped hope appreciate feedback amp better,negative
line denver rebook due weather issue better,negative
one suffer understand delay dont understand trying speed process delay extent,negative
cancelled flighted flight late flightr agent claimed put new flight cancelled flighted coworker got flight delayed,negative
urgency ridiculous ceo claim customer focused yet delay happen plane sit customer,negative
wasnt asking full refund delaying hour giving reason enough give partial credit,negative
flight scheduled havent moved never flight everyone moved without sense,negative
ok thx,positive
cant dm here confirmation gcvwj please way make kailua tonight thank,neutral
go hell,negative
since bulkhead seat cannot bag floor dont u reserve ohead space seat b ua impressed,negative
definitely,neutral
would helpful could refresh boarding time info boarding pass delayed flight,negative
flight far year delay including cancelled flightations late flightst reason crew needed mandatory sleep mexico,negative
great hear thankyou much greatly appreciate reply feel much settled,positive
counter agent rdu deserve medal thankyou,positive
saga bag delay w reunion forced go shopping stay tuned,negative
flight ord gate agent tried prevent taking onboard bag ive used year flight crew reasonable,negative
thank literally called preboarding ran,positive
guy split charge credit card making unnecessarily expensive people fly guy pt,negative
ua feb point overselling flight bad making people wait hr kick boarding worse,negative
thats brilliant thankyou much classed part carryon,positive
gate ua leaving,neutral
thank listening compliant right thing appreciate working,positive
weve since youve cancelled flightled flight twice,negative
chance wait ord afternoon another flight screwed hold,negative
ua wait im ground trying get gate moved b crap,negative
mex nrt date tbd im getting usd difference quotation september compared mex bkk,negative
fails save day,neutral
better keep connection ord fwa board ten minute open get plane landed hour late flight,negative
united gold number ive hold minute think may lost nowhereland gold reservation help,negative
great im ready go home,positive
wow even answered back awesome thats customer service usairwaysfail,positive
first time flying u medical info looking practical like adapted seat cushion allowed,neutral
noooooooooooooooooooooope,negative
oh sure planned occurs absolutely consistently usually yyj flight thats cancelled flightled daily,negative
outsource united airlinesyour customer loving outsource outsource outsource,positive
hi im flying sfolaxsalclo connecting time lax hm enough time collect bag recheck av,neutral
thank need follow back tho otherwise cant dm x,positive
getting better id suggest get senior manager gate retrain gate people,negative
state faundation faith judeo cristian ideologias,neutral
nothing like supporting mechanic maintenance workersinstead united put video timco wifi,negative
sent thanks,positive
already missed connection ugh,negative
sure show video outsourced favorite timco knack substandard maintenance work aircraft,negative
formally complain customer service handler misconnected denied boarding amp lost bag help,negative
lot unhappy cold people bridge freezing temp hour given info,negative
flight iadsat outdoor track hour,negative
seriously wifi hr flight clesfo youre airline wout wifiand pls unwind b,negative
u would able rebook get home sooner hr delayed flight linesforever customerservice fail,negative
youre reason whole travel experience nightmare,negative
pointless tweet least asked follow try resolve,negative
thats even apology,negative
thats cool,negative
seriously wifi hr flight clesfo youre airline without wifi,negative
b boarding attendant took shoe ampsock desk showed agent foot gross,negative
able see seat open another flight,neutral
unitedairlines pm ord abq cant even take walk without missing change,negative
hopefully baggage fee waived tomorrow actually get flight well compensation hotel room,negative
either fine however plundering hardearned dollar fine,negative
hahaha least gave u refund,neutral
sfoyyj fight cancelled flightled several time week even bother,negative
waiting new pilot door plane broke global service status airline thats unsafe stunning,negative
get reimbursed hotel taxi cancelled flightation,negative
awesome flight crew ua plane jurassic period called want dinosaurplane back,negative
united unable look flight reservation passenger name yyz checkin counter wow smh customerservice,negative
eticket refund request case id,negative
phone hour customer service cant figure awesome service,negative
really know piss people farelock option fake,negative
last week shanghai sfo delay hr bc engine today sfosea delay sick pilot compensation care,negative
thing confusing lost priority boarding im mileage plus card member 😔,negative
hoping hear actually,negative
shes rescheduled today frigid cold possible reason maintenance could issue day,negative
fact international bag sense whats going maintenance,negative
b contacted directly phone service laissez faire best problem isnt cancelled flightled flight,negative
shes international phone fritz get chicago nearly hr away figure everything,negative
sorry delayed response ua chicago san fran held almost hour tarmac also lost bag,negative
okay thanks could please update told airport someone would call today havent,negative
thank much help pick bag aspen airport amp coming today flight,positive
gate c iad u released passenger board wothers deplaning peopleon bridge next flight board,negative
id say public cant extend vacation week point advertise multiple flight cant honor,negative
cancelled flight flt ewr crewtells wife amp yr old get ny catch yyz good customerservice dead,negative
arriving day half late flightr supposed lesson day dont believe verbal written confirmation united,negative
received confirmation via email confirmed ticketed flight,neutral
arriving airport hour departure time still missing flight bc actually dont electronic ticket,negative
hour delay nothing say sorry like voucher missing time family family precioustime,negative
speaking united customer service rep night flight confirming everything ok reservation,neutral
two whole people trying schedule flight worth missed connection shameful,negative
unfriendly screw family hate kid mom waiting ua pray better fyvrfn due agent error tickt,negative
gate agent ewr disabled wheel chair time board please step step lol,negative
wont helpbeen done,negative
force u check baby bag overbooked flight complains wife need much baby united baby meal,negative
would love help getting today ewr take airline connection thx,positive
today take flight san francisco refuse let u board baby early time board wont let u take baby carryon bag,negative
four scheduled flight reservation literally take one unreal,negative
ord hotel issued yr old ticket needed fixing another hour agent lr nightmare still,negative
hour rebook hour lr problem arrive gate stopped cause infant sitting yr old lap,negative
arrived yyz take flight taiwan reservation missing ticket number slow agent sukhdeep caused u miss flt,negative
thank,positive
thanks update,positive
three people awesome working long hour easy say sorry twitter help ppl,negative
guess excuse understaffed costumer service people deal lot angry passenger weather,negative
cancelled flightled wife daughter flt whats going follow dm detail,negative
departed awaiting inbound plane yesterday three hour never arrived stay overnight,negative
unitedairlines way ord abq anytime within next hour,neutral
confirmed seat crisis averted beer wont missed,positive
english ill dm though dont think youll make plane appear,negative
look like today th consecutive delayed flight youdo win prize air dont fly sba 😭,negative
sitting plane pilot thanks waitingonapilot denver siouxfalls whyairtravelsucks,negative
understood thanks tried reaching sooner,positive
already done answer got oops give mile sorry pay discomfort h,negative
received hotel food also email mile last trip hr delay mile less cancelled flightlation,negative
know ua delayed x getting crazy ive already overnight delay unitedairlines,negative
follow back ill give detail,neutral
frustratingly delay happened either gate even onboard aircraft head advance,negative
den b agent amazing mpagent check suck,positive
ua also delayed hour stretching trip way past midnight extremely exhausting,negative
ha… rebooked hr layover amp robbing night family late flight fly time,negative
switched fly united delta past two trip disappointed ua delayed hour,negative
traveling injured gate agent chicago awesome helping ty roadwarrior,positive
unitedairlines long delayed,negative
isnt flight status updated delayed ua board,negative
paid economy plus put last boarding group gate check bag know better,negative
travelled scl iha feb ac sit l night complaint fa never gave real answer help,negative
suck hour delay,negative
worst airline world crap website worthless app late flight flight suck shut,negative
scott need good book suggestion,neutral
jh thanks much reaching able get assistance waiting minute,negative
stand still pilot paperwork fix min problem fixed min ago flight delayed,negative
please see dm,neutral
reasonable wait min bag made check flight staff couldnt police overhead bin,negative
please msg customer service invoice dry cleaning wont able take wet clothes airport,negative
hour delay cant print piece paper,negative
still response,negative
people mci del preferably jet airway ewrbrudel segment anytime december,neutral
able get seat assign without paying cust sec done,negative
reference number agent told drive airport cant reach anyone deliver,negative
slightly better crew spent long time searching better altitude would helped let pax sharp drop,negative
credit card charged transaction told would charge go contacting,negative
pqms pqds longer showing correctly mileageplus acct get fixed,negative
thanks,positive
sfo bos internet give,negative
worst worst reservation policy worst costumer service worst worst worst congrats youre bad,negative
trying makechange reservation getting extremely frustrated giving trying another airline,negative
got email update still eta communicationdetails apology info compensation right would go long way,negative
late flight crew btv last nite delayed today flt miss connection cun play hotel tonight ewr,negative
arent called check worstcustomerservice,negative
passenger rerouted match intended arrival time even incur cost put u airline,negative
solved finally picked second time called thanks response jh dulles work,positive
need work united flierfriendly program least clue flight attendant,negative
space doctor note everything first trip lost first suitcase among issue pleased united,negative
new flierfriendly garbage cry get attendant find place medical supply limited overhead,negative
epic fail jetway min tarmac,negative
gate iad rdu,neutral
thanks link finally arrived brussels h schedule,negative
operated ber newark zurich replacing ber maysep instead till oct avgeek,neutral
nd flight two week lost bag taking k status neveragain worstcustomerservice,negative
hi phone number reservation venezuela thanks,neutral
request ticket change twitter,neutral
ua flight nightmare poor customer servicehaving confirmed seat given away issue,negative
start daily ber flight newark milan malpensa replacing ber apr instead mar avgeek,neutral
start daily ber flight newark frankfurt replacing ber jul avgeek,neutral
best customer experience via twitter huge fan,positive
thank response,neutral
flight last night badbusiness long time recommend united anyone,negative
beyond frustrated sked change seat earlier departure double layover course seat cust svc help,negative
working lisa j ord shes working hard u still disappointing ewr,negative
love new st class breakfast,positive
emailed customer care via website form long wait rachelle resolved issue im still irritated w united,negative
flight cancelled flightled updated one get bwi late flight id fine dca iad arriving earlier help,negative
jj standing joking finding humor,negative
left item n seatback ua way call dca ask item already submitted lost amp found report,neutral
point made home,negative
dmd child birthdate full name,neutral
thanks looking getting back via dm glad hear bag finally delivered thanks,positive
would like talk customer service agent service non service received last flight week go j,negative
cancelled flight flight wait line get rebooked im front make go another gate lose place,negative
wasnt comment question thanks copy paste response,negative
lisa j amazing guy much,neutral
failed last week iah next intl trip delta small ual flight lax booked thats,negative
supposed board brought plane hanger wtf know flight laxewr,negative
flew sdf atl tampa delta left early arrived early crew helpful wifi worked,positive
two year old birthdate,neutral
starting without robotic response,negative
already,neutral
cant control turbulence control customer experience lot scared people,negative
currently ua minute worst turbulence ive ever experienced zero communication flight deck,negative
yes looking ticket agent terminal dismissed u missed chance miami flight dr,negative
told twice issue resolved twice write email bounce worstservice,negative
flight let go look like clown one giving st class,negative
would cost,neutral
im hold th time waiting resolve issue flight yearold son terribleservice noservice,negative
cool thank,positive
ive got campus visit hour im still wearing clothes,neutral
adopting yr old child ethiopia flying add grr need add child reservation get cost help thx,neutral
id like thank recognize terri p dulles going way get back raleigh flight,positive
freq flyer make sad see cust needing assistance treated poorly servicefail,negative
good morning first class upgrade available ua feb rsw ewr need seat please,neutral
day saga maybe theyll finally make homeintentional gonna get back vacation day badservice,negative
thanks im sick company lousy excuse customer service im never flying united,negative
current hold time speaking rep tix reissued min long amp make option available online,negative
understand ppl make mistake dont code something way cant get reimbursed fault blatant lie,negative
also forgot add bag probably going sit new jersey missed connection,negative
jxst today would great honeymoon delay put damper iy,negative
whats shared pilot passenger,negative
receipt upgraded return leg month late flightr still receipt,negative
book flight reserved seat go check find seat wtf,negative
theyre actually gate agent rude standing line waiting reflight booking problem missed flight sti awful,negative
im sure anything building time promise ceo service gotten worse,negative
wifi aircraft didnt work entire orddca flight morning,negative
cancelled flightled direct flight newarkbrussels last night hour behind schedule eu compensation would given u,negative
may dislike delay paid agreement paid got destination certain time,negative
epicfail cx flight frankfurt san francisco going chicago flight crew hour due deicing delay,negative
dm sent requested make sure follow back dm back thanks,neutral
im aware flight detail thanks three hour late flight crew could give less shit,negative
please help,neutral
making sure flight arent delayed due poor maintenance would start,negative
hilarious,negative
hahahahaha ya tried already,negative
ktn showing boarding tsa precheck applying boarding pas,neutral
bag may may airport unfortunately one airport picking phone responding message,negative
funny paid check bag flight begging folk check bag free hour flight notcool,negative
nope need little red stamp counter check wreck son,negative
wasnt trying cancelled flight trying change award ticket date place thanks sending link know fee,negative
unhappy new mileage rule main reason keep flying united take business elsewhere,negative
need assistance due incompetence need reschedule connection never fly,negative
youve officially displaced better flight experience pleasant cabin crew timeliness ua switching,negative
sitting middle first time hope work well,neutral
need bag bouncer get together,negative
learn book flight,neutral
going uniteds mileage program pay ticket get fraction pqd credit,negative
need retrain flight attendant saying room carry ons actually cool,negative
ua cancelled flightled delayed reflight booking problem still mile home least acknowledge cancelled flightlation,negative
never ever flight booking problem flight united affiliate chance get united flight,negative
able send dm good,positive
three delayed flight missed connection first class flight get compensation losing seat,negative
hold hour day sort told fine fine arrive fly,negative
almost week still word dot update london fare u city update end,negative
thanks got straightend last night,neutral
well start would nice ticket actually system change flight,negative
chance flight delayed nervous driving dfw weather drop brother,neutral
another awful experience victoria check desk stl could rude condescending,negative
want deliver house go sombrons else house,negative
michelle ord train staff treat customer refreshing pleasure deal,positive
guess follow order send dm tried wont send,negative
definitely sending dm,neutral
stopped flying yr ago bc aggressive policy carryon listening pssngrs forced chknotcomingback,negative
sent message bag tag looked,negative
group line get longer every week almost one left group anymore time make explorer card group,neutral
sent message facebook follow complaint missing clothing checked baggage,negative
check online still wait line hour check counter fuckinlame,negative
poor customer service think befor flight booking problem another united flight,negative
booked flight start red eye lax bos reclining seat lastflightwithyouever,negative
hi thank,neutral
efficient layout kiosksbag drop line would help definition space additional friendly helpful staff,negative
plane passenger boarding premier group might indication broken process,negative
news departure flight ua,neutral
ewr agent barbara fabulous example cust serv pleasure talking you😊,positive
cancelled flightled flight cause crew needed sleepbut totally okay wake let know cancelled flightled,negative
changed last name mileageplus acct site hour hold min day amp change yet,negative
flight landed hour ago flight cmhiad last night still bagcould driven cmh,negative
someone send note revenue management team ask open bf gf seat,neutral
update suitcase today please,negative
literally suck,negative
thanks upgrade today great way start week cc,positive
maybe hiring ground staff lax multiple gate agent tell baggage loaded expect hopeless,negative
basically need leave hawaii late flight evening midnight get back philly late flight monday night trip get tues,neutral
would encourage reinterview sole flight attendant ual buf ord blatantly stable uncomfortable,negative
second time flight cancelled flightled like really,negative
really st flt frm iad iah late flight amp going via nashville inconvenience downgraded ticket,negative
yes please going drive hour,neutral
impressed superfast reply,positive
hi jp help awesome tsa representative able get taken care thank,positive
first complaint filed feb th day still responsedisappointed surprised,negative
morning delayed hour get newark meeting,negative
please stop spending mktg branding ad use saving improve cxp hr wait luggage due short staff unacceptable,negative
child two year old,neutral
wife still doesnt luggage promised pm said way file number dcam fail,negative
trying change flight online got error help via dm,negative
followed dmd,neutral
staff rather efficient got u solution freaked little limbo air,positive
terrible,negative
united snowy denver,neutral
im glad didnt mean doesnt excuse inefficiency took min bag arrival flight,negative
attempted book ticket time kept getting error message hope didnt still charge,negative
… friendly efficient air attendant coach ua,negative
coach interior ua looked like salvaged tiny unusable video power amp lifevests floor ua …,negative
two dozen back line see single csr reflight booking problem final leg kiosk fritz,negative
plane newark checked rebecca levi bag name,negative
help add ktn reservation plz,neutral
aaaand hour late flightr wont catching flight til amstuck airport snowstorm hotelhows patience,negative
whats ua lax newark,neutral
ual suck,negative
happening delta took care u peace,negative
rebooked bos uggh hour bus wmass home could flown bdl amp back dc time unitedairlines,negative
lost bag never ever flying united joke,negative
appreciate changing time min multiple time hour flight annoying seems like clue,negative
missed ua connection due mechanical failure ua uplink prob lose client mon compensate,negative
youll hearing sure,neutral
jacked cousin trip portland cancelled flightled return trip united,negative
yes headed deice minute sent made austin waiting luggage,negative
ethiopia adopting child need flight home add grr late flight early need change existing reservation,neutral
cancelled flighted flight delay lost luggage youre worst disgraceful awful company horrible service,negative
doesnt help passenger arrived hour late flight,negative
minute tarmac thats hour delay,negative
glad took care rescheduling ua ogg cancelled flightled,negative
tried filling status match form got hit error message tell went,negative
flight going sit tarmac forever,negative
one worker refused give name reference note tone amp language unprofessional,negative
thats blame company every opportunity job managed fail time lazy reason,negative
wanna grand staff,positive
sf crew lack lot customer service lax employee lot better wonder,negative
thats missed flight flight held minute would made watched pull away gate,negative
also didnt ice frozen metal walkway wasted minute one knew simple job,negative
ground crew inept left truck sitting tarmac didnt gate agent got gate,negative
wanna ride united airline love airplane,positive
day flight cancelled flightled another delay hour united gave food voucher thats much value time,negative
checked security wrong name given wrong boarding pas airlinesecurity,negative
hell flight delayed since pm finally boarded sitting tarmac fampampcking plane ever leaving,negative
actually flight cancelled flightled,negative
loyal premier platinum member lack communication really bad also don’t see taken yet,negative
thanks changed managed arrive hour delay exhausted,negative
nd time rebooked wdelays reason unrelate flightd weather go requesting flight voucher,negative
consider min bag pm sunday night fast reconsider think mean,negative
horrible attitude staff delay level service respect one expects united,negative
want loyal dont let carry bag easily fit overhead,negative
ua flight sfo lax took carry gate im group overhead bin empty,neutral
top paid st class wife got stuck coach,negative
ph pat answer b denied boarding sat gate employee totally suck,negative
last week united provided worst customer service experience life disgusting united,negative
hr since flight landed zero info missing bag rough eta would hugely helpful restore confidence,negative
big surprise nogate waiting plane fucken issue everything fly fail worstairlineever,negative
belabor pointbut shouldnt able put laptop bag seat announced leave roller thx,negative
maybemange airline alittlebetter arrived lax gate howisthatpossible always thing wu,negative
checked united app valuable use app removed longer see status equipment,negative
even running gate connecting flight customer service let u plane parked stranded,negative
im desperately trying understand girlfriend treated cancelled flightleddelayed flight unacceptable ord,negative
nope chance airline messed way trip,negative
announce roller want put coat isnt choice gate checked thx,negative
youre early frontrunner best airline oscar,positive
bag left behind plane overweight great knew soon landed instead letting u wait minute info,negative
fampking joke customer service woeful staff tell passenger something,negative
sponsor oscar wonder half hour delayed oscar,negative
worked like charm bag waiting carousel got baggage claim welldone goodflight friendlysky,positive
lose bag wont give free pretzel fraud,negative
trying charge buck lowered award ticket want get hard earn point back total b,negative
asap mean two hour worth delay return terminal count luggage third time gottogetbetter,negative
apart hold hour talked people problem still resolved,negative
typical caned response ua fix crappy performing last placedranked airline century,negative
even legal guy advertise flight cant honor,negative
customer service worst hanging customer intentionally one hour hold,negative
forced book flight different date originally planned higher price felt like bait switch tactic,negative
love dont give shit people tried loyal screw every way till sunday glad ive stayed away,negative
tried different flight iahmnl flight advertised bookable due partner error,negative
different airline,negative
told case week still resolved,negative
clicked upgrade didnt upgrade give,negative
advertise flight still website still cant book spent hour united support,negative
tried book flight iahmnl departing returning advertising flight cant book,negative
booked flight view reservation mi connected first name problem changed,neutral
quick serious question resourcesratings showing quality service better th place,negative
get finally board ua,neutral
yes calling regard speaking someone even unfortunately bounced around,negative
flight ord couldnt let know found via app minute landing awful flight,negative
need help spanish,negative
disappointing experience plane mech delay next one didnt wait sincere apology told complain online,negative
lost sunglass flight okc iah morning takeoff way retrieve,negative
exception everything youve asked heh,neutral
ua denver austin still ground,negative
either staff whoever contract pvd failing big time tonight,negative
ua landed,neutral
considering currently gold make jump upcoming flight sfo singapore,negative
flight,neutral
worst flight ive ever ground crew ignored plane made miss flight cover cost hotel den,negative
customer arent dumb revenue based program hurt everyone gonna save money like think,negative
problem flight ua called rebooked found hotel taxi,negative
thanks help cheer,positive
bull crap spent recent trip thats small change got aa mile would ua,negative
yes terrible service courrier,negative
compensate u new clothes bet wont,negative
flight next two week let make good memory,positive
stuck ogg look like flight cancelled flightled help,negative
yea booked next avalible flight since sat time come plane nd day work missed hotelliving,negative
currently cry wanted ski tomorrow prolly boy tryna fulfill dream,negative
tried online tracking said something like attempting locate luggage,negative
worker told u call wed talking someone thailand,negative
going day tomorrow still havent received bag flight toronto would love see seriousness,negative
nothing compensation given circumstance feel like must something,negative
disconnect pr group actual business strategy employee attitude ground liar united,negative
go segment sfonew york rt delayed hr suck badmaybe another line bus,negative
really screwed dealing mechanical failure maui san francisco poor communication bad help getting connection,negative
dont like delayed bag let happen much,negative
delay due customer service people disservice provided flightfail hourdelay,negative
excellent reliable happycustomer,positive
united doesnt give shit customer,negative
funny none ur tweet back helpful want read ya well change customer get better service,negative
travelling melbourne australia bogota colombia tomorrow,neutral
hi relative flight booking problem number myyb name clarita jaramillo mejia thank,neutral
delivered thank making sure arrived doorstep,positive
really need get act together really disappointed change flight delayed flight etc,negative
rebooked oma mile destination spotty customer service get staff stressor come business,negative
airline always told u cant open cabin door closed plane done time tonight,neutral
“ looking reason travel quote,positive
cant find late flight evening flight airport would overnight flight,negative
thanks vague canned response doesnt address issue,negative
thats good enough u affected awful organization timing set back,negative
otis baggage claim bay happy nearly pissed,negative
time less important strandusindenver hourandtenminutedelay flightfail,negative
airline kidding bagage lost morning ny washington still trace badservice,negative
took hour half though,negative
never held plane hourdelay multipledooropeningandclosing dangerofgettingsnowedin,negative
got nothing dissapointment,negative
fucking bag fuck fucking bag tell give number call human sanm,negative
sincerely thanking pilot flight braving snow getting home amongst many cancelled flightlations,positive
made gate wouldnt let u,negative
time give k status switch terrible cant even describe,negative
thanks lol ua wait u per tail number ua,positive
suck flight delayed equipment probs miss connection minute wont let u even though gate,negative
going min waiting plane vacate gate findanothergate,negative
flight hr delayed far bc late flight crew literally waiting dinner acc honest gate agent,negative
many people ua going miss connection due long wait time sfo tarmac seriously u cant find empty gate,negative
youre trying solve problem making charging checked luggage force checking gate brilliant,negative
weve waiting min gate sfo yet many free excellence operational efficiency showing,negative
delayed due customer service huh,negative
poor customer service checkin kansa kci thats,negative
except delayed flight anyway,negative
maybe find different gate ua,negative
sent message irresponsible suitcase cannot found truly worst service ever fedup disastrous,negative
landed den time stuck waiting gate min maybe update would good idea capt,negative
wanted point one united crew sympathetic question unanswered mileageplus starting look like joke,negative
get explanation ua são paulo houston delayed hearing crew cancelled flightlations,negative
flight ewr mco cancelled flightled tomorrow rebook asking relative,negative
tell jet airway award availability,neutral
understand intent inconvenience catching cab back airport show wet clothes wasnt option,negative
chance flight ewr pit cancelled flighted tomorrow,neutral
rcvd promo booked flight silver status would extended dont flier sent didnt think id need,neutral
wife landed dc hr ago luggage told would b deliveredhotel pm pm luggage ua,negative
flight tomorrow,neutral
sure people row paid premium seat cant use overhead space,negative
cheap couldnt afford run ac ua took pressure cooker new level cheap worstairline,negative
sunday husband travel chicago he stuck tarmac amp miss connecting flight always,negative
well tell customer service rdu airport horrific exception ohare chicago,negative
sitting ual comedy error ual incompetent,negative
ua tonight told delayed due late flight crew idea crew coming staff unhelpful idea,negative
take look status sitting ord aint cool yo,negative
bummer thank quick response,positive
didnt time take wet clothessuit back airport wasnt going pay another cab,negative
didnt realize bag content wet got hotel sent suitshirts dry cleaned mtgs start tomorrow,negative
load plane ord knowing pilot hr late flight discover plane need fueled wtf united incompetent,negative
resolved im sick tired waiting want refund id like speak someone,negative
im really glad waited phone hour sent voicemail customer service suck nothing,negative
caused riot airplane never seen anything like,negative
instead sending inaccurate email delay every min say get get,negative
glad ive waiting hour minute ive transferred time without resolving anything worst service ever,negative
still need help hung twice customer service rep said way help gate rep phone rep,negative
let u know advance reboot yes thanks attentiveness,positive
lol little late flight,negative
yes bag came hr arrived baggage claim awful experience ground bhm,negative
delay due making back gate multiple time maybe take accountability,negative
give leg room people row fill bin pls start charging,negative
please tell clt flight need gate waiting min,negative
load u flying sardine knew pilot hour late flight incompetent beyond belief,negative
booked ewrfll first two let see compare garbage first class become,neutral
seat god awful,negative
good try got safer sooner,negative
wanted compliment ur phone agent jeanette reflight booking problem rdu sea thru sfo connecting flight thru ewr cancelled flightled,positive
hour min delay far would love round hour go bed,negative
educate bohol c wall volunteer staff help kid buy plane ticket cant help,neutral
need get albuquerque nm usa cebu philippine im providing educational help kid help,neutral
im ua direct tv isnt working avoid future,negative
truly drunk uncle boarding dont believe gate agent overhead full dont reserve aisle,negative
sure,negative
plane thoughtful enough ask got prob others also deserved,neutral
option co tonight doesnt look like ua make time ua reserve hotel room,negative
appreciated case waited extra minute lost mechanic fax log faxlike,negative
coming clutch finally taking home 🙌🙌,neutral
customer service suck hang waiting hour talking minute,negative
jp dm message cant get dm,negative
strike board anyone there something wrong plane common sense,negative
thanks miserable trip gnvltltltfsd,negative
missed ktm flight due ur cancelled flightlation mike supervisor disgusting day late flight apology upgrade offer lhr ord,negative
left ipad mcogtiad flight long hear back claim submitted ty,neutral
social medium team point oscarnight,positive
always happy start life new wife hr travel delay due maintenece would appear incompetence,negative
airline oscar doesnt carry abc direct tv fail cant watch oscar united,negative
last time fly unitedairlines screw every trip stuck ord miss work,negative
didnt know buying seat first class request sit first class interesting,neutral
understand intention pale comparison day lost wage wife delay,negative
need help missing bag,negative
given,negative
get stand list ase ord im poor person aspen thats im asking standby twitter,neutral
changed entire flight plan vacation alone day night early nowhere stay help,negative
ua heading back gate bc improper load ur packing u gill least take care load bag expecting comp,negative
worst airline sitting plane houstonbush airport hour half waiting late flight passenger,negative
might possibly worst service planet,negative
deceptive marketing practice promised booked flight would retain status granting neverflyunited,negative
hey many time change ua going tonight mia ewr,negative
would sent next flight haydensteamboat hdn denver im hoping,negative
pick bring shuttle went double check said still concourse,negative
honestly couldnt tell know originally going brought concourse,negative
missing day vacation see husband delay stuff happens get wish handled better,negative
ua different departure time wtf make mind,negative
thanks making everyone wait dark hour newark try figure gate go incompetence,negative
thank following,positive
claudia iah terminal b travel assistance set great service thank,positive
possible add known traveler number ticket flight booking problem,neutral
doesnt daughter booked gold member mile get upgrade list flight tomorrow,negative
award longer showing available could possible become available,neutral
flight dfw iad cancelled flightled mechanical get rental car mdtmy origin,neutral
help get iah sfo earlier tonight,neutral
point flight past week last one really suck shit,negative
thought american bad horrible service min late flight excuse,negative
ua iah gt sjo delayed like hour crazy,negative
dont know flight detail bc need explore option im unable bc site wont let meseems ongoing,negative
free wifi flight delayed min allowed,negative
told u wrong carousel number,neutral
thanks,neutral
cdglas hour luggage sfo ive wearing clothes hour thank flythefriendlyskies,negative
airline joke friend trapped houston since sat flight sight unitedworstever trappedhouston,negative
hate passenger,negative
plane sitting hanger day numerous mechanical problem doesnt anyone actually maintenance,negative
future delay cause hour wait slept night airport ensuring seating choice replacement flight would good,negative
flight delayed keep changing delayed delayed checkin time late flightr,negative
long day delay please get u dallas tonight finger crossed winterstorm whichisworsedenordfw,negative
flight time changed without official notification almost missed flight morning cool,negative
record denver concourse prior gettin shuttle want confirm location,negative
lax sunrise ual laxjfk,neutral
would next flight haydensteamboat,neutral
needed steamboat meeting pm took shuttle united customer service people said bag would,negative
good word describing angry pissed customer made,negative
late flight huge step towards decline service agent arrogant ever unitedairlines,negative
denver baggage handler totally impressed u today lung barely made run connect bag problem den,positive
flight newark stuck runway miss connection sorry inconvenience,negative
false,negative
sitting runway newark wont let plane gate connection board minute hate u,negative
thanks first time united lounge felt welcomed,positive
ana ticket holder get use lounge u united booked u grumpykim,negative
good evening ua assist issue via dm,neutral
never flight delayed hour due unbalanced load delay great job idiot,negative
failure unitedairlines,negative
cancelled flight flight anytime keep night,positive
guy suck delay get er didnt even curtesy let know unitedairlines,negative
unfortunately bad experience flying saturday inpolite crew bad delay,negative
seriously min plane bhm min baggage still bag worstairlineever,negative
thanks updating hour delay exact second got atl 🙅🙅🙅,positive
nippon booked united replace one missed,negative
subtlety gate change kidding,negative
good yr friendly sky relationship day agent told im canadian thus good enough military preboard,negative
yes trying upgrade seat available spot,negative
“ made come help anything jp” inconvience,negative
“ made come help anything jp” free ticket convince,neutral
“ made come help anything jp” service hasnt great,negative
think im flying help,negative
resolved hour work ground amp somehow system reset takeoff appreciate quick responseservice,positive
always fucken nightmare airline fail lazy alwayslate flight worstairlineever,negative
told checked soon allowed seat available plane except middle,negative
everytime fly ur airline hate even thanks terrible service flight,negative
really bumped gold status asked pay keep get fewer mile worth,negative
always surprise awfulness airline guy suck worst,negative
would get early enough green tag go otis would still sitting ord,negative
add earlier tweet daughter th bday present thank hard work making happen,positive
guy named otis ord know customerservice able get bag upgraded sure,positive
tweet bot obviously dont get sarcasm making computer like real people,negative
wonderful job today got wife daughter pgh orlando flight delayed luggage,positive
customer service whats,negative
overflight booking problem plane departing delayed returning quick fix amp breaking attitudycustomer service worstairline,negative
faa invest near miss ohare runway last wk,neutral
pay cab back airport show baggage dept wet shirt suit viable option nd time happened,negative
thats said year losing customer,negative
ua elite gold ua chase pres plus credit card many eqms need get platinum elite,neutral
lack customer centricity u astounding,negative
,negative
would nice partner ticket dont provide full pqm credit obvious purchase lost mile,negative
nope even better seat due wampb first raise hand got move wasnt fast enough,positive
maintenance issue flight issue passenger miss connection needing get,negative
look beauty 😉 dc united airline 😉 hope like beauty 😉,positive
seriously whats slow wifi flight speed going change worse price shouldnt go,negative
hour gate plane late flightr still update explanation apology worstairlineever unitedairlines,negative
gate attendant snobby remark customer service like playing poker sister kid,negative
poor cabin luggage service ua bos forced check even empty space bag overhead,negative
click link want flight info havent booked flight yet read waive fee military true,neutral
still heard anything anyone,negative
every time search flight site log give error message book different airline cancelled flight card,negative
last seg flight denver den haydensteamboat hdn got cancelled flightled need help finding luggage,negative
hour late flightr im siting another plane waiting leave think credit order terrible service,negative
ill let know week next another coastcoast rt,neutral
waited min bag min flight nomorecheckedbags,negative
let also pls inflight live tv ua denewr watch oscar,negative
​ cancelled flighted arrival shv tonight amp st departure flight mon feb rd check airline flight status,negative
lovely part long day attendant ua ua beyond exceptional today givethoseladiesraise,positive
open seat st class ua way honor upgrade policy freq flyer andor honor employee upgrade,neutral
trust enough put coat checked bag,positive
yes amp theyre unsure would comethis never happened airline first time disappointed,negative
course interesting united doesnt seem good sense whats happening flight,negative
pushing five hour time worth nothing reflight booking problem option unfortunately,negative
finally made rep solved problem,positive
guy complete as,negative
thanks gate agent extraordinaire seau fong helping get rebooked boise hopefully home nyc sometime tonight,positive
agent working slowly rebook people ua wasted entire day stt,negative
thank yall amazing airline know treat customer guy rock,positive
friend flt ase denver cancelled flightled tomorrow help rebook,neutral
plane came broken seat rather fix put broken sign separated kid,negative
worst flying experience ever tried blame atc watched load bag min boarding min late flight,negative
used still let listen flight radioi often didinteresting tcmparty cek daysofoscar,neutral
went customer service kiosk able help still thanks following,positive
read day travel change policy,negative
bw literally smallest seat ever dad got stuck tiny bathroom ad well disspointed premierk,negative
got zero voucher hotel cab expect serious mileage credit,neutral
nope set thx checking,positive
plane,neutral
flight already cancelled flightled morning snow storm denver im dc waiting pilot get,negative
still suck dont understand two cust service agent long line houston international b gate unitedsucks,negative
frustrating flying experience one continuous dunno time leave today dunno thats code,negative
denver ap gate b destination santa fe agent ashley amazing job face angry traveler kudos,positive
united flight ever time americanisbetter,negative
id rather spend two day back seat volkswagen two hour plane disgruntled whatacluster,negative
flight supposed depart boston departing due issue finding pilot thanks lot,negative
suppose customer enjoy screaming toddler problem someone complains,negative
could give free flight life id still choose purchase ticket competitor,negative
first time flew united horrible thought would give second chance third disgruntled,negative
flight san fransico jfk evacuated,negative
jackson wyoming delayed pilot full toilet deplaned ndary mechanical fail cancelled flightled flight pending,negative
far worst airline ive ever misfortune flying country ive flown outrageous,negative
want bag flight,negative
thanks causing u miss connection hour delay flydeltanexttime,negative
see talk military baggage fee please guide thanks,neutral
hope lose next govt contract,negative
lost bag flight chi eri landed hr agoyet still zero update unitedairlinessux,negative
send confirmation number get home safe sound pay expensive service,negative
bag state didnt travel airport dont fly look like itll never show,negative
ridiculous refunded whenever get final destination,negative
stay h traveling an sleeping airport floor,negative
seriously ua delayed copilot isnt hour flying raleigh disappointing,negative
seriously complete b,negative
weve waiting hour luggage give,negative
costumer service denver intl airport ridiculous bad,negative
lied face gate upgrade thanks badservice unitedsucks,negative
proof situation due company mistake,negative
ouch fair,negative
synonymous rude cheap really dont know value customer,negative
go back home use company available unfair stay h traveling,negative
miss oscar ill never fly united,negative
stingiest airline nobody model ptfo cheap bastard stingy,negative
flight delayedagainevery time maintenance issue,negative
fine automatically changed connecting flight wouldnt miss work,positive
yes ride home would perfect fete one would assume possible charging domestic flight p deplaned,negative
ill calling tomorrow,neutral
denied upgrade catering issue poorservice,negative
excited barrel sky mph ton piece metal operated company cant get tiny tv work,negative
heard vouchermiles credit cancelled flighting international flight yesterday didnt get email,negative
maybe dont play video flight outfitted w wifi flight wifi isnt working✈️,negative
line baggage system complete rubbish bag missing day meaningful information,negative
still flat tire policy shuttle broke way ord probably miss pm clehelp please,neutral
thanks able app still customer service seen yyz,negative
thx response finally got min wait talked someone,positive
unhelpful,negative
would take voucher offered miscounting seat plane mean would fly,negative
first seat open ua upgrade processed gate agent said busy cool,negative
flying la vega chicago flight late flight announcement made,negative
believe cancelled flighted yesterday guess go back notification united cancelled flightlation,negative
case youre reading ua right many oversized carryons taking much room enforce rule,negative
airline pay extra get better seat time board overbooked flight there overhead space,negative
okay requested follow,neutral
thx dmd conf mqxc amp mpwnc help appreciated,positive
make sure take care team amp team,neutral
delayed hr flight pitiad finally board plane sit half hour amp crew hr limit amp deplane unacceptable,negative
stuck yyz staff took break happy k,negative
personal device entertainment system great app crashing every min im glad free,negative
pls stop sending text every min saying flight delayed another minsits hr usually defend u lame,negative
agent use bathroom boarding toilet onboard full oh expected strongly worded email funited,negative
hire extra customer service rep minute wait time ask one question would rather fly another airline thanks,negative
united flight ua two delay cancelled flightled explanation amp flight norfolk arent booked renting car,negative
ill try mileage program historically lifeline u worldhungry traveler moderate mean,negative
way help find flight la stuck dia sat plane hr waiting hour update,negative
minute wait time help cancelled flightled flight help guy,negative
rebooked take bus portland maine boston told united cover charge,negative
sector whereby say bagsno bag allowance international flight,neutral
well phlsfo flight yesterday major miss unfriendly premier cabin crew baggage cluster sfo,negative
baggage tracking system worthless tell nothing bag much less plan get,negative
offering reroute sfo flight lax might geography class time,negative
thank letting downmy luggage still denver im phl neveragain flyingwithus disappointed lostacustomer,negative
get delayed flight ewr yyz customer service found airport,negative
flight ua two delay cancelled flightled flight norfolk arent booked renting car,negative
thanks one pilot last two flight stranding houston tonight airline absolute worst,negative
disgusted disappointed united airline luggage policy attitude toward musician unacceptable,negative
missing amazing u bank work conference ok,negative
frozen line flight continuing due passenger comfort ok sat plane long flight vega would,negative
last call customer service agent called back stuck hold air canada hope he booked flight,negative
left bag houston last night freezing cold memphis idea see tomorrow,negative
fly never issue,positive
terrible customer service amp doesnt feel need notify customer flight delayed,negative
tried failed still wifi ever last row middle fly every week thanks nothing,negative
great flight pvd smallest plane ever smoothest landing ever,positive
trying check tomorrow flight website keep timing whats,negative
yes computer would allow get san diego quick customer service help say cant rebook,negative
say weather delay yxe morning weather didnt affect airline ua,negative
bereavement discount airfare grandfather passed need attend funeral week,neutral
cancelled flightled none passenger notified complete violation traveler right,negative
thanks ruined vacation poorly maintained aircraft can’t fly safely stt ua cancelled flightledflight,negative
fact received boarding pas,neutral
traveling sep reservation number fkxb,neutral
“thats something like hear hopefully staff resolve amp way asap ml” amp still resolved,negative
must follow order send direct message meant,neutral
dont know dm confirmation number mean,neutral
waiting ewrord delayed min might miss ordywg pm ct room ordywg case miss connex,negative
dm confirmation mean,neutral
well finally board hopefully take time quickly well hour delay,negative
missed connection already missed next flight put im going lax instead hawaii,negative
reservation made last july want know wasnt reseated happens international itinerary,negative
line full worried customer guy desk say sorry take care problem late flightr dont time,negative
must people waiting line customer service den deal flight cancelled flightations,negative
american never bag apparently united never switched go back united baggage service,negative
unacceptable min late flight missing screw flight tucson left even landed,negative
cmh gate staff disaster overbooked volunteer boarding min late flight trying figure issue bringbackrealstaff,negative
waiting half hour checked bag ewr amp priority disappointing usually guy good,negative
earnings low checkin people also tarmac loading bag jan,negative
thank dishonoring upgrade putting seat didnt want even notifying great k service 👎,negative
guy gay,negative
emailscalls past month flight change helpful wish would sent cancelled flightlation yesterday,negative
changed depart pm amp pm amp capt got plane find smoothie pm as,negative
thanks much passport recovered,positive
thanks nothing atlanta lounge ap say sure nothing terminal,negative
thank,neutral
tick tock tick tock rapidly approaching next dream departure pm next fantasy departure time,negative
would make day could take flight airline without hiccup end train employee communicate,negative
baby shit pant half way flight smelled like shit going,negative
cause miss flight telling already left empathy gate staff crew apology really,negative
rescheduled return flight japan uh trying call unitedairlines customerservice min wait fun,negative
far worst airline ever 😡😡,negative
rebooked american united said theyd transfer bag,negative
appalled lack communication awful journey ewr bos hr delay need explained better,negative
im dming info assisting flight home left first flight even landed,negative
boston self service swipe yr boarding pas gate difficult tag bag easy improvetheprocess,negative
name correct original confirmation spelled wrong checkin reminder first name mi run together cause concern,neutral
people would catch flight attendant help,negative
consistency denver agent say standby checked baggage citing faa website policy say otherwise timeswitch,negative
biz day calendar respond inquiry hope standard universally adopted badcustomerservice,negative
thanks occur guy hour extra get bag due delay thats hour fail,negative
many delay todaywhats hoping pm flight board soon united premierk,negative
website fucked instead flight should’ve yesterday it’s today thanks,negative
called back ive hold issue confirmation number email show much ive paid,negative
im sure help flight experience terrible plane dirty staff rude start perhaps,negative
check still saying havent paid ive called back twice hold minute answered hung,negative
hold minute finally got someone retook form payment confirmed reservation set tried,negative
welcome world thats snow world today goose bay labrador canada,neutral
bought ticket yesterday received confirmation tried check said hadnt paid called,negative
delayed salt floor previous passenger want fly dont care shoe ua,negative
profit dont really give damn paying customer greed,negative
unfortunately didnt get name nice,negative
seat international connection seriously,negative
thanks got couple minute ago great service flight btw please pas team flight,positive
bag lost cant get ahold anyone help,negative
delete return ticket europe blame show airline joke time happened time,negative
united flight arrives late flight im told rebook connecting united flight characterize show,negative
agent service weekend trip amazing thank,positive
never flying united worst experience ever,negative
ah thats fund fix broken plane upon sat hr iah runway went,negative
tried cannot figure go get,neutral
cannot direct message follow u want luggage please hep,negative
get model,neutral
flight stranded tarmac chicago gate available plane getting hot uncomfortable,negative
rebooked disappointed wait whole day start vacation fare united top notch service,negative
direct message going please help,negative
charge nd carryon instead checked bag less jockeying overhead space happier passenger ontime departure,neutral
adding reservation io app doesnt show desktop site logged mile cant redeemed upgrade thru app,negative
assume would people let united whats worse plane crew cant fly,negative
pushing hour hold priceless,negative
need get cvg bag thanks,positive
read thread booked st class seated e even though united twtr account confirmed eco premium,negative
hi bag id ua update explain occurred arrived hour flight,negative
doesnt purchasing ticket united card give priority boarding,neutral
hi yes need free hotel stay honalulu due hour delayua since miss second flight kauai,negative
whats solution,negative
screwing flight cae bother flight never leave time get cancelled flighted,negative
need agent check,negative
work incredibly unfriendly ground staff false promise twitter,negative
got thanks,positive
skilled staff inadequate system deleted return houston norway shoulder shrugging,negative
probably least dependable airline western hemisphere belong star alliance skyteam,positive
severely staffed iah,negative
amazing hospitality helpfulness anthony lastella great staff 👏👏👏✈️ def flying united,positive
hr delay vacation buzzkill,negative
touched miami far nicely done united 👍,positive
whats status flight bogotáhouston,neutral
really enjoying sunday holdover hour perhaps better client experience needed,negative
snowboard boot bag included standard checked baggage next snowboard bag,neutral
broken light min get bridge gate airplane parked wrong bathroom emptied last nightyour airline last hr,negative
would appreciate response regarding pressurization failure flight seem responding less serious issue,negative
comfortable waiting luggage,positive
getting ready book flight san juan wondering united waive baggage fee military personnel thanks,neutral
guy didnt let four hour delay honolulu houston thanks train wreck issue coming,negative
finally got helpful appreciate,positive
pls follow dm,neutral
ah would explain crew didnt seem particularly distressed pointed little startling first,neutral
another ua flight gate held min cnx pax,negative
assign seat,neutral
“ look like form photo something burst luggage correct jh” always blame customer,negative
luggage,negative
boarding time ua crewe,negative
added one ty,neutral
thanks effort get earliest though make complaint refund losing one business day tomorrow,positive
pls hold ua cnx pax frm ua runner min hold save fam frm miscnx pls twitter watching,neutral
way one person working entire security checkpoint ewr 🆖,negative
thank,positive
author fiction heard radio dont even jetway secured yet ua cmh,negative
found anything showing realise morning flight cancelled flightled pricey evening,negative
oh still lost tracking system stink delivery system,negative
feeling like true united customer stuckon tarmac dc hr unitedfail,negative
pls follow dm,neutral
leadership count landed last nightdeplaned minute waiting jetway inexcusable,negative
sent dm requested heard anything address issue brought dm explain happened,negative
employeefaceless dont throw bus start management im almost million miler company,negative
cant say flight pulled departs min boarding hasnt even started,negative
understand pay change problem plane weather would understand,negative
hour late flightr still answer stuck houston keep getting put phantom flight never apeared badcustomerservice,negative
guy horrible first get stuck snow hr ewr sitting cmh saying could min gate,negative
hotel sent u wouldnt take voucher flight delayed cancelled flightled delayed hour counting,negative
dmd hr ago request response found like bag,negative
worked thanks immediate reply,positive
two hour delay plane visible airport far terrible customer service neveragain,negative
helped weight issue took voucher hopped flight instead winwin,neutral
hour maintenance delay wasnt enuf u charge bag global service platinum mbr get ur shit together,negative
last week also maintenance issue flat tire another flight last week cancelled flighted track record worst,negative
customer service experience tweeted quality assurance,negative
spend money take ticket update plane flight maintenance issue,negative
put russell daiber ticket well premium eco appreciated,neutral
get okc sacramento today dfw closed,neutral
chance could help rebook flight cancelled flightled,negative
curiosity flight arranged pilot notified lot pilot havent arrived yet announcement,neutral
yes boston going providence,neutral
really need better system handling cancelled flightled flight,negative
condition bos today im ua everything appears time wanted check,neutral
day flight,neutral
also inappropriate lie passenger induce accepting voucher telling availability late flightr,negative
give direct number call regarding lost baggage immediately,negative
involuntarily bumped passenger cant guarantee another flight three day,negative
please follow faa guideline regarding bumping acceptable give voucher fare youve,negative
already rebook miss first appointment london tomorrow morning thanks ruining trip,negative
newest delay right,negative
show available seat need honor shouldnt spend hr phone hear really seat,negative
min hold trying book award flight site error agent ask pin see platinum availability badbadbad,negative
joke lot angry people iah,negative
iep,neutral
completely unacceptable seat st class passenger middle seat even premium economy,negative
found flight hr offered flight voucher hr lose seat neglect get nothing,negative
dmed,neutral
nicole quito airport took great care u week handled lost baggage seat change professionalnice pat back,positive
deice taxing maybe makestoomuchsense shouldhaveflowndelta unitedsucks,neutral
flight cmh ord arrived gate next segment yvr already boarding hold,neutral
right think take stop get deiced wasnt done plane sitting night,negative
two service agent hung third able get flight u air today three call hour get flight,negative
delayed day mco gt iad finger crossed make connection home albany unitedk,negative
first class joke compared others flown dont ask extra peanut thats allowed,negative
given connection overnight layover voucher last connection even confirmed,negative
thanks leaving year old row flight laxiad,positive
would like baggage damage number well another great thing trained staff whats number please claim time,negative
put together serious email issue arose vacation due staff post,negative
thank fully boarding flight morning noticing pilot fail,negative
long wait icing cake dont fix reservation system confirm doesnt get changed midtravel,negative
guy suck another cancelled flighted flight every flight issue,negative
people trying get flight,neutral
lie,negative
wouldnt let real nice love awesome service u people working customer service line,negative
hour plus delay washingtondc finally flight edinburgh tired,negative
dont believe,negative
change dkyde gt instead gtgt original reservation gt yesterday cancelled flightled,neutral
flight delayed hour lost wallet money eat sleep yet representative helpunitedsucks,negative
lost loyal customer mileage plus card holder could driven florida pa quicker way worst trip ever,negative
let u board fly time know shouldhaveflowndelta,negative
apparently sleeping b terminal wasnt worst situation someone told ua passenger sleep baggage claim,negative
dont deice plane sits one hour could delay,negative
fuck caring 😢,negative
five day im asking clarify policy car seat dont want take higher,negative
question departure time based eastern central time time zone actually,neutral
quick ty sorry hear please follow dm detail transpired jh,positive
lost belonging honest,negative
back denver airport ready round two today ready get home,negative
course morning see nonstop iah sfo available yesterday unitedhatesusall,negative
minute plus get two first one transferred spanish hotline unacceptable,negative
lost luggage atl hdn luggage denver said deliver luggage hdn airport claim hdndl,negative
united loses baggage get airport country disappears,negative
nh united ticket rerouted iad due weather jfk get u home united,neutral
thank wasting time amp money arrive hour late flight destination,negative
fly united checked baggage never find,negative
cant englishspanish rep call locate bag resolve issue,negative
would overnight bag wed unknown location courier company apparently cant contact,negative
hey thanks helping miss buddy th bday guy really trashy company shouldhaveflowndelta unitedsucks,negative
never frustrated conversation united cant speak spanish courier company bag,negative
never mislead company many time week united airline,negative
would never fly united airline,negative
still airport waiting flight,negative
airline telling luggage one hour away destination day,negative
one operate ramp let u plane iahwowjust wow,negative
thank,positive
cancelled flight flight sends email saying think next flight customer outrage,negative
super computer 💩 ots pant lot cranky people line cmh reflight booking problem delaying checkins ontime direct flyer,negative
rebooked ua ua cancelled flightled paid first class ticket new seat e please fix,negative
need new flight tucson,neutral
checkin system im trouble checking flight departs less hr,negative
fuck closed premier access line ord probably gonna miss flightstart treating customer better,negative
good luck noenertainmentonhourflights strategy innovation work hello,negative
human contact mths cust relation refund dept ever problem u human talk,negative
would think would clean ramp jet stuck snow newark would never happen,negative
would understand weather issue bc airline maintenance sleep airport floor lose entire day,negative
thank,positive
flight delayed min bc missing screw danger missing flight,negative
hour minute hold able get cancelled flightled flight changed delta,negative
ua finally cancelled flighted hr delay replacement flight leaf late flightr one scheduled tomorrow cool,negative
sister amp bil stuck detroit desperately need florida flying w anything,neutral
overbooked fifty people worst,negative
hold x min ea trying bk tix asia website amp customer service dont want business korea air,negative
would like know easiest way get refund,negative
help united paid economy plus flight changed bc delay automatically refunded,negative
engineer designed door frame extend half foot plane seat forced always sit,negative
sent,neutral
service need work check bush airport customer service line last nt unitedagainstunited,negative
realize youve said already least last time asked needed help,negative
thanks one delayed hour half prior scheduled departure,negative
also phone customer service almost useless,negative
lost bag next flight didnt time load hour delayconsequence platinum gold,negative
day late flightr one delayed amp one cancelled flightled flight im gate seat assign lot standby ppl also waiting,negative
get first flight day ground time let go,negative
thank flying mess iad san diego,positive
delayed due customer service mean ua,negative
wifi wasnt working onboardalerted attendant socketyou sent hotel hour vouchersno wifi hotel,negative
flight luck standby,negative
plan ipad app iphone app great ipad flip ipad beta tks,neutral
tried hung twice speaking someone put hold minute resolution,neutral
im sure next time,negative
weight restriction well try get many plane,negative
thank person houston could get flight routing newark nj im going sfo,positive
bish,negative
thanks good know,neutral
okay thanks,neutral
conference begin hour night due delay still waiting talk someone lost luggage,negative
seat flight ua,neutral
flight thanks reply,neutral
customer service line trying scream epicfailunited,negative
cant delivered held cross border pick please dont try deliver,neutral
bag reference id number indm thanks looking,positive
one lady helping u luggage,positive
flighted delayed hour pm arrival vega seriously lose luggage,negative
met agent taken care thx reply,positive
still like united airline,positive
ticketh biz trvlno wifimissed con fltnext onehmissed meeting food voucherhotel chkoutfltno wifihotel,negative
still missing luggage promised someone would call call far flight shanghai dc connecting flight ord,negative
looking european flight attendant paris frankfurt best fabrice,neutral
cancelled flightled flight without notification,negative
since international connection im hoping thing,negative
need help never got ticket conf ggqzqd,neutral
compensation eg upgrade higher class rescheduled flight muc today appreciated though,neutral
late flight reflight booking problem morning already longer need hotel room,negative
customer service providence airport horrible actually care customer making money,negative
sorry accidentally populate flightd instead cant wait til u u sky newamericanstinks,neutral
cancelled flightled flight ua aircrft maintenance im delayed hour whats refund option,negative
bag im mexico go build house amp suitcase never got flight cle w need sanm,negative
know thanks standard reply,negative
told changed flight im ottawa airport ac cant find reservation whats wrong,negative
worst flight experience ive ever thank ending vacation bad note,negative
thanks epic service always pleasure outstanding crew,positive
hey guess im sleeping cause care little customer let sleep airport,negative
concern addressed,negative
duh done bag whereabouts unknown greeeaat,negative
thanks letting sleep dia ensure ruin much vacation possible wait fuck unitedairlinessucks,negative
oh ill sharing alright especially sleeping shitty airport getting hr sleep night ua,negative
need assistance expect go scooby doo tour terminal find stuff,negative
thanks writing back assist return bag lost amp clean feces sprinkled bathroom much ask,negative
hung,negative
customer service team manilla absolute shit cant even get supervisor without back hold,negative
disgusting unconscionable treatment ive received tonight,negative
course would like hepl kidding thats reason ive hold past hour,negative
every time united flight got delayed big frustration,negative
youve got kidding still havent talked human robotweeting asking follow,negative
wouldnt describe feces sprinkled bathroom inconvenience help might find baggage lost amp return,negative
fact treated disrespectfully lied member airline claim strive best,negative
matter fact different destination put tremendous amount stress,negative
k member broken seat back broken tv broken light lost bag gee thnx ua awesome job,negative
absolutely disgusting way treat customer isnt anyone actively monitoring cust serve unreal,negative
nice wonder pick respond maybe happy customer easier wonder many left,negative
averaging minute wait time tonight ive gotten help tonight,negative
thanks nothing really minute wait time ive call back x thats minute wait time,negative
youre customer service unbelievably bad abysmal ive phone well hr tonight hung yr ppl x,negative
read full story submit case team pilot flight sleeping dia,negative
whats layover canada ua scheduled,neutral
inconvenience weather delay pilot deciding waste enough time faa wouldnt let fly negligence,negative
bought ticket price published mistake got email indicates united cancelled flightled ticket,negative
new plane wifi working entertainment non existent new seat seriously uncomfortable really unitedfail ua,negative
sure missed mark tonight redeye lax chicago mess better,negative
min avoidable nonweather delay appreciation link better giving goldentickets,negative
luggage,negative
left delayed,negative
set figured baggage office,neutral
screw againto expected never,negative
dont allow family small child board first anymore next flight another airline,negative
life goal complete ✔️,positive
ill draw super sweet picture choosing get roundtrip san diego 🌴🌴 cold,neutral
flight cancelled flightled denver service agent offered non jet salt lake denver red eye atlanta hung,negative
thats called throwing loyalty window trying give less award,negative
unhelpful team sure im bangkok bag chicago u going pay accommodation bag arrives,negative
id hardly call going mile mile ticket cutting edge perk,negative
thats apology say,negative
sent dm thank acknowledgment,positive
download jeokoo american app air traveler,neutral
hold almost two hour trying talk someone cancelled flighted flight tomorrow morning suggest,negative
apology cool,negative
ask lot customer routinely screw know right,negative
im first time solo female traveller pretty scary foreign place knowing belonging,negative
know bag wait around hope arrive one answer plan answer,negative
somehow knew youd wait airborne respond hack joker neveragain,negative
missing flight attendant delayed flight prime example person impact people hnl gt iah ua wastedtime,negative
stranded texas hang im trying figure get home cool,negative
tried change flight three time phone got disconnected time,negative
poor showing today assistance passenger mi connected due maintenance waiting baggage,negative
showing tone deaf video year wifi coming hahnot leave ftw,negative
get follow fly christmas,neutral
people stranded cause suck better yet weasel flight booking problem room people claiming weather,negative
look delta flight landed pilot claimed couldnt fly jac,negative
thank much appreciation help,positive
sitting flight hour landing newark first gate jetway operator seriously,negative
worst customer service experience ever minute get jetway plane ewr tonight flight disappointed,negative
hour delay double booked seat nit parked wrong gate incompetence finest waiting hr,negative
look people tryn sleep airport due shitty company comping room cxl flight,negative
routing person houston newark nj sfo acceptable,negative
phone,neutral
freakin,negative
pick,neutral
suck,negative
minute hold hr min,negative
yr flying continentalunited exclusively get everyone hate flsfoewr getmeoffrhisfuckinplane,negative
seat available pm ord rdui need seat please,neutral
im still trying get thing worked yet respond back,negative
screwed reservation assigned new one u amp changed flight changed original,negative
min hold progressed hour,negative
suck,negative
yo need new website really badly day age,negative
rebooked pick luggage,neutral
u gate ready gate agent going hour two,negative
dmd,negative
different fiasco outward trip rebooked qantas laxsyd ff mile show account,negative
following need follow dm,neutral
would great get callback agent disconnected trying put hold waiting connectfor min,negative
good day fly u two delayed flight still plane ewr waiting hour gate get gate gate agent,negative
called earlier im sent dca first pvd may rent car instead,neutral
luggage set go dca however rerouted dulles currently nolo however bag houston fix,negative
went sacramento minneapolis end october business class,neutral
im extremely disappointed w service trip united mileageplus explorer card holder,negative
hope corporate office ready deal rage created shitty service bullshit pilot unitedairlinessucks,negative
relaxing space drink flight global first lounge,positive
never fly went vacation week lost bag way clothes thankyou,negative
sadly wasnt due mother nature investigate incident employee sfo terrible customer experience,negative
flight ua taking delayed hr passenger miss flight tel aviv,negative
u flight trying get tel aviv trying take right u cruel next flight pm,negative
considering im stuck newark virtually sleep hour doubt hope car rental available,negative
see several economy plus put u dont seated together,neutral
really great amp flattering story proud via,positive
see coming get hawaii thman,neutral
airline suck customer service suck courtesy incompetent passenger matter bet ceo fine though,negative
expect cancelled flight flight tomorrow morning given storm,negative
also ran water refused service costumerservice legit jk,negative
question,neutral
increase legroom airline compare via,negative
seg flt yvr zurich would credit mile segs full fare,negative
see two flight two seat morning get,neutral
sent green tagged bag luggage carousel one mess another bad day,negative
lounge tell u pillow grandma one lady open closet see right unitedlies,negative
drunk guy threw flight ua hr ago better rest u held hr plane without food,negative
sitting denver airport waiting plane refueled hour half hurry fuck united fucking retard,negative
airport first thing morning,neutral
im rebooked flight tomorrow even though st class seat orig lousy coach seat,negative
well one missed mark snit minute stepped counter,negative
doesnt flight work also,neutral
compensates delay caused fact dont enough flight attendant,negative
weve seating hr inside flight ua iad delayed weve offered water amp cooky business class failed,negative
please get plane ua,negative
yes nonstop memphis tomorrow morning snow coming got finger crossed go,neutral
traveling young kid chose original flight reason,neutral
since dropped layover still acceptable,negative
layover itinerary swapped layover itinerary really,negative
app say flight ua zrh departed hr late flight hour late flightr still seating inside plane iad failed,negative
completely flight changed july never received notification,negative
upgrade avail get u flight,neutral
wife two new destination im stuck dc monday bag,negative
dont spoke baggage contact number said try get bag stay iad pick tmrw,negative
make sure i’m upgrade list ewrpdx using gpu priority got weird email,negative
two seat avail far u,positive
earned place worst airline business,negative
flight number denver la vega sunday feb cancelled flighted,neutral
read say case please define example would case,negative
im trying wifi ua sorry really slow even spotify lagging isnt hard stream,negative
tomorrow night hotel voucher higher rate travelocity loving cost hard working staff,negative
flight ua sitting newark waiting gate seriously threehourslate flight,negative
dont ever print known traveler number ticket never get use tsa prescreen paid,negative
boarding decent useless agent dont speak english hr hold hr mech delay much,negative
trip get another airline home,neutral
flight cancelled flighted last opportunity rebook u flight evening passed,negative
boarding plane would much faster boarded back front instead front back makessense efficiency travel flying,negative
desk attendant stated would sit awhile given clear lack communication seems norm,negative
suffering immensely ever since merge hopefully ill never fly ever,negative
id really like get plane,negative
possibly worst airlinegave three chance second time week flight delayed cancelled flightled due mechanic,negative
cabin pressurization issue pretty serious flight landed washington head pounding,negative
sandra ur international checkin counter rude offensive commented didnt care complained cuz yr,negative
contact stuff bag im legally blind messed,negative
mention plane luggage luggage im going many day,negative
time ive called customer service least min time cut operator cant call back,negative
tell youre least going cover room get,negative
omg bumped last flight get worse,negative
speaks basically worst designed web system ever,negative
yeah tried time two different ticket told try late flightr,negative
please fire captain flight today single handedly ruined every passenger day piece shit unitedsucks,negative
u blow,neutral
exactly hang hook,negative
flight cancelled flightled hr airport book new one got two invoice flight approx really,negative
hire po pilot thanks ruining trip allowing see buddy turn unitedsucksdick,negative
airline rated worst america youve got work cut bc treat customer like garbage,negative
whats best way get ticket print home go check desk,neutral
pay hotel im broke student help,negative
u standby houston tomorrow flight calgary could get u one two would help,negative
nightmare side flight disaster houston getting attitude cuz sent ticket counter,negative
youre terrible,negative
eventually explained weather condition extreme get luggage plane sent wont day,negative
anyone read dm,negative
denver boarded finger crossed get air,positive
ewr mco made unplanned landing pressurization failure worst pain ive ever felt thought going pas,negative
make flight takeoff time regardless make late flight wait bag baggage claim,negative
hoursat point let people plane,negative
trying get customer service agent landed sfo cant fly layover kid,negative
early morning flight hnl anywhere continental u example monday need flight phl,neutral
nope gave maybe theyll deliver,negative
thanks upgrade please try get company approve business class travel,positive
delay c help notification,negative
waiting,negative
hoping spare ac tomorrow ship board sched aircraft delayed previous flts,negative
hubby made skin teeth,positive
incompetence truly stunning point hour plane hour nonstop flight,negative
st u delay flight mechanical failurethen hr runway amp hr late flightr im still lost bag amp resolution,negative
worst,negative
still waiting,negative
thanks reply clarify airfare similar likely intended peer group beer charge however,negative
lie lie liesstill sitting gate moved inch,negative
requested upgrade ewr bom flight end may mile copay know upgraded,neutral
amp finally told couldnt use front plane restrm row though myselfothers row behind used wno issue,negative
customerservice could worse get bad weather awful,negative
plan restating nonstop service iad south florida miss flight fll,neutral
instead told board wait email telling u delay,negative
additionally husband paid tv service amp stopped working halfway flight,negative
following,neutral
unfortunately didnt asked staff could help said ask ppl row switch one would,negative
please update going happen passenger flt ua cancelled flightled,neutral
baggage person told go theyre handling connecting flight,negative
sent pm two week ago heard nothing horribleservice unitedsucks,negative
well degree could know experience im cancelled flighting mile card thank god,negative
thank excited working guy,positive
could really use help getting bag iad headed yow going yxu,neutral
appears six flight calgary tomorrow correct,neutral
yet still havent left yet cant watch prepaid directtv firstworldproblems,negative
yr team hold hour unhelpful pls answer question,negative
let u know find everyones luggage thanks unitedairlines,negative
u serve peanutsnuts yr flight yr policy r confusing contradictory advice pls help anaphylaxiswill u ask refrain,neutral
another airport closer calgary fly tomorrow,neutral
nope im ua supposed leave still gate apparently pull back deice,negative
still bag clt airport originally told would pm,negative
yes hour landing,neutral
texted say flight delayed due air traffic control b pulled plane late flight lie,negative
minute boarding b ord sign gate agent little help,negative
flight right,neutral
help get flight tonight houstonjust dont want stuck till monday bad weather moving,neutral
website say flight time leaf min nobody boarded yet pathetic needtobehonest,negative
air another missed cnxn day atc went strike belize family amp miss cnxn ewr please see dm,negative
airline cancelled flightled flight tomorrow nyc area,negative
hoping get earlier phone option assistance hotel,neutral
pay hotel room cleveland last minute cancelled flightled connecting flight booked unitedunimpressed,negative
ua cancelled flightled im waiting customer service,negative
ua today left sunglass seat f please help get back unitedairlines,neutral
flight delayed another hour min transit lax extremely unlikely make,negative
going back gate bc something overheating sitting hourslove united stink,negative
congratulation united fail sky gate plane full people waiting weather get worse cant leave,negative
thank leaving bag houston despite system say definitely flight,negative
come shuttle bus lga ewr electrical power outlet new airbus interior whyjeff,negative
reply doesnt good check outlet preflight moved different equipment boarding due malfunction,negative
hr flight wbroken dreamliner medium system witness mental breakdown bounce wall remind im k,negative
rebooked thru sfo arrive hour late flight miss activity asked fly today stop told id pay,negative
never,negative
tonight made fred flintstone happy upgrade st class,positive
need contact regrading complaint get voucher fund future travel united,neutral
trying strand u houston tomorrow morning pretty sure overflight booking problem maintenance arent fault,negative
costumer service today providence airport sucked recommend airline learn check weather honest,negative
fire yr rep refused put flight boarding pas seat full explanation name complaint,negative
thats great pls let know u start,positive
lmfao,neutral
god damn fucking crew wont till youve known hour half flight time bullshit,negative
really culture problem everyone tried work blamed someone else told theyre short staffed,negative
suck,negative
understand another plane available full day till departure unacceptable phoenix,negative
honestly ruining fucking life right never,negative
flight cancelled flightled bdl stranded waiting almost hr customer service shout diligent agent,negative
wheres crew ua,neutral
thanks sure arranged move earlier flight im gate seat assignment super nice agent gate c ord,positive
quality work going,negative
customer service rep could confirm bag amp gave different info ruined event today disappointed,negative
weve let know help million customer youve treated like garbage coincidence ur ranked worst airline,negative
yes landing pm last night spoke baggage claim customer service rep finally spoke one amazing ticket agent,negative
charging biz flight uk somewhat egregious charging top sam adam draft united club usurious,negative
see thanks explaining,positive
social listening capability awful reply context mentioned,negative
follow dm phone call,negative
hour wait issue resolved contact customer service comment wait time thanks contacting,positive
yes must fixed broken ramp thanks,positive
flightua basically prison runway sfo delay hr sitting water answer reminded hate airline,negative
hey missed outbound flight still use return ticket,neutral
say final carrier u air doesnt want bag claim im sorry want clothes,negative
seriously hr get bag iad intl arvls carousel custs wcancelled flightled connects understand irrops ridiculous,negative
terrible flight experience happening everyone right flightua delay hr total missed flight thnx,negative
one bag claim want mga,negative
failed uncontrollably today beyond repair im beyond livid absolute disregard operation,negative
opal dragon book dragon ali woven murdering way philippine australia,neutral
friend traveled via ua today never got luggage recourse person buy clothes get reimbursed,negative
keep getting kicked error message trying purchase flight tried least x,negative
way get message international flight gate ewr road condition horrible trying get flight,neutral
hello world record attempt amount ball point pen collection please could help pen,neutral
culture issue,negative
rep wouldnt rebook waste time poor communication,negative
flight late flight due mechanical issue flight past day,negative
employee almost seem happy delivery terrible customer service,negative
get service desk iad,neutral
flight major city already cancelled flightled hour departure due weather backup plane,negative
kurt crew ua amazing today made son birthday kindness hope fly soon,positive
hold phone well half hour waiting make reservation change wanted make online help,negative
instead wait plane ottawa never came im back home try tomorrow suitcase still lost,negative
im glad u solve prob experience remains fly united,negative
u cancelled flighted flight iad jax supposed use plane bna u used plane another destination instead,negative
appreciate early arrival ua chance ord ever bring bag,negative
possible make ticket change via twitter traveling internationally cant make call thanks advance,neutral
broken luggage mild case food poisoning ua lhriah email,negative
filled hope someone responds book next trip,negative
friend sitting houston since flight cancelled flightedstill dont answer badcustomerservice voucherwhatajoke,negative
meant changed plane hate seating wing u wanted would booked u get formal complaint,negative
give email address ill send actually screen shot,neutral
u guy changed age double booked seat ive even though platinum person none,negative
also checked email file correct,neutral
haven’t haven’t time amp checked spamjunk mail case—nothing,negative
sloppy stuff dont see anymore united raised expectation team poor,negative
long take get response customer service complaint done email,negative
bag tagging led many people backing aisle front bag,negative
cabin crew huge offender stood conversational cluster blocking exiting passenger,negative
allowing passenger flight block exit plane,negative
wheelchair,negative
commitment good turnaround operation mgr would counted dozen small issue individual performance,negative
nightmare continues,negative
team added min turnaround,negative
million miler ua flying almost every week observe gate flight crew committed good operation,positive
call wait time minute airport wait time longer,negative
thanks,positive
yes ive waiting four hour one able help,negative
thank compensating u lost bag fly unitedairlines,positive
sitting runway hour ridiculous,negative
service pretty much ruined day thanks weak attempt,negative
forgot tell flight coming thanks allowing miss connection,negative
deodorant shampoo toothpaste seems like would limited oz correct,negative
forced check rollaboard ua plenty room overhead next seat,negative
please dont take membership away,negative
please get economy plus seat awful day cancelled flighted flight lot planning,negative
stranded weather blame hr hold speak agent doesnt understand concept time zone thanks,negative
yaayy yay prom,neutral
system gave seat awaynow im l economy econ seat give plus seat away,negative
asked boyfriend prom loudspeaker flight said yes best day ever thank u much,positive
yep—used twice case id number assigned tried againget screen say “thank submitting request”,negative
please moved seat lost upgrade seat l ticket hand l,negative
appreciated,positive
hmmmseems like could something changed flyerfriendly,positive
problem follow back thank,positive
help appreciated thats looong wait help something thats fault,negative
husband supposed fly rdu iad iad fra leaving hour cancelled flighted flight there hr wait phone,negative
probably least satisfactory airline ive ever never fails disappoint,negative
flight amazing best flight ever kidding service incredible,positive
sure u call customer care customer dont care,negative
charge making decision cancelled flightling flight ua unacceptable belize right,negative
fly normally doesnt happen ill let flyer provide feedback thank,negative
upgrade first class nice way fix earlier mistake thank,positive
plowing snow gate plane arrives dont sit minute hr flight fail,negative
saturday morning man dy ebola,neutral
rhonda c atlanta airport redeemed guy got u straightened,positive
ok done experience family terrible experience kind like robbedexplain,negative
great job losing one six bag direct flight dont know manage,negative
worst customer service denver,negative
ruined day amp start trip sfo gig leg changed lost paid upgrade amp st class seat amp moved econ econ,negative
whats allowed whats allowed carried checked baggage,neutral
board movement minwow experience keep getting worse worse,negative
employee gate min boarding like u expect ur customer competent company like ur rival,negative
wonder cabin filthy badservice,negative
asked stewardess take disinfectant wipe trash said hand badservice,negative
need united better airline,negative
flight cancelled flightled due mechanical issue ask cab fare say weather cant help,negative
havent booked yet im asking book,neutral
hi look like connection delayed ill make thanks,positive
luckily disinfectant wipe job youre welcome badservice,negative
really clean food coffee stain area around seat new passenger come aboard gross,negative
cldnt happier w many plastic wing pin given flight love amazing staff nice,positive
since ua ordewr delayed pushing meal time mean catered meal first,neutral
help invest plane people less stock buyback executive pay maybe would disappoint,negative
roc flight cancelled flightled love snowy drive home useful substitute,negative
correct whats correct sorry im lost,neutral
thats crazy long form need something video,negative
hope see issue return flight tomorrow,negative
flight cancelled flightled ridiculous,negative
im flying ua g,neutral
shouldnt page ohead best call hold min,negative
developer flying tmrw morn w min layover earlier flight hr layover move,neutral
thanks reply get better seat next leg munich would nice,positive
appreciate getting put hold min getting hung requesting help big group ill try delta,negative
home calgary get u without added expense accommodation meal,neutral
thank reply frustration spending upgrade put wait list,negative
staff could try throwing luggage around,negative
u stranded flying new orleans huston tonight stuck two day rather fly wait,negative
hello flying first class behind people zone pls pas app dept board st class first,negative
thank taking care mom reflight booking problem flight phl,positive
cant get anyone deal person cowardly customer service cant looked eye anyone,negative
nope called lost seating preference paid still sit well see happens w flight late flightr,negative
stuck dc trying get denver engine shut twice u terminal got available flight,negative
ill check appreciate response regardless,positive
nope case id either time,neutral
yes cancelled flightled moved ill figure car rental change,negative
troubling news time raise bar legroom,negative
phenomenal frm gate sea gate iad,positive
thanks hopefully easily resolved,positive
gold international baggage limit apply booked ticketeven domestic leg travel friend,neutral
terrible travel experience traveled mile roundtrip two cancelled flightlations short hop cost two day,negative
charging people see freaking flight map,negative
flight mco delayed amp scheduled arrive connection departs option,negative
company value customer amp reading tweet im one feel way lostmybusiness,negative
insulted disrespected met incompetence every turn voucher domestic round trip,negative
day iad cvg iad cancelled flightled united airline operating friend stuck miss intl flight help,negative
already dm concern pls check,neutral
well dont want customer frustrated compensate appropriately screw royally fakesincerity,negative
im aware fly lot sad change shoe boot ha happyflight,neutral
thanks,positive
employee angriest angstiest group people anywhere except tasha checkin iah,negative
doubtful hell fly united traveling lot sale manager covering north america,negative
finally gave let threatened send back vega coach thnx,positive
worst customer nonservice sure,negative
worst airline ever,negative
flight number different flight im heading mpls,neutral
flight taking iad afternoon,neutral
get bangkok day spend husband mid deployment leave like get asap,neutral
let employee know good service kind attitude towards customer vital kind business thanks,negative
husband,neutral
need assistance line door travelling kid,negative
friend ohare cant get flight bc say proof bought st class tkt boarding pas,negative
gave smile today zero award computer sense humour,positive
right tropic air san pedro belize line door due elected amp appointed hack,negative
take compliment mistaken several time member staff flight time remove scarf,neutral
new mileage policy awful might paid slightly united mile there difference,negative
anyone assure aircraft coming denver left previous destination flight,negative
yes refund ticket give email address let u know happened,negative
would like speak vp custexp jimmy samartzis sent surveyemail awful flight exp,negative
delayed san pedro belize scheduled fly pm belize city houston wait please,negative
hello united take care call center mexico city office terrible attitude lady helping,negative
great im guessing late flight open service horrible youre overcharging dont care everyone miserable,negative
im glad k mean something lol,neutral
unbelievably disappointed delay delay stop messing life,negative
really great amp flattering story proud via,negative
able get seat earlier flight sfo ind add pm ord ind,neutral
im snowy road bwi called mileageplus amp told flight cancelled flighted hour ago rcvd notification pls help,negative
interviewed yesterday flight attendant last person recruiter said lost file n came back interview,negative
remember business pleasant experience mean tell friend bad experience mean tell everyone see,negative
let assure travel time hm hm timezones accuratetraveltimes rdtimethishashappened,negative
u bum u lose biggest bag flight,negative
airline cableinternet,negative
customer ✅ customer service ❌,negative
great decision making skill flight ops iah bag make minute connection dont flight pushed early disappointed,negative
meanwhile fucked flight festivity already full swing united fairway club overlooking th hole,negative
process purchasing ticket price changed unbelievable ripoffs pricediscrimination,negative
although stranded chicago ohare another hour chance crackerjack service team could provide meal,negative
flight cancelled flighted trip refunded without difficulty staff extremely helpful complaint way handle bad weather,positive
hour landing atl amp still bagswhich mean clothes makeup unitedairlines nothappy,negative
bullying workforce ok get gate agent work team never cool delay flight unitedairlines,negative
really fucked day hilo lax hrmin delay software missed connection getting home hr late flightr upgrade nothin,negative
send someone customer service counter person dia concourse b across gate ba,negative
im sure expected anyone,negative
true gate agent caused helpful thanks making miss connection,negative
yes luckily,neutral
st birthday sister coming celebrate flight keep cancelled flighting plz get,negative
whats hold flight slc den,negative
denphx flight tomorrow cancelled flighted asked overnight nite laxsna told without paying thats wrong,negative
please follow dm,neutral
thank help,positive
yeah didnt happen,negative
still bag arrived ampwebsite say theyre still airport hour late flightr nothappy,negative
maintenance issue stuck geneva meal voucher wont even cover plate flight spaghetti really,negative
hate get bumped seat ive selected amp empty row moved another seat nonempty k flt nonupgrade,negative
announcement extra baggage find empty bin aisle back baggage seat row agent argueing,negative
bag arrived sure miss customer focused day used fly here hoping wake,negative
total bshave st class seat connecting flight crew late flight miss connection next plane yet u dont honor,negative
much info share via tweet please send name contact info happy supply image c rep name,negative
lack customer service astounds worst airline history airline train staff,negative
extremely disappointed flight united left crew pssgrs stranded rain gate cover left psngrs depart plane,negative
besides landing plane overall customer service experience poor late flight rude worker plus missing luggage,negative
calling global service help desk via phone,neutral
final pls dont let connection leave conf npbhd,neutral
fuck shitty fucking information,negative
youre good thank,positive
much ski bag cost check bag contains pair ski one pair pole,neutral
wasnt frustrating well way relate flightd yall anyway impressed made,positive
thanks,neutral
got wouldnt let log email thx here hoping dtwase without issue today,neutral
oh wifi router top fuselage,positive
sfogtaus ua isjx seat appears mite problem dr recently confirmed bug bite mite,negative
come reopen ord clear growing dc backlog,negative
customer service hr delay coupon redeemed website higher price expedia call wait time min,negative
im strongly considering taking business elsewhere unitedairlines,negative
website wont allow post required document keep getting technical difficulty,negative
lounge heathrow used,neutral
really need start upgrading plane tv amp inflight wifi currently unavailable unitedairlines,negative
digging new mileage earning plan would earn mile change award ticket price,negative
outsourcing ticket gate agent mia ill advised roc service went downhill keep employee flier first,negative
hung customer service waiting min holdguess vacation happening website wasnt working,negative
bad idea let people back terminal food voucher allow minute get anything long line ua,negative
whats going mileage plus account login username email least three day,negative
incentive give another chance,negative
dad booked orbitz due weather cant make airport help,neutral
finally get right response united must check issue ua ewr puj friday,negative
begin newarklondon heathrow route may,neutral
rebookedarrived hour late flightr last year hr san diego inflight entertainment,negative
lost bag huston leave bahamas cruise today nola buy new stuff customer service non existent,negative
site errored last step changing award cant even pull reservation minute wait time thanks,negative
get nd chance today fly adam let see redeem last horrendous trip state,negative
impressed far app thats worth damn sm update flight,positive
last minute flight deal cute little frequentflyer friday flight cancelled flightled,neutral
worst customer service experience ever united airline,negative
airline st amp time ever fly airline disgrace shouldve listened tweet horrible,negative
diverged burlington vermont suck,negative
officially inefficient boarding procedure reason take min board plane,negative
hour sitting plane hasnt left gate yet hour actual flying left,negative
sent detail customer care link sent almost month ago response,negative
terrible service military member family ridiculous unitedairlines,negative
hi question future flight booking problem dubjac jaclax laxdub im g checked bag allowance jaclax,neutral
flight cancelled flighted im needing help reflight booking problem,negative
surprised took min never experienced anything like k number,negative
n taxi departing ua newark liberty airport,neutral
im afraid fly service every week im unhappyspend much money unhappy,negative
thank daughter th bd party wproj weather cond doesnt look promising please assist earlier flts cmh,positive
youre going cancelled flight flight today everyone favor get dont stall inevitable,negative
plane waiting gate two hour passenger onboard cramped seat yuck,negative
flight ua got delayed hour due mechanical issuecould use free drink make inconvenience,negative
cell phone record need checked see conversed trust faa handle better,negative
wireless epic fail greedy piggy worst,negative
inspected picture routine aircraft check cell phone faa amp nyt say,negative
airserv contractor arent worth wet damn min late flight still done w bag ua made checkin calamity,negative
never fly terrible service ruined entire vacation lostsuitcase noreimbursement,negative
web app wont let upgrade seat call center wait time minute plus want get legroom pita,negative
character cover reason im afraid,negative
busy cell phone,negative
really fill form flight experience sent email k email address,negative
left gate minute early thought doesnt count sit tarmac half hour comeonpeople,negative
kudos capt herman relayed chief pilot emailing someone,positive
flight departing website say delayed due operational difficultieswhat mean,negative
teach gate agent lie learn overhead space bag didnt check,negative
first officer ua checking prior departure ewr yesterday cell safety,neutral
booked lh via ua however gate rebooked late flightr lh flight flight didnt earn pqd get,negative
coupled selfservice policiescost cutting exacerbates noted issue,negative
appreciate immediate offer suspect longterm issuenot simple fix also skibootbag policy awkward best,negative
isnt simple issue generally set check inbaggage policy logan general unhelpfulness employee early,negative
terrible illogical reroute cancelled flightled connection made pay check bag lost bag ual,negative
already follow one number agent rebooked went ugh,negative
good job cle tpa schedule inch snow,positive
never fails delayed flight 😡,negative
yes people also,negative
elp friendly flyerfriendly united emb elpaso,positive
booked first class curbside delivery hour im counting teamusa,negative
let email boarding pas,neutral
“ hope dont miss connection help reflight booking problem please follow u amp dm confirmation cp”done thx,neutral
ridiculous ua delayed hour counting booked diff airline take seriously unitedsucks,negative
provide voucher one customer tweet day long earnedmybusiness,positive
msp w employee trying check several hundred line crazy might miss plane sure thank employee,negative
stellar customer service earned business attention detail,positive
service staff great usual cleanliness smell bit much ill back satisfied traveler,positive
arrives lax,neutral
ua lax den scheduled land lax please rebook denver best flight,negative
first class passenger pay inflight wifi,negative
hey youve upgraded hour international flight forgive thank,positive
flight bgm cancelled flightled last night get hotel voucher pay cab back worse cab experience ever,negative
first flight iah iad delayedbecause one hooked ground power plane get together folk,negative
ua way plane loses software believe decided upgrade,negative
already missed connection ua,negative
typically get problem fixed crew expires delay turn cancelled flight,negative
ua delayed get charged late flight say oh well,negative
trying go far away kingscollegelondon possible charity today would help u jailbreak rag,neutral
friend stuck bus runway pek two small kid customer service explanation kid cry awful service,negative
yes food add gluten free option youre,positive
u guy suck ill never fly u ur supervisor suck,negative
flight new york love quality plane united wtf crappy aviation newyork,negative
page united value tweet bc rare receive tweet complimenting servicemost fake,neutral
yes keep getting robotic answer,negative
thank great flight gfc cheer,positive
bad customer service nyc week ago thinking moving,negative
uniteds ceo decided outsource push skilled loyal employeeslack staff,negative
mean employee really nice literally sobbed,negative
mean say many complaint today week month cant respond bc shes alone,negative
flying home event tomorrow pushed back flight ticket wont get home time,negative
held plane made,positive
delayed departure hr wait passenger another flight late flight unacceptable,negative
ok sent u info via dm appreciate help consideration 😊,positive
flight chicago houston hour pretzel peanut seriously passed,negative
nice early back home,positive
hope,positive
tag bag airport hoping would actually arrive here hoping arrive,negative
ill make sure he done thanks help huge race trying make sure go smoothly peace,positive
planned book additional flight tonight hr working one trip im worn enoughisenough,negative
much help disappointed customer service,negative
youd love see girl inspired becoming pilot rt free woaw event march abq,neutral
system hold min mia tell going charge flight booking problem fee customer service,negative
took screenshot emailed let dm figure,neutral
👏 wont 👏 👏 👏 👏 wedding 👏 irreplaceable milestone there reflight booking problem repaid,negative
brother luggage lost copa airline flight he competing sunday panamerican cross country cup please help,negative
fill yes thanks bringyourown,positive
last flight day less driving hour aspen thru snowstorm thx team lack customer empathy,negative
brother baggage lost route panamerican cross country cup championship columbia race sunday please help,negative
yes plenty seat available vicky thomas refuse give one million mile flyer,negative
funny flight yesterday delayed mechanical issue rotten luck get plane row issue,negative
would nice earlier today late flight hope,negative
waiting min counting get global servicessomething going,negative
still trying get home,negative
also atgate monitor showed empty seat,negative
reservation desk told said plenty seat,negative
exasperating im difficult time flight booking problem error message say youre undergoing maintenance really,negative
flight attendant extremely helpful woman hard time walking touching,positive
please call,neutral
laxm make happen please else cruise luggage tomorrow,negative
make connection stellar employee vicky thomas refused board even though empty seat plane,negative
course start trip wks ago gone downhill return,negative
u dont,negative
much longer take guitar royal commission,negative
voucher expires next week get extension expires,neutral
sure different text changing time amp gate especially location across entire concourse seemed little,negative
know would awesome providing u complimentary entertainment flight especially longer hour,neutral
dm sent thanks,positive
late flight future flight train staff better handle emergency situation ground staff customer service,negative
san diego chicago leaving tomorrow,neutral
stuck airport hour standby cuz pilot showed late flight pjs amp missed connectin flight pjs tell u nyfw,negative
brian sfo customer service deserves raise gave extra meal voucher good joke cheer flight delay ftw,positive
thank nice evening,positive
wait ill lose flight frustrating,negative
certainly,negative
available online cant figure guarantee flight,neutral
trying book flight wmiles hold gave need get flight using two diff pay tix,negative
thanks took care called,positive
thats tweet u choose answer tell youre liable youretheworst neveragain,negative
youre reason houston nyc tonight took plane hour take explanation sorry,negative
awesome thank much help,positive
need follow dm give info,neutral
agent arguing check bag announcement looked room seat gave walked back seat unnecessary,negative
yea saw im moving china bag pay whatever wanted make sure ok bring many,neutral
change name united incompetence flight monday take hour drive get flight,negative
even mentioning rude customer service u business owner id mortified employee acted,negative
kept watching safety video first time forever nice job 👍,positive
time respond everyone elses complaint mine lost customer,negative
thanks lea chicago office help switching cancelled flighted flight,positive
likely make sound like idea want flight please use fact thanks,negative
tell something dont knownot keepingit weaktea,negative
wait time baggage question minute thats crazy limit amount bag bring internationally,negative
“ dont like hear anything help thanks ey” another empty offer help,negative
im try upgrade seat first class wait time phone minute help,negative
ua coshared flight w ana unable check hr prior,negative
never flying guy ever customer service piss poor best,negative
hour flight turn ordealsigh,negative
luggage group luggage lost,negative
assistance attitude staff matter airport,negative
sure follow sec,neutral
thank much help birthday trip ticket confirmed,positive
airline flight ua need make ua u hold plane u,neutral
hear guitar damaged december use guitar earn living get act together,negative
hold minute talking one employee asked name id hung face,negative
hope ive received help far ive hold hour someone speak,negative
tried flight option per weblink non available next day frustrating notgoodenough poorservice,negative
asked dm ignore please assist changing another flight today feb fra mco avoiding iad,negative
stay business poor service poorservice notgoodenough,negative
airline refuse canadian passport less month remaining validity going u,neutral
time arrive airport domestic flight san diego,neutral
taxing ord avgeek,neutral
sent dm existing reservation one responded,negative
going service desk see option,neutral
miss continental day,negative
next time bag underweight guy credit take business airline care,negative
wasnt full plenty time go gate check plus status gotten,negative
staff refuse let earlier flight citing checked bag,negative
thanks nothing next time ill bring whole extra suitcase extra pound make sense right,negative
first lost bag cancelled flight flight home min wait talk somebody poorservice notgoodenough,negative
great landing denver next rapid city snow starting fallflorida everglades faint sunburn awayhere come cold,positive
looking forward flying guy well,positive
flight arrive early delayed due gate available min late flight tarmac,negative
flight landed min told stay plane havent pulled gate amp little information,negative
love hate relationship day youre good others terribly awful saddening,neutral
better customer service john wayne airport,negative
bag finally delivered intact thanks assistance,positive
passenger seated crew ready wheresthepilot flt ord hope isnt bar,negative
booked tix month ago cheaper customer service useless whats,negative
ua still taking pm im stuck tarmac ua waiting get,negative
youre right good caught mechanical failure bad blanket ok,negative
sitting ua getting delayed operation cant find captain ridiculous united,negative
truly worst day flying ever experienced,negative
guy made day treated well thank,positive
stuck houston cant seem get plane destination time perfect flying condition,negative
phone customer service team bad think time consider switching airline,negative
much longer united phone hour straighten star alliance upgrade,negative
verify wheelchair assistance requested next flight,neutral
left dildo plane way get back,neutral
dont know last name karen call center terrific friendly helpful terrific representative kudos,positive
im cancelled flighting mileageplus card never business clearly dont care customer,negative
thank good service safe flight way home,positive
even ask dm offer help cant anything terriblecustomerservice unitedairlines,negative
yes appreciated misinformation damage credibility may want someone observe newark fwiw,negative
guy suck,negative
never fails flying fc order ravioli get chicken tell fa say told people wanted chickenidiot,negative
second time flying houston min waiting luggage baggage typical still waiting,negative
flight went great improved view airline cheer flight attendents ua deserve raise,positive
horrible service attitude asked information make want fly united ever platinummember,negative
rep hung min hold asked supervisor im furious right,negative
question interview process one interview last person good bad,neutral
thank hr terminal dulles airport,negative
go bankrupt transfer asset luv would great,negative
landing chicago saw already airborne,neutral
marcus helped good agent couldnt fix flight listed website unavailableto book false advertising much,negative
may hit new status year i’ve flown several time year tried book y’all every time,positive
unsmiling rep told u hotel shuttle come like every minute breezy min late flightr taking cab going reimburse,negative
someone miss connecting flight airline last flight day fix,negative
yes needed plenty assistance received none,negative
tonight got hotel hr traveling still reaching destination disappointed thanks,negative
thank reply emailed customer care department experience,negative
file claim agent wont let speak supervisor claim number expired wont find bag,negative
done something make ill tweet,neutral
one interview last person mean,negative
flown time last day flight delayed huge mistake part dont fly united,negative
received notification inflight wifi ua amazing,positive
yes taking two day get bag delivered missed full day skiing,negative
give recognition deserves,positive
shes type person make customer day fly time year amp shes one top flight attendant ive,positive
made remove pound checked bag otherwise would charge loyal flier year time change,negative
sitting plane unreal day nightmare end,negative
suck youre best,positive
let u gate ua,negative
amp top free tv int’l leg i’m sitting tarmac houston min past departure w another hr plus go,negative
dtv doesnt work pilot late flight wont let yr old fly next paid upgrade unitedsucks,negative
loyalty team basically flipped via phone thanks maybe google loyalty get back lol,negative
hey job dont give safety spin plane broke original flight unitedsucks,negative
thank,positive
mean beyond opaque maintenance issue yes would basic customer service ewr staff cant manage,negative
dear ted dont care mileage plus card pay lot bye bye united,negative
terminal gate b flt take terminal gate swiss air lx,neutral
sad dont think important resolve client facing team behaves disgraceful,negative
help girlfriend amy lloyd going miss flt zurich bc fault need golf cart meet ord,negative
epicfail former gate agent pia walked away quit luckily responsible pia agent saved day,negative
problem told aircraft way,negative
thx sitting plane hr refuel cant even make stuff,negative
know use twitter bro terminal look like bosnia here another pic,negative
far worst airline plane delay round trip flight possible,negative
took care rent car drive hour retrieve belonging due united error,negative
ill probably miss next connection,negative
chance youll ever cpu jfklax like,neutral
may think im joking blowing proportion last united flight delayed significantly late flight,negative
case delayed due mechanical issue update departure time cancelled flight goddamn flight go delta,negative
day plane mechanical issue hr late flight sitting plane insane,negative
didnt get message ill resend number,negative
yes filled form last year dont case number handy guess im cut historical society afterall,neutral
idiot designed seat armrest tv remote amp resting elbow dont mix seatmate keep changing channel amp blasting volume,negative
bump group wont forced check bag wait minute lga,negative
listen learn amp remove pqd requirement insulting ha,negative
thank reply fill form submit requested good know youre paying attention,positive
gate agent alavera amazing,positive
need youto better airline lol,negative
agent forced check carry bag received bag found crew stolen u lost business,negative
win top mark customer service via twitter turned poor experience positive many thanks effort 👍,positive
reallyyou charge check bag put different flightstill dont bag,negative
havent released travel advisory iad tomorrow,negative
cross country flight sfogtbos wifi even soda quality inflight entertainment sad,negative
really getting horrible much tucking kid tonight delta transfer milesstatus right,negative
interview long take hear back,neutral
think problem resolution decided end especially youd like continue flying airline,negative
roundtrip london think fyi thats another k lost moneynotspentonunited unfriendlyskies,negative
already flight booking problem next week trip thanks making choice easy disunited unfriendlyskies servicefail,negative
flight experience r often frustrating day ua chi wpg flight attendant april amazing shes best,positive
also group total b,negative
dont ask patient without offering something return,negative
like clockwork friday afternoon flight la den running late flight seem happen consistently keepit,negative
getting business unfriendlyskies unbelievable,negative
free booze bach party would make better ordgtmsy delayed enjoy either way thanks,positive
name boarding pas think might really need idea,neutral
sitting seat flight back vega chicago someone left folder look important seat pocket,neutral
incompetentrude service today missed connecting flight customer service desk terrible really upset w untd,negative
terrible experience ua th st exit row economy zero legroom row booked return cant change,negative
hour late flightr ive transit total twelve hoursplease change plane flight ridiculous sfo,negative
good man isnt fault plane maintenance issue,positive
delay flight ua painful sure hope doesnt cause luggage miss ua flight new delhi,negative
yes unbelievable free fare lock,negative
“ puppy cute look forward board thanks high five ey” 👏👏,positive
worst airline beware maintain plain runway past hour,negative
free like airline it’s anymore,negative
existing reservation fine talking longer cmhord option get late flight,negative
please tell im going make connecting flight ohare stl southbendinwhere 🙏,neutral
lindsay darn terrible memory part know headed back iad pit tonight,neutral
know i’m sure hear time — don’t like new seat i’m small guy ’ ” feel new plane tight,negative
hr ord another tarmac refuse move earlier flight make iflyalot b,negative
ok thanks clarification,neutral
coming back huge east bay customer base due sfo miss,positive
also doesnt help im frequent flier united premiere gold apparently mean nothing,negative
delayed another hour,negative
million mile flier im embarrassed ask long ago launched,neutral
cant beat storm town wait issue policy late flight nw issued storm warning already,negative
miss one probably aspen event fail,negative
dont need apology need bag took minute landing get unacceptable,negative
add wifi entertainment old seat i’ll come back,negative
fly sfo honululu get pushed back hour look like delay beg plz sort soon,negative
thanks catch conection,positive
super lame charge tv international flight u isn’t,negative
volunteer give seat people sit minute plane waiting add people letsgo,negative
going transfer car airport couldnt get,negative
next time volunteer let gate check bag space since obviously cant deliver timely manner,negative
im sorry cold chicago dont see mean take minute priority bag show carousel,negative
long take customer feedback respond complaint,neutral
making miss big snow montana cool,negative
might airline offering waiverskeep good fight,negative
frontier,neutral
thank help appreciated,positive
fyi went similar flight last week,neutral
know check complaint ticket said dinner booked changed refreshment wheres refund,negative
bag mia since wednesday still word well ever see lostluggage frustrated,negative
assume benefit apply reservation way partner diff re use combine re,neutral
u air,neutral
cant american airline suppose,negative
love report horrible flight team let make worseas get seatout snack,negative
uhuhgroup trying get nashville iad today instead tomorrowwhy preemptive though,neutral
thanks moving dad mom flight helped make birthday start friendlyfriday awesomeness paw,positive
need get together flight cancelled flightled stranded car baggage lost never get right,negative
blood service make appt today,neutral
worth saying litter singapore get caned rule say,negative
waiving change fee snow storm coming tomorrow iad winter storm warning tomorrow already whats,neutral
yes ill sending email customer service today,neutral
im fully aware rule harsh toward client especially since youre going resell seat,negative
wont check carry watched handler throw bag miss conveyer belt sat min,negative
waste time airline get automated message disappointing always,negative
mean within one week filed compensation complaint website,negative
sure however ticket included one checked bag therefore charge extra completely unanticipated,negative
“ follow maintenance team thanks tweet kp” thank united care,positive
terribly disappointed confirmed reservation delayed cust service staff helpful finding alternate solution,negative
checkin luggage employee told include wheel dimension,neutral
dmangencom,neutral
ticket refunded purchased brother flycould used refunded credit fly respond,neutral
besides fact one week ago delayed hour impressed,negative
one checked bag checked edinburgh however charged randomly dc newark,negative
purchase ticket entitled check bag however charged extra dollar domestic transport,negative
thank u hr delay boarding u onto plane reek vomit flight attendant indicated wasnt cleaned properly,negative
never grossed life disappointmentyet againflying,negative
need add service dog itinerary tomorrow,neutral
thanks delaying flight hour boarding u onto flight reek vomit wasnt cleaned properly,negative
landed might want check flight plane houston sound takeoff amp landing,negative
cant even look right ill call im mad,negative
dm ed u request num,neutral
requested online refund option denied saying ticket used hope understand problem approach,negative
nope still sitting gate,negative
bagage take cabin dont need checkincorrect,neutral
exactly,neutral
passenger waited inside flight runway returned back gate count valid journey,negative
yes partly used delewr used return flight cancelled flightled due technical glitch operation,negative
thank appreciate response,positive
old school ride home lax houston flyingretro,neutral
appreciate looking compensate anything trouble still havent taken flight,negative
mine gjqxj husband acw cant dm reason,neutral
thank thank thank contacting thank offer travel certificate unitedairlines,positive
another terrible experience united discrimination delay help customer service united notimpressed,negative
hi flying iad tomorrow evening expect delay cancelled flightlations snow storm,neutral
business decision made inconvenience possibly cause lost customer good business decision cranky,negative
sent dm thanks incredibly happy fast response got via twitter via customer care thank,positive
please provide update ua flight stranded united information crew plane,negative
thanks reminding much easier fly southwest get agent sfo,negative
perfect work thank,positive
thats still one day visa expiring june booked flight day,negative
followback dm plz,neutral
miaewr 😄😄😄 excellent crew ewriad 😡😡😡 crew load bag waiting w door open freezing min past departure,negative
customer service crap,negative
thanks ground crew surprised flight arrive beingsuckontarmacsucks,negative
mechanical issue look like got fixed thanks concern,positive
ua sitting tarmac ord visibly gate open reassign gate,negative
usually issue express sfo positive note mainline p enjoyable,negative
sato rebooked upset travel office fix couldnt,negative
kind unnerving watch guy deicing plane text phone whole time,negative
refreshes browser right checkouterror load message ticket price increased matter sec dounotwantmybusiness,negative
united voted every year one worst airline enjoy title give jedediah free pass,negative
think board back plane whatstheholdup chitocle,negative
plane thanks maybe dont let many people check teeming moron,positive
thanksseat made year old broken tv flightsyearmy last airline,negative
ua need deicing stat weve waited turn,neutral
yes ive boarded way many time amp never show pas tarmac multiple time path railed way,neutral
fair enough united everybody best although slight delay turning cancelled flightlation,negative
still waiting bag never got delivered yesterday cant reach real person help sending dm ref number,negative
worst flight experience ive ever never ever fly airline,negative
go thru detail flight want w recording repeat real person get line,negative
look like came thanks help,positive
anything yet jj,neutral
would person take hour hour wait time tell lie,negative
hey dm working ua,negative
refund team far customer care courtesy need training work ethic like sir u r lying help,negative
splitting flight quadruple price,negative
contd told asking refund used ticket flight got cancelled flightled ticket used,negative
several trial several hour waiting phone contact customer care get refund get cold shoulder,negative
booked paid flight get denver specific time meeting failed wasnt caused weather,negative
since get good transcontinental flight h pleasurerelief,positive
dont understand isnt flight paid premium getting cancelled flighted best next available flight,negative
flight awful one lavatory functioning people lining bumping etc cant use st class bathroom ridiculous,negative
current board food menu available anywhere online,neutral
airline changing mileageplus program winner loser,neutral
actually arent still parked,negative
put sun carry rt “ right would heat wave enjoy warmth bring home jj”,neutral
thanks prompt response another hour enjoy vacation perhaps bug app still show,positive
apply one travel certificate per itinerary even multiple flight,negative
appreciate sentiment able get groundstill missed connection,positive
log view reservation try view specific reservation amp take back login page,negative
go round amp round going week,neutral
thank prompt assistance,positive
time flight delayed miss next flight time youve lost baggage clean clothes flight thx,negative
looked email chain one,neutral
hell mile expire really looking forward accruing enough free flight year,negative
thanks timely update,positive
also want naming right first child fly home visit mother avoid winter depression,neutral
im familiar procedure wouldnt first time unitedairlines lost one bag unhappytraveler,negative
get giving inaccuratemisleading info doesnt seem like great way hopethegearmakesitintact,negative
cleaning regional jet take hour,negative
baggage check flight crew friendliest ever flight ogg lax,positive
thanks mean minute make international connection hkg,neutral
kp traveling trying cheer m bila,neutral
tried charge flight tried make change phone including change fee wtf,negative
thank offer sorted,positive
workin waiting reply,neutral
flight rolling delay hour minute,negative
believe customer service last post narita tokyo sent motel rest said standby maybe day,negative
think best first class ever gotten denver lax wonderful,positive
course inflight crew great,positive
well played lo,positive
pilot ua landed plane like gently placing u pile whipped cream smoothest landing ever,positive
website complete joke using safari,negative
new seat canadaair regional jet plain suck,negative
im another country please cancelled flight reservation ive booked swiss air,neutral
airline abuse expensive video equipment overcharge privilege via,negative
found flight,neutral
thats reply lol hoping least new plane maintained flight 😒,negative
somebody say flight upgrade,negative
dm sent,neutral
tripitpro accurate delayed dept time hour late flightr hear curious,negative
tell airline lost mine family business day age message twitter travel fast,negative
trying reach number last standbye gave meal voucher potential day standbye,negative
disappointing customer service,negative
boarded time deplaned minute delay transparency cant wait give gold status aa,negative
wife sarah stocker also called could connect customer service,negative
victim scam shit customer service time agent hung wtf teach staff,negative
flight frustration boiled dealing attendant attitude ridiculous,negative
nice know hour time worth free directtv everyone ever hear preventative maintenance,negative
may true however week matter still unresolved get supervisor manager help,negative
obviously one know darn thing around get resolved,negative
going forward shouldnt flight booking problem star alliance flight united app,neutral
notification yet staff board say accurate departure time,negative
im know seat actually narrower seat feel like maybe im extra bloated,negative
dm sent lack customer service getting ridiculous,negative
delayed going home getting really tired delay,negative
big thanks mn kn patiently clarifying united domestic world,positive
uh booked ua website price change,negative
im rebooked getting home hour late flightr planned chance ill ever see bag unhappytraveler,negative
united club team amp got seat late flightr still sure last min ual cancelled flightlation cost yet overbooked folk get,negative
flight yyc providing free food allowed back board broken lightbulb,negative
looking fare returned companion flight dont understand additional fee necessary,negative
thank much help ton whoever twitter acct today deserves handshake hot chocolate flight problemsolvers,positive
left headphone ua yhzewr long shot see worth tweet anyway,neutral
thousand fan asking give utmost effort get safe flight baggage soon,neutral
cant wait,positive
flight specific last two probably foot apart within sight,negative
love told would issue refund couldnt get u way hurricane denied,positive
without baggage day cant get update houston airport since monday worst service ever,negative
yes three different checker along walk plane overkill,negative
bummer might go card instead ty response though,negative
“ please dm detail wed like help need assistance kp” another airline issue,neutral
im sure business go else airline travel name kathryn sotelo,negative
please arrange someone arriving gate flight chicago either refund first class upgrade,neutral
made check carry flight pbi newark plane luggage stow full u r costing time money amp aggravation,negative
way contact flight work father pas heading denver,negative
two flight today let hope kit get treatment,negative
thnx,positive
please help regarding pnr azzf waitlisted flight,negative
emailed jim compton jeff smisek hopefully pay attention,neutral
hope solution insurance cover issue,negative
customer service solution might miss show,negative
deserves go bankrupt delayed outbound flight info connecting flight going miss,negative
flt delayed maintenance thats fixed cant board flight crew didnt stay boarding area fail,negative
anymore finally ticketed min takeoff sure confusion fullfare gsa ticket,negative
mile earned explorer card count toward lifetime mile,neutral
yes still dont know ive told might flight one confirm,negative
something missing checked baggage,neutral
wind chill ithica degree trouble losing clothes give tshirt ill burn warmth united,negative
aw thanks kind word totally make extra hour sitting airport soooo much better,positive
frontier currently offering weather exception weekend united,neutral
calling customer service delayed flight today luggage misplaced disaster across board,negative
crew notified passenger moved water fixed tarmac two hour,negative
link helpful put touch management,negative
u might imagine former pilot particularly touched gesture please let fo know keepingtraditionsalive,positive
delayed cmh ord ran gate min b connection door closed one around ignored st agent nd super rude thanksunited,negative
guess kit kat look tasty going near sandwich,negative
worse headed laguardia delayed tray table size mouse pad overhead size pocket,negative
iah ewr broken entertainment system wifi despite info app,negative
customer service terrible,negative
please send help asap flight chicago seat c airline,negative
define appreciate doubt worst major airline usa act much feedback,negative
yea refund airline ruined trip,negative
sent thank,positive
thats wonderful unfortunately doesnt help hr flight major u city disappointed,negative
thanks delaying flight hour missing connecting flight terrible customer service neveragain vacation,negative
got rebooked aa one question though automatically refund check baggage fee flight cancelled flightled,negative
good k team nothing short amazing everything,negative
new flight window kind ticked pick aisle seat hate window seat annoyed epicfail,negative
good fly united businessfirst,positive
nope rebook houston could get amarillo pm stuck sfo four hour,negative
thanks made,positive
past,neutral
thanks dmed hn,positive
money sucking airline terrible terrible customer service,negative
aware airbus fleet suck id rather fly c full rubber dog shit,negative
issuing exception policy denver weekend,neutral
need breakdown international surcharge flight cover please help,neutral
fyi staff telling customer try carrier,negative
couldnt possibly messed trip anymore thanks terrible airline disappointed,negative
wifi ua sf chicago thats p tech intro video joke epicfail,negative
flight thx,neutral
based suggestion passenger rental car standby one way another leaving,neutral
thanks reply box mine im missing one added bag,negative
wifi flight ua sf ord really wow,negative
give belfast hug new unmissable bushug format impact busads thinkbus,neutral
worst,negative
haha clean plane held overnight hangar sound lovely also dont lie screensand say weather,negative
charge delay united still waiting,negative
save checked snowboard trying check morning website want premgold,neutral
traveling fra thru iad mco tomorrow concerned abt iad weather cant change advisory issued advice,neutral
made feel guilty economy plus didnt pay extra leg room,negative
flight cancelled flightled new flight hopefully,negative
cancelled flightled newflight upset one cancelled flight could rented car would honest,negative
enjoyed heathrow lounge much almost missed flight,positive
hi flight try book new one way flight departure show pm seems accurate,positive
stuck ord united cant find airplane lol upset terminal right,negative
contact requesting charity donation thankyou,neutral
wth honest customer better last change driving home plane left,negative
nd time row ive charged plane ticket united shouldnt check cc everytime,negative
need customer service manager contact please,neutral
flight really going leave newark today tell u rent car want end stranded,negative
thanks reply saw particularly helpful hungry vegetarian flying specific flight shrug,negative
funny boarding pas said priority clearly priority airline,negative
im sure offer nothing inconvenience put twice month tweet dont cut,negative
youll cancelled flight flight like,negative
screwing twice one month learned lesson,negative
whats point offering free checked bag lose,negative
cheer,neutral
please send linkemail formally compliment irene slc best customer service ever paxex,positive
thnx lo,positive
yes houston intl bush,neutral
hi flight cunewr show departure pm united app confirm doesnt look correct thanks,neutral
flight vega houston cancelled flighted morning due operation mean thank god woke early today,negative
thanks,neutral
education staff needed also turned away first class cabin passenger mileage plus,negative
item mine mysteriously ended checked bag ewr yow flight missing black box,negative
guessflight going cancelled flightled empty seat confirmed important frustrated,negative
instead making seat smallerthinner u jam people flightu concentrate maint amp happy customer,negative
need assistance pulling agent head ass,negative
gate definitely full parked wheel chocked customer service called unmet arrival,negative
another glitch,negative
spite flight delay great customer service provided janet baggage employee karen wonderful employee united,positive
really hard time believing plane terminal delayed mechanical issue whatgives dullessucks,negative
start xdaily erj flight chicago evansville jun avgeek,neutral
flight almost half hour tarmac waiting paper cannot miss connection iah,negative
worst airline ever thanks slew rude agent staff making delayed flight even worse,negative
chance hell id rather walk worst airline ever,negative
worst major u airline proof theyre boarding plane outside galley door open degree weather wtf,negative
checked boardingpass wno checkin bagage guess im set,neutral
always make cross country flight rad here baby flier charlotte thtimemonthsold,positive
late flight damage done easily worst airline experience life missed two connecting flight amp day work ua,negative
dont know aware premier access line closed terminal feel love,negative
firstclass london way londonfashionweek lfw 👠🇬🇧👠🇬🇧👠🇬🇧,positive
disappointed learn charging use k mile upgrade p jfk flight looking alternative,negative
kidding ill send stuff thanks,neutral
unacceptable practice leave cancelled flighted flight passenger sleep cement pillow ua,negative
u get crew member waiting told minute ago landed still gate,negative
flight massive fail delaying transport crew member causing many miss connection unreal,negative
worst customer experience houston intl airport ground support even member nightmare,negative
tremendous would recommend,neutral
help delayed flight im going miss connection,negative
im counting please dont let delayed needtocatchmynextflight alreadyrebookedonce,negative
impossible actually get passenger luggage final destination,negative
huge kudos fo sunday flt sjoiad handed daughter first pair wing keeping tradition alive,positive
awesome new plane flight,positive
flightdelay early craft arrival pilot stuck traffic fail nocustomerservice nocompensation,negative
oh united much despise thee,negative
let see today hoping ontime dept dullestostatecollege runningonthreehoursofsleep delayedovernight,neutral
flt capt herman amazing came flight play ask captain anything wonderful ambassador airline,positive
airline biggest joke operation world,negative
going baggage claim newarktiredandwanttogohome,negative
usually lounge staff fantastic except today mco almost denied entry lounge even though traveling unitedfirst,negative
hour delay misplaced bag poor communication worse unsympathetic confrontational gate agent cool,negative
dont respond email facebook msg im still wating ticket im getting really angry disappointed,negative
send jeff smisek trip jetblue sw make sure take note would never choose fly united,negative
disappointed service level staff communication bummer,negative
predawn flight miami ewr annual sobewff trip,neutral
thanks great news u wont refund ticket due bad exchange rate knew u would come sens,negative
thank wonderful global first class flight fra great service cont,positive
got look forward hearing soon,neutral
going rectify please direct complaint department stickingtodelta,negative
thank united “ thats beautiful place stay day longer rebooked let know mn”,positive
top flight attendant talked loudly throug flight even light dimmed resulting sleep,negative
seems like one united help lot finger pointed zero people stepping least gate oreo,negative
access dial make faster,negative
ill impressed actually get response 😜,neutral
hi left asus tablet flight heathrow newark th feb wondered long take someone check found,neutral
hr delay start huge queue security representative meet u rude staff baggage reclaim inefficient,negative
worst flight attendant like angry drunk aunt everything argument,negative
black white eu law € cancelled flightled flight want money,negative
accordingly u dont respond,negative
extra care airline unitedairlines dont care trust customerservice non existent dont,negative
another unfortunate case bad luck usually maintenance issue swapping plane ont get late flight,negative
shame great customer service wasnt continued sfo slightly absurd,negative
onlyinamerica day word unitedairlines customerservices bad pr guy,negative
still awaiting reply ur customer service day response lousy unitedairlines,negative
alright thank much appreciated,positive
happened airline theyve given flight voucher transparent problem,negative
thanks im booked spent extra hr ten w explanation flying middle seat char instead memphis,negative
agent rick clifton seahou told father dying needed get handbag cabin nothing shameful,negative
chance allowing reflight booking problem yet travel denver weekend due impending storm,neutral
watched crew escorted back st class prebooked really dissatisfaction und,negative
thanks yup im set happens slc ground staff prompt helpful courteous,positive
plenty empty seat coach dissatisfaction understood crew member traveling duty prebooked f,negative
good didnt die anything say get pay,negative
thank much able contact,positive
maybe return trip 👍,positive
staff laguardia lagos nigeria unprofessional uncaring helpful ou,negative
got gate thanks checking,positive
u kept passenger waiting night plane put service leaving everyone stranded night inexcusable,negative
especially like upgraded three crew member first class instead passenger keepitclassy customerservice,positive
hello got flight month ago constantly think peanut anyway could send,neutral
flt lax ewr pilot bragged getting ewr early wait min jetway driver thanks united,negative
happy found phone easily worst system ever heard,negative
really hour dont like delay avoid well way asap,negative
waited hour airport told one fib cant ual honest customer,negative
round trip,neutral
well yet checked bag already vanished havent left airport yet,negative
thanks tonight would seem,neutral
rapid trip plane ticket idaho california doesnt problem would wonderful,negative
agent help point there problem amp dont want mess somebody elses plan u flow tech team pls,negative
delayed hour one hour flight frustrating im also unable get decent meal hournever,negative
please went beyond made u number one priority,positive
guy awesome thanks,positive
thnx,positive
think status nothing think bug search system,negative
anna palm spring gate deserves medal handled ppl missing flight like pro,positive
would appreciate answer werent alerted flight cancelled flighted plane landed showsomerespect,negative
wtf delay delay hour yvr san unacceptable flight crew availability blame never,negative
think left phone flight help,negative
great customer service thanks,positive
thanks would awesome,positive
hey left computer bag wcomputer inside united filed online report response,negative
empty upon takeoff cant someone sit,negative
case id requested day ill get response b,negative
na united fave airline,positive
thanks formed submitted im betting someone would honest enough turn though,negative
lh return business ticket den fraif fly domestic youbag checked frano need claim,neutral
also united phone representative asked web password normal,neutral
€ difference booked flight want screen shot,negative
plan reduce delay,neutral
im searching flight redeem mile getting different search result user account reason,neutral
rebooked hour original flight say handling situation bad would understatement,negative
would like supervisor talk waiting flight attendant one walked amp left,negative
whats phone number customer service question,neutral
kid left kindle fire hd onboard ua ordsfo today row abcdef whole row amongst u help,neutral
understanding situation waited opened pm,negative
“ hope see board soon thanks tweet ey” 👏👏,positive
curious going finally learn customerservice,negative
nice see u sense humor hourdelay want b home ill settle beer safely air course,negative
surprised go k last year nothing year happened soft landing policy level,neutral
pay person portland airport flying perth done u air,neutral
service desk gate helped u find flight get u dest time flight got cancelled flightled,negative
thanks answer question want make reservation phone perth hold hr family,negative
wasnt delay much straight cancelled flightlation weather wasnt issue either,negative
thanks ruining wedding anniversary flight ua ewr rdu delayed hour reach home nxt day,negative
cancelled flightled flight unknown reason havent really given anything make overnight layover tolerable,negative
difference responsible position something learn,negative
yes flight rebooked im losing trust want get anywhere time,negative
thanks keep good work,positive
reflight booking problemss last day time united wait time lt second kudos excellent customer service,positive
solution,negative
mind,neutral
im evry st flight take w delayed amp evry nd time missed evry time lastflightofthenight breakup,negative
submit complaint line never heard back dont id find,negative
cool customer told didnt care either expected,negative
freaking worthless hate airline,negative
u leave ord time week shameful,negative
missed daughter suppose dpt ord pm dpted pm checked week average ua shameful day average pm,negative
understand pilot would get plane st class empty coach seat near im premier k,neutral
fantastic night waiting hour delayed airplane alert u flight cancelled flighted land whatstatus,negative
someone airport portland buy ticket picked used day late flightr perth australia thanks,neutral
delta flight lax compensated rental car,negative
happens spooky spook much scare,neutral
missed set hotel flight delayed sfo hour missing wedding festivity friend 😞,negative
sent confirmation via dm thank much,positive
board customer onto plane pilot thing expedited time line book new flight come,negative
would great k u,positive
stuck tarmac last hour beer,negative
recent service bad nc trip aweful disappointed never,negative
freezing gate bridgewaitingforbagsunitedewr,negative
landed pm standing waiting bag loaded plane sidewhy isnt crew heretiredcustomer,negative
need plane get buffalo leave tonight progress,negative
rebooked however would nice wait extra min airport make right,negative
enough already poor service old plane ridiculous routing k time find new airline status match,negative
waiting hour finally board airplane find call maintenance plane cold😡,negative
broke suitcase amp refuse give repair estimate,negative
scheduled flight crew competent person working airline,negative
help chicago get gate freezing runway seems like crappy thing pm,negative
let go join first trip back nyc…as tourist,neutral
thanks kp whats going w tonight bad update online phone cant u give customer good info waste time,negative
got lost kindle mail thanks,positive
z code airfare refundable,neutral
didnt notice start boarding assumed e time boarding started gas cleared standby full flt,neutral
knew flight delayed mht alb ewr get crew arrival late flightr departure update site,negative
wtf cant update time timely manner youve known fight delayed ur service awful,negative
want book multicity fare mile flight option pay st flight mile nd ump visa thanks,neutral
waiting plane long missed connecting flight left early thats last flight tonight help,negative
ord gate c flt remember customer valuable hard nice someone lugging guitar amp carryons,negative
worst service ever denied access flight moved flight time hard schedule gate next time,negative
im denver bag san jose see something wrong,negative
know bad youre praying connecting flight delayed hour delay first flight justgetmehome,negative
playing hide seek gate cant find minute,negative
flight ord delayed air force one last flight sbn min landed,negative
flight really cheap whats catch,neutral
lgjwb voluntarily rerouted st leg journey economy supposed b re agent said shed reserve,neutral
hr late flightr still cant figure random text update embarrassing ua,negative
stop picking u cle,negative
booked flight sept get best price april usa checked € cheaper con unhappy customer ripoff,negative
big properly manage flight time thing time least prepared gate land,negative
id rather truth flight forced sit day trying get home,negative
leaving soon thanks,positive
another delayed day delayed outbound delayed inbound waiting ewr gate ready ready,negative
cancelled flighted mileage plus award reservation gc day yet see mile back despite agent confirmation,negative
partner booked individual reservation flight pr silver share premier privilege somehow,neutral
gate change minute flight roanoke flight sou fall ohare painful,negative
nut said flight ground still albany wont plane someone compensating,negative
doumented via link however four month response suggest shall expect one,negative
yall zero concept customer service ohand connection delayed,negative
curious youd board flight without pilot seems crucial flight process,negative
sent dm,neutral
changed crazy youragentshavenoclue,negative
never get flight time hour delay earlier another hour delay connecting flight make straight delay,negative
bc delay oversold passenger mess going compensate,negative
blamed weather lol wind cloud sky delayed way x ru kidding charge lb w delay,negative
worseoh cant delayed reason way lonflight cancelled flighted reason less day returning,negative
flight gate change top really hoping compensate pointsmileage account,negative
contact others flight cant get website work none info valid,negative
hour stuck still plane total failure partner ensuring best customer experience,negative
line iah avgeek,neutral
silence telling,negative
thanks hr delay ground crew landed least didnt break,negative
bought round trip chicago two day agotoday flight half way get discount,neutral
illiterate magic code make customer service site work,negative
worst airline ever staff nasty wifi bag delayed due weather belt broken selling ual stock,negative
star bar avgeek,neutral
im confused agent directed u go website delay nothing work,negative
wonderful time flight ogg msn lost rx eyeglass thick admiral club chicago morning found,positive
minute waitstill gate broken jetway might miss connection,negative
“ see information boarding process kp” get group amp reason,negative
bogota wallet fun,neutral
lost wallet flight yesterday houston bogota filled online form response yet,negative
one hour departure time still update,negative
following see one experiencing noticing substantial downgrade service post merger,negative
minute waiting gate broken jetway different gate maybe,negative
never got flight austin houston time connection ever ever,negative
got right safety demonstration corporate funny reserved corny a…,positive
sitting tarmac half hour landing jetway broken daysofunitedfailures thingafteranother,negative
look twitter history usual service non existent,negative
thanks reply contact customer care get clarification issue,positive
give couple week thank,neutral
make sure make cancelled flighted flight baggage upgrade fee seem like labyrinth might able swindle,negative
considered time arriving destination half hour late flightr scheduled,negative
thanks trying take money without notice industry cancelled flight service refund issued cont…,negative
direct phone number status match desk really regret flight booking problem,negative
yet disappoint sitting iad ua hr cant seem know plane hasnt left albany fail,negative
still sitting waiting plane hour wasted,negative
thanks help wish phone rep could accomidating,positive
line getting longer moving slower lady working counter great need help customerservicefail,negative
update flight would great,negative
wasting time baggage claim thanks dfw ground crew checked bag without actually checking space frustrated,negative
problem flight ny today,negative
flight heavy fly back palm spring air min,negative
boarding process suck learn,negative
ouch delay due mechanical issue qro wait yall seem falling apart alwaysdelayed unitedfail,negative
finger crossed capable getting baggage point agtb united airline,negative
happened afternoon huge amt incoming plane sfo delayed hour frustrating,negative
way impatience partits untruthful proper system place,negative
maybe person working customer service desk houston airport line row deep person working,negative
ill stick united flight thanks though effort much appreciated,positive
survey long fly lot segment ill fill every trip take minute,negative
think hiring baggage attendant ewr waiting bag hr united overchargedampunderserved,negative
fair enough dont usually rant good know someone listening,positive
telling cancelled flighting flight,negative
would hard worse last time im sure youll give shot,negative
thank delta transfer bag go,positive
“ happy board please share detail kp” done,positive
service staff less friendly,negative
happens every time newark,neutral
transfer bag,negative
comedian promise make fun stage tonight,negative
tried got whole character even done,negative
able get moon flight got hotel puerto rico thank,positive
u reboard without captain well sitting another min,negative
flight houston delayed duecto engine trouble willl hold connection argentina houston since im late flight,negative
great appreciate it😊,positive
well taken care thanks ive already sent survey request amp ill share positive experience despite delay,positive
thanks everything aok,positive
dm sent thanks much strong customer service,positive
delayed flight slc hour give snowforce,negative
ok thanks sent dm disregard,positive
excited put earlier flight get home woo hoo travel 🎉🎉🎉,positive
airline joke person working special service ewr line ppl deep grow,negative
concerned close club paid alot last flight p construction going inconvenient,negative
perfect thank,positive
care less person although walked away complaining man p lax club,negative
smiling,negative
worst airline world delay gate agent loses mind lb charge top already paid,negative
make delay,neutral
wed prefer everyone hear complaint amount airline,negative
bother surveying,negative
im standby connecting flight st list nudgenudge im told four slot open save please,neutral
worst airline ever leg travel officially done time vocab im taking premier status,negative
looking back never heard anyone call frankly got standard sop still think today,neutral
donna juan still best united club bad ual get,negative
connecting flight,neutral
got interrogated united club chicago unitedairlines rude poorform,neutral
want contact someone question amp put hold minute order hung sent pet line,negative
access frankfurt arrival lounge im flying global first class,neutral
keep delaying flight horrible customer service,negative
best pilot ever thank guy great trip thatisall,positive
really think downgrading boozefood selection club good way go look,negative
guy atrocious far better service silver delta platinum ill switching back delta,negative
thank,positive
thanks making sure hear message,positive
go golfunited,neutral
got email cust care issue offering voucher claim emailed back got reply dm,neutral
denied called got hung speaks manager second call,negative
club den east west disgusting,negative
installed working kicked hour wouldnt let back four wasted hour,negative
would like know possiable checkin online must done schiphol,neutral
go fr silver elite two straight year group time get group maybe whats,neutral
thats tried entering email nd device made email typo way fix amp option log outin,negative
delivery service use id like call,neutral
hr told guess theyve apparently bag hr call,negative
home next hr gfc,positive
thank,positive
admit app good lot useful func live seat map congrats,positive
still waiting bag web still cant tell location come tell u given minute,negative
seriously waiting hour plane flight leave pm leave plane great great,negative
kind cool run bos man sfo,positive
got call bag delivered tonight thanks reply,positive
global first class lounge ord menu yummy,positive
pleasantly surprised quality service flightflew lgacleden friendly crew love concept byod worksnicely,positive
like hearing havent replied tweet andor email yet,negative
rude grouchy agent dulles checkin got hour trip lousy start need nap something,negative
k use special people group one board global k together,negative
thats didnt read entire tweet wife pm flight delayed thats hour flight delay week,negative
always help communicate customer,negative
im sure,negative
help customer couldnt meet subsequently lost,negative
thank address,positive
problem laptop phone,negative
question given food voucher cant use planehow come,negative
cool didnt need go work today get home make sure house ok wind chill,neutral
please reroute oregon womens tennis santa barbara there supposedly another connection la,neutral
wifi ewr lounge reminds old day dial,negative
need pay car could flight help desk say already left shame,negative
long character,negative
bossf waiver business cancelled flighted due weather beforeafter flexibilitycompassion extreme circumstance 😔,negative
tried already amp tried forgetting wifi network connection still force log incorrect email suggestion,negative
see tweeting little min ago ignoring c request cantlogoutofunitedwifi,negative
mean,negative
hr yet,negative
anyone awake paying wifi iphone need using laptop logout option wifi flight time wasting,negative
great job answering public message direct private message much,negative
work customer support extremely saddened united wont waive change fee flight cancelled flight due east coast storm,negative
hows refund coming along,negative
another fcking delay past hour,negative
online inchecking able netherlands am,neutral
sfo hnl zero entertainment systemsyouareonyourown,negative
log wifi flight dont see option made typo logging help,negative
special promotion flight departing newark nj st john antigua,neutral
flight ua sfo burbank delayed twice still plane sight get together,negative
saying truth dont even email,negative
mr shes way thought id detail extravaganza dobetter please,negative
hi premium ec upgrade paid amp mileage bf upgrade done prem eco upgrade fare refunded,neutral
deaffriendly getting read review,neutral
followed baggage rule website still charge going one way,negative
sent dm hour ago,negative
need track lost luggage shipped need ph human automated,negative
dm conf receive,neutral
weighed checked bag,negative
still waiting response whether allow use rear facing car seat erj,neutral
nonrefundable hence wrote doesnt make sense credit nothanks,negative
website day yesterday tried x put info inampdidnt go thru today flight bought went,negative
realize wife waiting delayed flight moment im sure understand tweet,negative
im minor freaking bc might make connecting flight hawaii yes im frustrated,negative
sorry ended u air flight thank though getting back,positive
denied sure charge one way way hime,negative
need complain twitter refund autoapplied,neutral
even change could made online instructed call agent maybe syastem allow agent link passenger,negative
case id,negative
pricey chase mileage plus cc,neutral
airbus seat awful dont recline,negative
dm follow im plus theyre option thats fly epicfail,negative
great way start vacation time departure looking forward global first class suite,positive
embossed badge patch superior one currently using,neutral
sitting plane hour scheduled takeoff without cloud sky keepusguessing isthisyourfirsttry,negative
thank responding promptly look forward km drive office file claim,positive
would great,positive
death family cannot make flight tomorrow phone rep quoted per person fee almost cost ticket help,neutral
airplane otherwise would call police flight take ham,negative
huh sent crash report feb alone one day app consistently crash,negative
abused threatened forced travel lower cabine last seat yesterday flight houston sao paulo,negative
youre welcome,positive
contacted yesterday told there nothing suggested email compensation cust service,negative
im ua k think looking help,neutral
re fsqthg thanks,neutral
unfortunately doesnt help automated computer,negative
flt ewr sfo excellent service friendly flight attendant made flight good start day,positive
yes instagram,positive
really shouldnt use word crashing sayin,neutral
airline delayed flight way chicago leaving chicago next time,negative
inquire nothing itpretend they’re interested responded dm response back,negative
need assistance change flight get ailing parent flight leaving tuesday need change asap sooner custserv,neutral
must stop relationship youve become greedy heartless long term relationship,negative
customer service lacking owe camera also appreciate interrupted every time speak thanks,negative
need follow order dm,neutral
get refund would like book better airline,negative
call discus told united phone contact passenger absurd,negative
messaged requested called baggage team still newark please help let know next step,negative
airline changing mileageplus program march,neutral
one club lax terminal across gate,neutral
definately award employer year united,neutral
guess thats busiest route based trafficfuel cost regional jet decision still great traveler,negative
flight delayed minute ord plane didn’t food fixed future it’s dumb delay,negative
need change flight tuesday sooner attend ailing parent fl need help custserv,neutral
need chat actual human asap,negative
already emailed didnt know expedient contact please advise thanks,neutral
got email saying change mileageplus account confirmed didnt make change help,negative
yes landed,neutral
joni great job flight lax thanks great flight,positive
far good stepped denver next stop portland,positive
disappointed service missing connection hour delay cramped seat least app good,negative
joke hang customer,negative
charged one way baggagefind others leaving pittsburgh equipment werent charged hung,negative
orthodoc oncall inflight glad service,positive
publicly asked detail flt sent dm like asked yet day hear unitedfail,negative
flight attendant regains karma giving big sweaty dad cold water guy running amp carrying daughter last one onboard,positive
really hoping get help th attempt get resolution lost count transfer help please mileageplus,negative
click lounge tab need flying supported sa airline,neutral
sent dm file reference number want know someone located bag even yet,negative
want shout thank pilot staff feb flight newark boston pm super helpful,positive
help ua cant take without missing galley cart one find pax seated last hour,negative
grandma ellas th would love birthday greeting flight crew stewardess eastern airline,neutral
hiring flight dispatcher chicago il network operation centerl,neutral
doesn’t make sense i’ve k year you’re making harder keep loyal,negative
updated power outlet seatback tv yet flying ord tokyonarita th,neutral
need get cousin pdx shes day travel weve hire sitter til arrives thx,negative
keep flight cheap earlyon time good flew cancelled flightled flight time last month unitedgt,positive
premier desk able rebook friend problem pay checked bag,negative
thought nothing happened,negative
im booked return flight,negative
flt ord correct per dm flight ord cvg charged incorrectly,negative
need change way customer service handled waiting supervisor contact day give,negative
need talk actual person missing luggage please advise make happen,negative
know see estimated time dep dont understand wasnt better estimate hr ago,negative
news,neutral
trick making u look popular twitter worst airline wellplayed jokesonus,negative
request refund charge twice first place,negative
ill calling soon going tomorrow like show app good option,negative
i’ve filled form twice email lost item code verify received,negative
message sent thank,positive
thats told refund doesnt really makeup inconvenience caused missed meeting,negative
year van gogh fan visit europe,neutral
year van gogh fan visit europe,neutral
please explain need pay bag fee twice equally delayed flight resulted bag rechecked overnight,negative
watched entire uncvsduke game tarmac cancelled flighting flight crew timed right hr flight,negative
reflight booking problem would made reach time meeting also didnt wanna take chance booked instead,negative
eat airport areyounew incompetent nonumber feeltheheat,neutral
vacation day relevant ritz pr night losing day idiot sleeping newark ramada priceless,negative
time spent night trying sleep toddler bed airport ramada without luggage kidnapped furious,negative
calling check future flight first agent hung sent pet travel line hell,negative
fyi siteapp still show plenty unavailable flight error almost hr sellout flying,negative
sure youve saying long ive tweeting obsolete fleet promise free,negative
followed messaged thanks much help,positive
thats concerned,neutral
please consider letting flyer overhead bin item boarddeplane first first class make sense,negative
never flying unitedairlines ever checked bag lb angrycustomer unitedairlinessuck,negative
thanks jt,positive
trying locate passenger landed hr ago ua assist flight still custom please help,neutral
thank la something special,positive
flight turned around mechanical reason never fly united dont check plane properly,negative
customary upgrade flight attendant uniform v passenger one b flt iah,negative
really addressed somewhere website find completely irritating amp unable take flight,negative
ua hr mechanical delay get voucher tweet book next trip ua,negative
spends minute beating lady bag fee random stranger come pay fee randomactsofcorporategreed,negative
fee,neutral
hii still waiting refund ridiculousor u approve ticket u give refundplease advise wht going,negative
hi booked flight yesterday received email w confirmation number today got error active flight segment,neutral
update dot looking united fare london u last week,neutral
thanks mr got rebooked already lost first class seat life,negative
booked flight yesterday appeared account confirm email since hour disappeared err segment,negative
boarding cant agent phone taking care k traveller link reservation,negative
ewr ppl told call xday since monday still layover loc ref tho help appreciated,negative
ruth helpful rerouting u punta cana dulles connection failed rep helpful,negative
thank 😊,positive
booked time called told confirmed linked even make change rez,negative
board flight cancelled flight doesnt pilot miss meeting atlanta someone slept,negative
dont milage number cant sent mail via dm youre following follow sent dm,neutral
response week since complaint submitted day since said would look,negative
thx come hell high water,negative
worried cold weather snow would delay u morning pilot stillwaiting,negative
rushed degree weather get airport time bad pilot didnt stillwaiting,negative
refund,neutral
aisle please,neutral
thanks quick reply fill form idnumber hopetogetanswersoon,positive
handed slip paperampsaid call called xday trying get sent still layover airporthave ref tho,negative
good maybe make losing medallion probablynot,neutral
thats fine ill take,positive
live abroad flight booking problem flight come visit state,neutral
,neutral
recap bounced flight lied hung supposed thinkdo,negative
thank second flight already got bumped st love,positive
said would need get supervisor waiting supervisor hung,negative
called lady overseas call center said saw note explained situationagain,negative
could access seat map said would note upgrade itinerary call back late flightr,negative
spoke someone feedback line last night said would get preferred choice seat today,negative
good ill call tomorrow thanks,positive
next day,neutral
filled form haven’t received sort email confirmation it’s received normal,neutral
loses luggage loses reservation hour travel day want get,negative
oh flight fine lost luggage much look like ill least half day late flight conference santa monica,negative
h flight without working screen friend possible move another place unitedfailsworsttripofmylife,negative
n dreamliner leaf london heathrow,neutral
gj flight didnt wifi even though promised ground crew anotherdisappointment,negative
gj agree hour late flight arrival unacceptable hope pray bag,negative
unhappy uniteds service read ralph naders open letter uals ceo leave comment rt,negative
ok dm info,neutral
best seat paying customer get board first badcustomerservice,negative
happens time united pilot always exit row america treat customer better employee,negative
yes got gate specifically asked seat discouraging walk past crew,negative
koalax fresh food service right,neutral
omg thank u😻😻😻,positive
unavailable leg registered hour sold option offer min ticket travelocity,negative
error message said couldnt process request last step seat selection leg agent unaware,negative
soon going wait time gate empty msp airport flight min still counting,negative
horrible wait time get gate show total miss management value customer time respect thier sentiment,negative
disappointed service starting gate operator bos rude stopping carryon bag,negative
service suck mexico houston finally realized snack inst dont work cheap,negative
thank,neutral
okay thank,neutral
snack available fresh foodnot sure happened im sure grab bite sfo connection,neutral
guy flight follows threat sue couldn’t carry bag defend free,negative
done requested,neutral
pls post video belligerent jerk ranting sfo thats he going sue making check rd bag he hoot,negative
gj believe hand worst service ive ever experienced make look amazing unitedairlines,negative
please give special thanks aaron tampa office helping literally two hour he amazing mission accomplished,positive
cant tellpurchase website put u lufthansa flight first leg,negative
turkish airline rebooked u united flight second leg fra gt iad way check upgrade available,neutral
hey left favorite blanket plane bring back home,neutral
gj funny attendant recommended tweeting letting know subpar customer service runaround,negative
followed amp dmd,neutral
want hotel room whiskey,neutral
flightgotta make connector,neutral
ok noted detail dmed shortly,neutral
b gate far though,negative
ua ric ua ord amp ua den delayed nonweather issue way go youre batting hotel,negative
would made hadnt already booked another flight cancelled flighted original reservation,negative
book reward travel august everything blacked,negative
win,positive
trying change flight booked hour ago online system charging fee per passenger could please help,negative
submitted complaint need compensated long take,negative
info delay sfo tomorrow due low cloud,neutral
horrific flight experience guy made never want fly airplane every,negative
flight rsw tonight amp twin year old pilot row stayed help get boy amp bag lifesaver,positive
flying united oversorry captain still minute preflight preparation make sat air,negative
thanks,neutral
yes thx landed,positive
get clue kmm miler response give,negative
trying get email talking business people expect airline wifi,negative
finally arrive bogota good long flight,neutral
tried already cancun one delivered,negative
illegal breach contract touch customer feedback,negative
way treat customer lot issue worth headache went thru,negative
yes ewr corrected fact beought u share room unexpactable,negative
want make day friend premier amp soon chance upgrade two hr leg flight ecom plus,neutral
please review fix baggage procedure dulles happens every week sister travel airline,negative
nothing else gj customer service,negative
thats course lax,neutral
ok thanks counter located late flight open,neutral
oh im rebooked hour original arrival time talk compensation,negative
coworker conflict hotel issue trying share posted facebook page erased,negative
lost parent luggage cancun said would delivered hotel pm almost pm,negative
watched connecting flight den pull away gate pull gate slapintheface,negative
version row window go ahead check well wait,negative
im pretty sure ive got shin split sprinting iah watch plane pull away jet way,negative
well income flight dca take u ewr delayed made u miss connection fll yes hotel necessary,negative
please stop cancelled flightling flight trying get home take two exam tomorrow youve cancelled flightled flight,negative
amp ive hung twice staff upset right,negative
dcaewr flight,neutral
hour flight fll ewr waiting hour plus bag sign yet give,negative
better airline continental service fee flight booking problem fee talk human fee fu,negative
chance could look problem earlier,neutral
despicable spoke many diff people amp everyone telling something different claim need bag,negative
come crew traveling flight get better seat get stuck checking bag crew bag got flight,negative
funny thing happened arrived flight denver gate currently scheduled depart sydney lol,negative
forgot intl flight lax dont go intl terminal easiest recheck ever woo,positive
please tell united fly sydney australia pref asia pac u voucher redeem,neutral
cant claim weather hardworking crew pulling seat plane right thing know wont,negative
youre missin point weather youre lying seat broken u claim weather get hotel classy,negative
trying break world record delayed flight year,negative
flight dont appear applied mileageplus account help,neutral
im aussie cowgirl lookin cowboy take fort worth estelle say ill find,neutral
okay thank help,positive
captain said pm flight san francisco delayed due weather ua departs failagain,negative
bet doesnt turn thirty minute delay original flight hour delayed arrive time,negative
best way reunite one true love shopping usa fashion capital newyork unitedvusa,positive
find way distinguish boarding premier member credit card holder group big,neutral
final destination booked united quantas united yet contacted auckland unaware case id number,negative
air dmd,neutral
worst flying experience ever past three day airline need get together lost customer,negative
yes,negative
customerservice fail long time flyer switching airline frustrated,negative
okay thanks help jt appreciate time,positive
screwed professor maybe tell everyone aviation airport airline innovation startup tech,negative
right thing reinstate ticket voided unitedfail,negative
negative done wasting time amateur customer service thanks least offering,negative
week ago awesomebright vibrant habitrails,positive
worry everyone boarded cushion brought took made,positive
sprinted c concourse e made coughed lung process clt tnx,neutral
hey think someone could meet book arrive yes please amypoehler oscar took,neutral
hopefully give feedback bafore flight,neutral
good flight thank,positive
dm hold customer service long time min getting runaround thanks,negative
im asking simplify communication thx,negative
yes lhrt lounge fantastic u one could remotely similar,positive
omg bag yyzua enough shenanigan already getting real old real quick,negative
see hour thanks,neutral
invite fallow learn activitiesprevention program health condomrito familywe r cthanks,neutral
nice lhr congrats im sticking aaba,neutral
long take mile repurchased expired show recieved email request,negative
please stall flight ord get sna tonight,negative
thanks,positive
get gate ua turrible,negative
worst airline lost luggage delayed flight unaccomidating,negative
flight,neutral
flight n arrives following flight,neutral
officially favorite airline created magic day friendlyskies careyon,positive
wonderful flight attendant named leah u lga den den anchorage,positive
protected flight gate agent kerry la also excellent job getting destination today thanks,positive
yes dm,neutral
staff deck cabin ua sfo gt bos exceptional today please tell well done,positive
mean real live person somewhere go speak newark post security,negative
hi bought flight united ebokeers paris miami chance check everything ok,neutral
worry think it’s control email keeping informed,neutral
talked themon standby tomorrow doesnt look good may stay till friday amp thats guaranteed,negative
jt ord phl flight pm cdt delayed dm im kinda hoping stranded ord either,neutral
happened flight status map cool,neutral
plz dont advertise wifi gonna work thanks worstflightever,negative
hi guy submitted request tickethotel reimbursement delayedover night stay coming back dominican help,neutral
apologize president employee blamed heard repeated time,negative
yes want complain coworker neither customer service point airside,neutral
change fee exact flight atlhou charge math doesnt add,negative
hello im overseas amp bag lost cant call customer service help,negative
landing anchorage way fairbanks,positive
knew shouldve flew lol,negative
ua ewrmco feb wifi never connected allowed purchase access twice amp charged need file claim,negative
admit youve rather good year youve still got hooked peace,positive
kinda funny worry,positive
feedback concern via site aren’t going improve poor airport experience,negative
dropped bag newark desk guy rudest customer facing person met even two child shocked,negative
great looking forward response dm,positive
quite enjoyable 😊 except he stuck runway houston 😕,negative
thank getting daughter home cancelled flightled flight nashville,positive
thanks reupgrade st class may min flight appreciated,positive
make total sense except flight wasnt full ive got empty seat around amp overhead half open boarded,negative
“ sorry hear flight need help reflight booking problems” 👎,neutral
trying get san juan chicago ohare lot problem may get standby flight,negative
alright thank page say route aircraft specifically,neutral
well sortawe r trying get aquadilla pr flight go day booked ua cancelled flighted flight nj,negative
cost change city origin flight cost customerservicefail,negative
sent long note suggestion thanks getting back,neutral
least u ua ord waiting deplane catch ua clt chance waiting last second u,neutral
done thnx,positive
im still frustrated gave seat amp promised travel certificate withheld wo explanation,negative
gotta love giving st class upgrade bc flight delayed get another flight also delayed ensure make connection,negative
pty pit via iah,neutral
sure happened msp yesterday unhappy bag delayed sat msp hr b delivery,negative
possible redeem mile one part round trip itinerary without book two separate reservation,neutral
im flying way back rarely fly let see better,negative
sent,neutral
almost like punished living near large metro area ewr top ranked domestic delay good,negative
honestly stopped trying report thing via website laugh flight work mile accrue im sure cosmetic,positive
thanks weather understandable every single domestic flight delayed inbound intl flight crazy,negative
houstonbogota boarding safety first seems mechanic fixed problem faster good energy fly homefamily,positive
tag number luggage taken weigh scale appears sent conveyor belt without tag,negative
reported still istanbul moment apparently plane haha hat pilot,positive
understandable try flight booking problem several time passenger amp got message mentioned agent price,neutral
hey awesome thanks reply filling form,positive
flying tomorrow mexico u mileage tkts dont show k status help,negative
correct date,negative
phone rep none could see rebooked missed flighttold go standby nonexistent late flightr flight hurt,negative
report filed airport police th th februaryi police case number required,negative
cant dm youre following lly rebooked ua still need seat,negative
supervisor situation stacey took detailsno claim number given u,negative
hour since boarding began still sitting gate ua,negative
tks reply psp employee blamed late flight departure potus main reason dvr flt late flight amp insufficient ground crew handle,negative
took one window also fun get motion sick,negative
pilot fa ground personnel great job weather blame talk,positive
find text funny considering still sitting seat need changed,negative
houstonbogota engine problem mechanic trying fix problem safety first better change plane,negative
thanks make sense annoying cant determined better,negative
patiently drinking tweeting experience,neutral
blame giving time get drunk tell feel overpriced sub par airline,negative
idea u dont want u frustrated dont cancelled flight flight crew overflowed toilet get plumber,negative
patient luxurious middle seat next delayed flight,negative
patient agent explains booked new flight plane doesnt arrive,negative
please help trace luggage put without name tag february albuquerque airport,negative
patient let string tweet go showing people bad business,negative
think guy half full flight held overbooked pm flight fill one cancelled flightled mine,negative
inflight promo tv includes brian williams tough edit quickly complaint observation,neutral
thanks ill fill form one read responds,negative
patient refused switch flight bc checked bag cancelled flightled one,negative
sent dm last week suit regarding error response given please answer dm tell send suit,negative
try standby denver tonight cancelled flight father son trip till next year thx trying,positive
wrote got nothingand u simple thingwill ypu provide compensation delay,negative
many currently operate aircraft operate,neutral
“ dont want customer frustrated thank patience jt” lovely sentiment one,negative
different departure arrival update ua hr please,negative
nope really window f one one none sad,negative
vegan meal creative noodle pea zukes nonvegan yogurt acceptable vegan better,negative
well thanks charging switching two cancelled flightled flight anyway pretty nice stillmakingmepoorthough,positive
well john hughes birthday stick w plane amp hold train amp automobile gate worker well,positive
son left tablet plane country call easily email contact,negative
show new program beneficial longstanding loyal consumer,negative
hear blah blah blah shoulda used buy ticket instead amp ill driving flying,negative
yes supposed pm board meeting tomorrow finger crossed,negative
thanks letting switch flight bc checked bag cancelled flighting flight forcing take another hr late flightr,negative
thank love united flight today,positive
thanks checking,positive
informed dont reimburse issue due weather flight keep getting cancelled flightledthor hate,negative
midland couldnt get bag connect intl flight sydney get em la amp check em,negative
may last time fly airline,negative
company motto care heard several time employee client past week idonotcare,negative
tell staff lax boarded group end queue gold member thanks nothing,negative
missing crew passenger doc problem frozen toilet plane give money back ua,negative
fantastic job people today ua dublin jam packed plane crew wonderful,positive
min departure one waiting pressed ground staffer threatened want get sf today fail,negative
flying lax sfo system wont let check site tell tell,negative
btw managed time departure time destination amp wouldnt take away year old kid bag,negative
go ahead live premium cabin im heaven en route lhr,positive
feeling poor churchmouse level dollar enough make grown man cry im grown man tear happened,negative
sure plane hour late flight ontime departure ship sailed away long time back,negative
ua mligtden miss connection ua dengtyeg due delay,negative
come airline flight last year make check carryon even gate checkbaggage claim,negative
change airport actually get flight flight fay cancelled flightled twice taxi ride rdureimburse,negative
operated united heathrownewark flight,neutral
yes course treat customer recourse,negative
stunned bag hartford ord ground crew hour move bag yard,negative
someone assist dm waiting hour phone hour twitter,negative
flight overbooked offered voucher wait amp take another flight gate agent switched retracted voucher offer,negative
thanks helpful understand reduced price seat sold checkin priority certificate,positive
million miler ive delayed plenty never amateurish way id embarrassed affiliated,negative
airline claim low fare guarantee wont honor lower fare found,negative
another delayed united flight surprised upset im mostly disappointed cancelled flight trip dad,negative
still cant dm lh,negative
thank margo houston bush intercontinental getting home earlier,positive
booked flight w saw price time searched wasnt least bit frustrating customerservice,negative
thanks didnt want see weve started flight search fare amp rule itinerary changed,negative
cat flight delayed hour arriving hawaii amp wont able pick tomorrow 😭,negative
mind getting next flight,negative
youve lost bag least nobody done anything help absurd,negative
whats reduction e k longer confirm e forget upgrade want legroom unitedfail,negative
offered voucher switch flight voucher offer doesn’t exist amp gate agent switched delayed flight,negative
southwest u mechanical problem least gave u round trip voucher step plate flight,neutral
usually like flying guy fee use credit seems ridiculous notcool exhorbitantfees,negative
thanks much missing bag nonexistent staff apparent remote outpost busy airport city,negative
friend lost luggage flight,negative
sweet follow back ill get dm,positive
reservation changed longer make connecting flight change without incurring fee,neutral
good next flight little delayed worked 👍,positive
flight,neutral
boarded ua refused carrying overhead bag space plane load space fail customerexperience,negative
get act right lost customer staff wouldnt let u take approved carryon half empty flight,negative
raise dispute cc provider hopefully clear,neutral
held almost minute promised free movie didnt work neither wifi paid boo,negative
nice partner delay keep increasing every min,negative
ua admit clue flight leave denver unfriendlyskies,negative
yep long waiting phone managed rebook hope pleasent one thanks ur help,negative
worst experience ever flying,negative
ua inbound flight dep time get closer push back min youve hr,negative
flight mke ord getting delayed gate attendant communicating,negative
plane sound like dj scratching normal eventually new entertainment fee,negative
chase say referral bonus thanks,neutral
trust united future flight booking problemss confirmed ticketed purchased ticket cancelled flightled fact,negative
rebooked one late flight,negative
nd late flight flight today,negative
u miss first leg ur flight pay hundred keep second leg much keep earned mile,negative
iad buf incredibly loud like third world inner city metro bus lowstandards,negative
cancelled flighting bought ticket friend cant get credit name,neutral
boeing star alliance short final l amazing winter morning avgeek,positive
day one flight roundtrip,negative
blown away stellar custserv thank lt,positive
overall experience flying friendly,negative
good start would warm plane departure time flight isnt delayed due frozen water line,negative
annnnddddd im going lose first class seat flight shuffle,negative
nicest gate attendant newark airport gate right multiple delay still pleasant everyone,positive
hour mechanical delaykilling,negative
every time check bag airline im confident wearing clothes day please prove wrong,negative
trade show come awesome deal sunkist,neutral
thanks united running water late flight flight grand rapid denver,negative
kn allowing bypass receipt refund request form never received receipt email charged,negative
please help left ipad air flight nyc paris yesterday can’t get touch anyone locally,neutral
happen really confuses st content come screen technology forward united,negative
mean like mailing address rate surliness united coworkers im guessing benefit arent great,negative
already sent feedback rep told priority im speechless system,negative
monopoly doesnt mean treat frequent flier like crap,negative
yeah bag way per usual im actually getting used getting delivered kind nice sense,negative
much baggage check international flight,neutral
take week new mileageplus premier card sent stillwaiting doesntfeellikestatusyet,negative
wonder people hate dealing airline ridiculous inflexible policy need phone number resolution,negative
levd pnr numbered flight first leg cancelled flightled due bad weather iatanbul make reflight booking problem,negative
suggests cant confirm cert time flight booking problem assume may never clear didnt used way,negative
thanks explanation seems like odd incentive structure tho dramatically diminishes value cert,positive
sfo clearvision tvu united terminal sfo airport,neutral
dont really care comfort care profitability thats fine unfriendlyskies,negative
honest customer new seat designed fit row plane row money,negative
missing wedding delay would cool,negative
designed deter people forgetting thing provide storage space article say latter unfriendlyskies,negative
think missing meeting worth flight voucher fly time would make right,negative
pile time update flight tv package,negative
hard add meal preference booked ticket forgot amp impossible even called,negative
amazing really,positive
learn hold connection texted another flight late flightr connection hasnt left pulling gate,negative
credit flight cancelled flightled new flt booked yr orig purchase date flown date,neutral
partner first trip nyc bought ticket time please seat u next conf ilchp,neutral
ridic cant transfer credit amp youre taking cancelled flightling atleast let keep credit damn,negative
thank one month ago none weird dont club one busiest airport u,positive
plane took gate waiting lot dia,negative
flight omaha chicago en route nyc seating partner separate please fix re ilchp,negative
airport self checkin option im employee training bitch send paycheck asap,negative
website say day counting,negative
one last thingunited club crackersnabisco pepperidge farm,neutral
lack customer service astounding daysofhell,negative
ha happened year ago havent flown since,neutral
bag day late flight like rd time past couple month free mile,negative
course helpless everyone else,negative
flew ord miami back great crew service leg thanks,positive
year old flying tokyo vacation bad knee happens,negative
another week passed hoped would response,negative
there reason take day respond,negative
yes know question still case fail,negative
exitrow window shade approx window rjs lta frequent flyer,negative
worry customer service get bad wrap spoke w agent saved huge amount time amp apologized yesterday,positive
excuse leaving minor spend night sobbing hour plastic chair uas action terrible united,negative
perhaps could fix answerthis,negative
wife sharing dreadful experience dont pretend ua care young girl traveling alone united airline,negative
jh going process refund wifi asking receipt never received email guy whacked credit card,negative
dont post link article verifies initial complaint comment saying thing,negative
breaking somehow make longer dont cut circulation leg unfriendlyskies,negative
people status get buy upgd much less cost ahead premier earned confirmed certificate,negative
please burn dream burningman ticket sale today,neutral
worst agent u ft lauderdale airport passenger stand line getting status alert amp still didnt make announcement,negative
get free upgrade problem weve reservation mkwlkr,negative
send personal plane get u school icing dont want get stuck,neutral
start xweekly b flight neworleans cancun maysep avgeek,neutral
fail set song united break guitar lt lmao,neutral
yes would love upgrade voucher please give call,neutral
come cheaper fly bkk nrt even though get bkk take extra flight nrt,neutral
regard flight couple week ago im frustrated policy amp expressing,negative
thanks reaching seat hard enough cushion ok short flight btw ua flight crew great,negative
surprise otherwise flight dont good feeling airline,negative
told lostyou guy dont know,negative
landed day late flight almost sleep feel sorry woman consoled who mother died night,negative
sfodfw also sfoord,neutral
disappointedunited feed small child amp half hour flight honolulu los angeles appalling esp food waspaid,negative
thanks supervisor miriam provided great customer service finally,positive
filled airport part long day made longer,negative
today staff msp took customer service new level father passed away last night amp helped get home today thanks,positive
ua delayed winnipeg plane frozen fail make connection ua tightconnection denver,negative
delayed hour missed connection due mechanical issue st flight rebooked please call,negative
flying stl saturday expecting ice amp snow start looking travel waiver thanks,neutral
add mile january air china flight mileageplus account,neutral
know update every hour telling dont know bag also equally irritating coltsmissingbags,negative
lightyears ahead security control newark airport wasted precious min w bad efficiency frightening,negative
great thank,positive
submitted status match last week heard back im delta customer looking switch united please assist,neutral
montego bay going back gate bc person late flight awful service came time,negative
right guy charging air breathe next,negative
get namesdallas flight chicago,neutral
word sorry sorry plenty airline travel lot,negative
delayed united gate agent borderline rude asked flight status question happening united,negative
need speak supervisor someone willing help use credit asap letsworktogether,negative
give service terrible wasnt forced use united certain route never would,negative
club denver dope 👌,positive
im checked agent wouldnt tag bag im standing line hell,negative
never going get gate rate,negative
getting ridiculous missing connection,negative
couldnt use confirmed upgd cert gave bc decided sell anyone biz seat bother giving,negative
locked account needed access book flight,negative
january th,neutral
chance troubleshoot check in minute per person,negative
earth could close united club atlanta major fail airport size,negative
sorry hear outsourcing plan boise best staffcust service country boise,positive
lgaord ua get agent name argument baggage policy,negative
yes staff rude unempathetic needed jacket tablet got u take carryons cause plane fulldont lose em,negative
monday evening,negative
pri boarding active military uniform cant travel uniform opsec reason even official travel,neutral
leisure military personnel safety reason r highly recommended travel uniform,neutral
ticket counter master smf helpful,negative
cool thanks,positive
baggage shannon never mind u work giving back,negative
youre listening lowest provider inflight wifi get time,negative
thats funny emailed found hadnt left lhr mean time stuck bag nyc,negative
biggest joke companyi never fly day waiting bag dont even know,negative
havent updated flight delayed super frustrating,negative
long expect formal response take,neutral
hi flying domestic first sea hnl pay use lounge fly international thanks,neutral
mean fortunately dont want flight affected 😉,neutral
volume profit aviation aircargo,neutral
go airline lounge w star alliance club card bcn told star alliance isnt accepted,negative
u reply customer refund form unitedairlines,negative
ltltltltlt shoddy customer service use whatsoever unitedairline,negative
ltltltltltlt reply email,negative
day since applied compensation correspondence,negative
suck money book flight see love life mile away,neutral
submitted customer care form jan th still response little longer business day,negative
clearly united life stone age people dont need computer make site better tablet phone,negative
dealing via email anything crappy web form made mobile device,negative
speaking flight skateboard allowed carry bagage right extra payment needed,neutral
next thing know united believe dot take court united anticonsumer,negative
read last hashtag go f united make sense since f u cancelled flightling ticketed reservation,negative
link message replying thparty itproblems,neutral
hi read weather warning east coast u would flight lhr sfo affected,neutral
delayed connection customer service today ill able pay final respect dear family member thank,positive
allowed bring duffle bag back pack carry personal item flying ny,neutral
im sorry united isnt able keep word cuz totally inadequate still say customer fault,negative
know bag knew hour ago killing worst service ever,negative
stop pretending care welfare daughter united airline opportunity help n failed united airline,negative
received one previously th checked odd said complaint associated email,negative
ok pretty sure wait see happens,negative
checking tracing information got number wrong phone number amp turquoise duffle bag become black laptop bag,negative
treat service member like crap never flying unitedairlines,negative
thanks ua den min tarmac,neutral
point upc code checked baggage cant tell luggage vacation day trying swimsuit,negative
sfogtbos nonstop flight competitively priced jetblue virgin v identical time,negative
come baggage update,negative
thanks response bag came long wait priority tag werent honored disappointing,negative
hit keep coming unitedfail unitedwithivy,negative
hi jh yes please since lost almost whole day way could help change return one day late flightr,negative
hr searching flts find site amp cant book offered bc seg isnt really available lie falseadvertising,negative
next flight dont think ill spending anymore money guy ever bad,negative
bag yet palm spring airport lax come beat bag,negative
couldnt changed tire delayed ua flight arrived instead waiting boarding,negative
generic form ton field asking info already expected premier platinum another servicefail,negative
wtf username andor email addr signin still unavailable trying login since sunday,negative
flying msp dxb child turn trip buy return ticket child,neutral
want bag vital equipment royally screwing im cranky want update,negative
guy big heart keep good work,positive
flight sime rudest flight attendant run drink card flashlight dropped noapology,negative
disappointed partner communication extremely late flight flight really around horrible,negative
unless guy im good,negative
mile going restructured help silver status brotha thought winning guy today lol,negative
even multiplier ticket price still never equal amount mile travel even transatlantic flight,neutral
missed connection wrong city bag palm spring hotel seriously tired treated way,negative
bag werent lax like promised thing today mess today,negative
dang thought teleportation device ua,negative
received bag appreciate taking care matter following,positive
still havent received response please direct message contact information,negative
ive waiting bag iah min theyre freaking people flight waiting bag fix,negative
game one reason payed something could work,neutral
take note great example actually making good extremely inconvenient situation,positive
rtbgtiah first class wife global service headache due neighbor smoking e cigarette contact pls,negative
federal regulation prohibits separated bagyet lose bag thats okay,negative
tried check min flight rather min stonewalled employee,negative
hello wondering long might take turkish airline flight show united mile thanks,neutral
guy working plane,negative
almost major accident ua passing information u waiting plane,negative
said go take time go knowing issue knowing won’t fix,negative
hour delay plus jetway wont move biz traveler never flying u,negative
son passenger flight chicago toronto plane came within foot colliding another plane stopped,negative
made mad called bag number person helpful told bag really,positive
yes airport person told bag still nashville filed claim,negative
thing fella done right today get pacific time zone,positive
ugh bag sent palm spring lax promised better hotel get,negative
direct messaged didnt hear anything back,negative
yup happens way often time last month,negative
great thank ill send,neutral
handle bag issue wouldnt put onto first place,negative
big pilot turning hr tarmac min delayed arrival,positive
returned vacation went luggage service golf bag presented clear wrap couldve used first place,neutral
holiday lifetime new york ruined lost luggage failed find since sunday wontflyagainwithyou,negative
golf bag didnt top cover staffer said couldnt check without type cover wrap forced leave bag,negative
offer real food american club like amazing food offer heathrow,negative
bag lost travel united please something,negative
,neutral
stuck plane hour due mechanical fault update please happened way newark lhr,negative
flight unfortunately isnt isolate flightd incident havent waited less min year,negative
mention one bag infant car seat amp weve stuck yr poor replacement icy mtn road,negative
ur hemisphere magazine im open u make flight pleasant,negative
hard believe since staff sfo checked someone name ritacomo flew ewr day,negative
late flight im tired understandably edgy trying catch flight wasnt chipper def rude,negative
rude cust ser agent busy chatting yelled bc took pic put stdby seat diff agent gave seat min late flightr platinum,negative
frequent user congrats u lost bag year problem today staff rude😢 still bag,negative
sivi stewart lax fantastic tonight helping find lost item u airport much thanks,positive
yes though located bag yet lovely flight outside,negative
got home amid snow amp cancelled flightlations delivered bag wo hassle plus wait phone amp upgrade thank,positive
wife phone several time past day result,negative
saying customer care report anyone response humiliating company serf public,negative
unitedairlines feedback benefit correct atrocious customer service good know,negative
unitedairlines fill form never receive response expect remedy travel another airline cancelled flight member w u,negative
ewrlax ua seatarmrest broken discover takeoff flight fullfa filed report chat partial refund,negative
told go knowing issue go find won’t fix,negative
made way airport say won’t fix handle showed problem said go…,negative
link tweet go someone internal email gt probably one rd party contract,neutral
bother responding customer service worst never using guy,negative
flight houston,neutral
free hotel doesnt make poor customer service disregard,negative
messed refuse wait min united fault delay leave early absolutely disgusting,negative
mechanical delay occurred houston earlier today flight ord,negative
ord roc fam came see sna im member dad used mile,neutral
cc boldflavors “ we’re bringing bourbon st ft bold flavor fresh ingredient dining option,positive
thx checking never got via phone hold hour long long wait hold ugh csfail,negative
referral program milageplus explorer card,neutral
else would know denied,negative
obviously,neutral
allow shady rd party service sell ticket refuse help customer who left holding bag flyunited,negative
hour phonehung onall want different flight day open seat greatservice,negative
maintenance issue undetermined amount time mechanic even arrive,negative
sent email describing experience looking forward follow hopefully make right,neutral
chicago hometown airline care neighbor savethediagonals flyquiet ordnoise,positive
cost one round trip ticket,negative
give cyndi amp troy gold star,positive
flight attendant super helpful finding bag left flight today excellent customer service name fit,positive
changing rno den nonstop may late flight morning early afternoon,neutral
unitedairlines wont wait min fam w yr old connecting flight leaf early instead airport plane last stop today,neutral
can’t go back airport i’m working won’t time telling seriously way,negative
instead bourbon street quiet plane savethediagonals,neutral
denver supposed boarding right yet land,negative
ive year ive never many issue airline,negative
haha thats fine still wont fly ever seems like guy problem anyone else,negative
note traveling w yr old unreal,negative
plane staying overnight next airport roc u make min air instead waiting u leave early,negative
traveling guest mileage plus member using member mile great customer service,positive
mechanical issue cause delay connecting plane ord needed wait min refused left early instead wtf,negative
captain apologize delay company looking open gate glance starboard side see open gate,neutral
reinstating kosher meal dropped shortly merger,neutral
im one jfk laxwhen r u upgrading planesplane screenslousy seat thats unitedfirst,negative
possible upfare p segment gpu waitlisted,neutral
bringing game premium cabin dining nice,positive
already vomit halfway,negative
amazing hard talk customer service,negative
fair enough stink passenger plane leaf gate sits tarmac hour takeoff,negative
held flight group nearly people,negative
guy suck delay flight cant hold connector minute worstairlineever,negative
want plane dad,neutral
time rantyou delayed flight still forgot luggagethen delayed tarmac moment love united,negative
international flight didnt get new eta air,negative
think rough moment w bad passenger earlier flight thing got considerably better thanks,positive
thanks rude customer service hour delay really helped timing wise afternoon meeting hello,negative
useless response need functioning wheelchair customer care form fill,negative
awesome thx thx replying damn fast sure hell beat cheeze hold music,positive
cabin functionality mean im taking customer satisfaction survey,neutral
cab ride dfw love got bag reimburse,negative
unbelievable hypocrisy,negative
thanks getting businessfirst priority tagged bag onto connecting flight ewr despite hour layover nice job,positive
amazing flying mile unitedairlines amp alliance last year still got jilted status moneyelsewhere,positive
top csr went ahead hung called united discus,negative
finally memphis landed minute ago still bag paying service get worse,negative
thanks terrible experience ewr customer treated priority inconvenience tryagain,negative
rd party service known ezee flight man confirmed born india told name steve wilson,neutral
third wheelchair broken,negative
met customer service arrival flight ua pvdiad thanks guy really handled storm,positive
ooh thanks,positive
flight pm still airport gee service care nope delayed,negative
disappointed cc purchased ticket online w voucher charge full amnt would hold price refund unacceptable,negative
exactly state secure document nexus card state passport must always also presented read,negative
told united carry overcarry back refund,neutral
leave work would possible would love replaced,neutral
feel completely cheated read commitment customer service via website def get service suggested,negative
agent said would refunded agent said united never sold u ticket,negative
air traffic crew could get shit together one would notice rudeness ground staff,negative
itproblems link thparty,negative
feel well informed yes flight indeed delayed thank,negative
pay coach plus told preboarding overhead bin full,negative
get help changing ticket minute hold counting,negative
thanks help totally appreciate made super easy,positive
told supervisor united disconnected customer support nobody address igiveup,negative
mileageplus signup page broken,negative
wifi tell family im gonna late flight cause sit grounded plane past two hour,negative
fyi continuous text email getting delay held captive tarmac helpful,negative
late flight broke luggage handle paying new one,negative
friendly sky today hr weather delay sfo followed hr mechanical delay sitting plane nofun,negative
customer service rep rude asked question turn got attitude jane help disgusted,negative
see thread,negative
poor old united never seem get response right,negative
obviously staff ewr united otherwise seen ad friendly helpful ewr worst airport,negative
also cant preselect seat sfogtyyz flight im canadian flight booking problem,negative
forelock guarantee fare fare amp seat,neutral
thanks,positive
hypocrisy rt im sorry able offer full refund exchange rate hoping kp,negative
shouldnt spend hotel weather delay weather something completely control,negative
eventually approach bag like get,negative
nyc flight delayed miss connection sacramento chicago,negative
said would give u refund day late flightr refund,negative
know weight plane u sitting plane hr convinced company safe flt,negative
showed flight several hour early tried call amp hold min bf call disconnected,negative
policy changed must advise time purchase choose vary airport want full refund,negative
wanted cancelled flightled ticket special guess even united,negative
im flight booking problem without major problem isnt bad👎👎,negative
dont check baggage dont lose,negative
im hoping dont miss lax ito connection looking forward stuck lax overnight teamagain,negative
well perhaps could highlight stated travel canada amp usa united nexus,negative
know two hour u sitting plane bag loaded plane weight,negative
make hard fly delayed hour plane turning around amp heading back gate connection,negative
serious firing need happen hnl broke wheelchair loaned broke mine,negative
call customer service course say there nothing offer transfer disconnect line,negative
submitted third time please check confirm receipt taken screen shot case disappears thanks,negative
already rescheduled flight cancelled flightled hotel room paid,negative
classic,negative
elizabeth washington dulles hooked new connecting flight gate im super pleased,positive
economy plus cabin also qualifies premium cabin,neutral
flight ua sitting tarmac min report whyany input,negative
rd party service use sell ticket ripped excellent service united offering,negative
yesterday im sorted,neutral
thanks advice helpful cant believe guy actually charge people fly united,negative
issue united airline please retweet paid full fight ticket given standby instead,negative
tried log told email log currently available,negative
cancelled flight ticket thousand people didnt like exchange rate doublestandards,negative
email address write account might less likely disappear,neutral
wasted min filling online form telling didnt receive know wont happen time,negative
amsterdam ewr,neutral
stuck iah waiting flight honolulu hour due maintenance issue could gotten new plane fail,negative
kind hypocrisy cancelled flightling ticket bad exchange rate advantage united,negative
entire problem never sent anything via email given flight booking problem number phone,negative
calling number useless heading airport pick bag whole situation seems like real joke,negative
couldnt get first class flight rebooked,negative
gate agent club staff got priority standby next might minor disastertravelingwithsmallkids,neutral
ill sendingposting complete detail circumstance surrounding matter united airline ashamed,negative
hidden city force crappy seat even though exit row available first leg support cannot fix,negative
jt thanks help i’ll complete form back home,positive
missed incoming time sat jetbridge drivermissed min connection time flight,negative
lady gent united airline,neutral
might dealing frustrated passenegers hope great day thank much amazing airline,positive
allright last question power outlet flight available premium cabin include economy plus cabin,neutral
well la hr car ride dark palm spring technically maybe ill get bumped st class den phl friday,neutral
yes still need assistance dont flight home due change flight u made miss connection,negative
believe follow order send dm,neutral
thanks would like apology full refund please confirm receive,negative
hi email share detail thanks frankcom,neutral
got bad exchange rate want money back please refund without penalty,negative
flight ua denver rmoug recheduled time show youll know ridiculous,negative
youre using automated response dont decency actually carerespond,negative
jt issue missed connection early gate closing zero concern customer service,negative
thinking could say many nice thing getting upgraded delayed flight ok,negative
explain reward u elite premiere k member,neutral
birthday fiancé amp want travel late flight april youre fave airline frontier,neutral
i’m resending confirmation code dm,neutral
dm detail back started phone number reach reply either online phone,negative
airline ceo jeff smisek disloyal loyal worker via,neutral
guideline say xx bag xx bit taller guideline gonna problem,neutral
thank wish lady little rock told morning asked,positive
claim number havent back iad baggage since phone call speak someone,negative
think problem newark nj saturday due expected snow,neutral
got following united page,neutral
thank speedy response figured may something nature guy fine print haha,positive
worst service ever 😈,negative
thanks attention would actually like make specific complaint customer service dca best option,negative
cant believe united cant find someone simply check seat back missing passport loved united debating choice,negative
furious youre firm disgrace despite effort zero protect daughter alone night united,negative
holy high speed internet batman speed united club iad insanely fast thanks,positive
website flight booking problem experience obnoxious upsellladen disaster anyone half brain,negative
like week flight creative,neutral
flt major delay bc ground crew slow flight crew terrific hour ground😡,negative
sorry hate united wont get see family thursday,negative
thanks timely service amp great staff getting wife cancun past week honeymoon,positive
done thanks,positive
currently standby lax hour ride palm spring long day starting snowy philly,neutral
customer service mileage plus customer disgrace spent min phone reset pin number luck,negative
given flight booking problem reference number,neutral
change way stick premiere k loyal customer make thing harder loyal,negative
thanks offer finally made destination albeit hour late flight,negative
airline cancelled flight oc fll flight today switch notice apology done flying unitedairlines,negative
send another confirmation email,neutral
would super paid much attention actual flier credit card holder,negative
travel lot get youre still fave ewr cleveland w min layover connect dc best option come,negative
pm bag still even courtesy toiletry kit flight experience expecting disappointed,negative
airline cancelled flight oc fll flight today switch notice apology done flying unitedairlines,negative
sorry wrong link bag thats one meant,neutral
flight laxiad back row cleaned prior boarding gross find used tissue seat please,negative
thank 😊,positive
take lesson know treat customer,neutral
plus horrible seating poor customer service everywhere ive flown take away mileage programhorrible,negative
youd learn listen customersyou want want asks customer want,negative
customer service 👎,negative
priceless united stranded daughter ohare united zero keep safealone plastic chair h united air,negative
hi update,neutral
could tell bag would accepted personal item bring one carryon bag plus,neutral
finally cancelled flightled,negative
link email offer u sent year buytransfer milesthe last expired,negative
thanks finally made missed meeting,negative
flight originally supposed leave pm amp wont leave nd time happened,negative
supposedly theyre delivery ill believe see,negative
thank yes hoping speak someone directly appreciate link nonetheless,negative
sure waited min yay,positive
hi jh experience united entirely disgusting yes id like assistance getting compensated bag,negative
took picture thursday awesome,positive
probably wouldnt someone returned call email case number,negative
cant even fit name first two line yes please pas feedback big downgrade previous year,negative
expiring offer buy transfer united mileageplus mile discount many offer year,positive
flight cancelled flightlations one due weather one mechanical paid hotel bag held transfer vouchercompensation,negative
got email reservation got cancelled flightled refunded nothing got refunded yet,negative
offer flight cancelled flighted im stranded away home work,negative
really trying today,negative
look like im settled im going thx,positive
flt two update last minute,neutral
busy taking needed get audition,negative
never given one,neutral
quick response offering assistance lack follow really service expecting,negative
stuck iad going hour waiting ferry flight nashville u cant tell arrive ridiculous,negative
flt gate agent announcement unprofessional time go back,negative
thanks kp please also mention quiche breakfast tandoori chicken dinner entree accompaniment truly first class,positive
flt departure time changed five time last minute dont figure solution announce,negative
bag still houston since friday still reimbursed baggage fee,negative
tell,negative
flight already cancelled flightled trying get home two day staff unhelpful,negative
flight worse last flight attendant dont even know whether plane equipped power outlet seat,negative
flight agent wandered pilot came looking went charge personal phone shed txting,negative
waiting flight memphis incredibly rude gate agent waited departure time announce delay rude,negative
dont see need spend extra bc ur equipment failure,negative
dont need make change reserved seat bought ticket error amp comp seat,negative
power outlet seat hour flight california seriously airline failing pathetic,negative
thanks kp luckily transfer maintenance issue still delayed didnt miss transfer,negative
received email either inbox junkspam,neutral
could please send phone refund department submitted claim email without success,negative
im person ive sitting denver three hour want get plane please let go home,negative
flight delayed three hour pilot never showed,negative
need get ric tonight ive ewr hr,negative
next flight miami another airline,negative
super frustrating folk united ticket counter pittsburg arent honoring medium rate unitedfail,negative
minute arrival bag people ua den ewr long wait ual rep come,negative
policy behind changing passenger seating assignment gate,neutral
karen found unhelpful rude called united time amp told could board karen would accept,negative
crossed prior time carrier issue karen rude untrained unhelpful also spoke,negative
nexus confirmed crossing via air car boat travel nexus,negative
employee yelled employee stood others whispering pointing behind counter,negative
refused boarding nexus nexus confirmed refused,negative
good note employee encountered newark fabulous late flight connecting flight got,positive
u lost bag would refund bag fee make sense yes already called cust svc said,negative
yall tried little bitty plane flying boston hate little plane,negative
good thing holding flight peep late flight connecting flight well still make destination time,positive
q purchased ticket hawaii trip late flightmarch mean acquire mile based price distance flown,neutral
stay warm passing chicago next week,positive
refund request functionality brokeni get time error,negative
newark land minute early lose time waiting tarmac gate,negative
giving direct flight iah honolulu rd attempt year rd delay meal voucher wow customer service,negative
played bizarre safety video ive ever seen,neutral
nearly hour late flightr still idea never fly united help,negative
wifi broken plane outage friday southwest get right every plane united cant,negative
wifi onboard far superior pricing performance userperceived bandwidth late flightncy recent experience,positive
second day amp attempt trying leave iad amp im another plane delayed mechanical issue hour delayed,negative
direct number call request refund telling valid changed ticket number site,neutral
plane coming delayed almost hour plane,negative
fast enough excuse service big hub outdated craft southwest wifi awful,negative
thankful great service newark seat fixed seated daughter fab landing fort myers,positive
mother flight delayed phlord way nrt gate refused upgrade platinum blegh,negative
late flight everyone braved weather passenger waiting flight crew really,negative
miserable trip lost bag sat found mon lost shipping nd day ground tues might return flight home,negative
spending afternoon mia fault lounge inconvenient,negative
costumer service suck waiting week response,negative
way get copy feb edition hemisphere magazine flying,neutral
somehow think im going stuck paying hotel room denver without winter clothes dime guess well see,negative
normally ask people put headphonesbut toddler maybe plane kid section near back,neutral
course need help ive dming lady gent day solution hope best lax,negative
confirmation number njvbp need email confirmation flight nyc sfo feb,neutral
changing mileageplus program winner loser airline travel loyalty reward,neutral
brandi zabsonre denver deserves raise bringing delight terrible travel situation big ups,positive
thank next flight durango driving farmington new mexico work hitting slope durango,neutral
denied use rear facing car seat ua erj confirm actual policy,negative
better hold flight tucson landed houston hour delay minor computer problem,negative
thx stand “ know frustrating appreciate patience try get way jh”,neutral
roundtrip ticket nj dramatically cheaper virgin pretty pricey via united match,neutral
dropped luggage iad month ago repair damage havent heard anything since get back,negative
thats thought thanks clarification,neutral
feck guy stop cancelled flightling flight ewr ric weather fine location,negative
ua rolling improvement think hoping theyll catch soon meantime ana preference,neutral
pleasantly surprised find ana made major upgrade transpacific route flight plane service,positive
step cancelled flight flight step dont notify customer step charge food try survive wait brilliant,negative
need confirmation number give,neutral
besides small degree selfinterest take route several time year amp would hate situation,negative
rebooked split take different flight pilot ran hour frustrating,negative
worry tweet make sure tag line fly friendly sky,positive
thankful united ground staff put last seat last flight home late flight still home,positive
appreciate follow,positive
thats gist flight attendant told,negative
btw true remind flight staff checking even indicating meal prefer reservation,negative
took aback response flight attendant put responsibility squarely back passenger shoulder,negative
u cld explain disorganized inefficient company w surly obviously unhappy employee stay business,negative
sat airport hr still sitting gate sigh,negative
actually consider might made mistake complain beyond indicated reservation,neutral
gold star united change flight miss connection cant accommodate much late flightr arrival timenot happy,negative
firstclass cockup,negative
day travel swag ijustwanttosleep,neutral
thank new club ohare comfortable made difficult weather day proficient enjoyable,positive
filled form sent link either,neutral
let get iahhnl direct weather delay sfo leg stop reactive proactive,negative
bad coffee juice ok getphilz united terminal sfo airport,negative
mot getting refund,negative
nothing apparently ive flown w time last week experience incl today clusterfucks,negative
didnt get name group sitting behind u think window seat overheard,negative
know united club need power moar power insufficient outlet roadwarrior ord,negative
thrilled carryon checked two nasty gate agent see entire empty bin boarded last,negative
business usual meant dropping bully mentality fostering inspiration greater business employeerelations,negative
ridiculous fly outdated anywhere much less btwn iah sfo power port wifi personal entertainment torture,negative
last night waited forever gate someone corporate dispatch forgot call crew unfriendlyskies,negative
broken entertainment system hour nyc flight terrible cabin crew service online complaint form wont work hopeless,negative
much cost check additional bag traveling newark glasgow thank,neutral
call work tell fault im late flight,negative
new apple crâpe amazing live ua really nice crew americanair biscuit ua need,positive
clicked link got confused,neutral
officially worst delayed least helpful airline ever misfortune flying,negative
item sentimental value im heartbroken missing,negative
even though technically land silver,neutral
still waiting reply,negative
please see flight attendant isnt enough room head bag carry save time,negative
wanted get bag benefit instead get pricing three ticket adding card mp visa option,negative
tried dm would go thru sure,negative
link current status flightsairports fly bwiewrmco morning yet cant yet tell problem except see snow,negative
like delay less im one plane connect voucher,negative
dont hope nicer flight time try thing right sold ticket connetion,negative
got gate iah time given seat closed flight know people arriving wait,negative
yes waited line almost hour passenger left wanting wait past,negative
still waiting hit one hour,negative
although im happy cancelled flighted flight home tomorrow phx atl dca happy easy rebook,negative
hello hold extremely long time confirmation amp cant get boarding pas tried numerous time,negative
im teaching new traveler research budget amp save trip today,neutral
frustrated loooooong wait time speak live person cannot get boarding pas flight tomorrow,negative
still update text amp still response email fr sr feel like yr losing customer servicecare,negative
agent one rude unhelpful prompted initial tweet easy fix,negative
wife group prev flight got bumped reason alone two kid least put group,negative
flight delayed hr im month pregnant amp supposed caring mom whose surgery upset,negative
thank much completely made thing right,positive
love always get best deal,positive
follow send info,neutral
hold min far trying book seat infant price increased meantime,negative
glassdoors best place work snagging overall notsurprising luvthem,neutral
poor performance around paid express checkin week ago cant even leverage bullshit,negative
thx make right help meagan fouty brancato fl dfw gate preboard wkids b group please please,positive
update emergency landing jacksonville right parentsonboard,neutral
hold minute please help,neutral
yall develop ding chromefirefox browser extension would swell,neutral
take u midwaychicago march thapril th cant make get u year round flypbi,neutral
logically would think check people board couldve drove home time ive waiting,negative
thanks southwest saving trip sweetheart isnt going miss seeing altonbrownlive thanks yall sohappy,positive
someone call back hold two time today min still havent gotten,negative
know suicide second leading cause death among teen,neutral
never mind moved flight tomorrow thanks help,positive
need wheelchair gate sure option,neutral
managed get sorted phone good luck dealing snow texas,positive
grounded flight bc equipment problem amp rude wife traveling alone wour young kid never,negative
promise unfollow 😉,neutral
dmed confirmation number,neutral
oh look delayed flight additional half hour arriving officially five hour planned 😡😡😡😡😤😤😤,negative
weather bc system outage hopefully everything go smoothly thank follow,positive
belt issue rough day worst part traveling month old wait outside degree,negative
oh atlanta,neutral
moved pm flight main concern luggage arriving told sw,negative
used always fly southwest,positive
got bag hour late flightr offer go pick taxi cost one way spent inconvenience,negative
thx ill expecting credit leg,negative
sure please follow,neutral
appreciate yall getting gate issue figured grr plenty open gate yet sit wait tarmac,negative
sent,neutral
minute hold waiting ridiculous,negative
u seen message past hour,negative
im following,neutral
thank awesome flight sweetheart got screwed managed scramble get sw plane today,positive
thanks much,positive
roundtrip ticket arrived auction postmaster invitational thanks southwest,positive
went purchase flight began processing even minute earlier point gone help,negative
im upset luggage damaged rude employee laguardia airport didnt help,negative
tv stream mean get spend flight watching womens world cup final throwback bestflightever,positive
status bag check area ffl,neutral
id least enjoy free cocktailor two,positive
agree rt one airline flyaway favorite dia newsbusiness,positive
flight matter hell next wont get luggage properly transferred facepalm smh,negative
phone service suck,negative
flight bwi delayed miss flight denver way find hold plane,neutral
airport snow removal method keep good work folk cessnas become,positive
people exit row still supposed give verbal approval never asked flight im,negative
arrival delayed nearly hour yeah entire day airport idea stress less vacation fail,negative
oh company caused u lose entire day vacation cancun de boarded waiting another plane,negative
trying change reservation hold minute cant onlinewas directed call help,negative
first call got dropped waited min second ran time try late flightr way online,negative
yo im trying make change reservation whenever select flight say unable price please help,negative
great de boarding perfectly plane shot fml plan screwed thanks nothing,negative
teyana taylor performing medusafridays free till themenofbusiness,neutral
let u plane bc toilet done even work go family vacay playa del carmen mexico neveragain,negative
thanks apology unfortunately one many bad experience longer flying southwest,negative
told customer service customer relation extend expiration date unused travel fund,negative
two hour ugh get voucher inexcusable esp pre flight check ok,negative
flight birmingham tomorrow night reschedule earlier flight expected snow,neutral
follow back dm,neutral
horrible experience passenger size seat offered voucher christine c,negative
rd time flying southwest two year another trip back mx october,neutral
yes much looking forward using airline future flight never,negative
need learn treat people respect little dignity fail,negative
redeempoints package magically gone time finally got felt like baitandswitch,negative
done,neutral
think get faster response twitter callwhats,negative
idea winter advisory posted atl tomorrow id rather get phl tonight,neutral
watch staff check passenger list twice first time forgot look id brutal,negative
flight chibuf last night almost hour delay cuz someone got plane without pas sound safe,negative
thx quick response action bf make good use voucher satisfied happycustomer,positive
nothing help u restore barelyexpired rapidrewards point,negative
rapid reward program sold short lasttweetaboutthis still disappointed,negative
freezing plane,negative
airline people screwed boarding pass way back puerto vallarta horrible,negative
groupa group c never got sit next south west flight even honey moon,negative
flight atlanta getting cancelled flightled schedule phone hour rep bumping u,negative
due apparent water issue checked fine check husband already deal first,negative
u lot pissed hungry tired people stuck midway hour scheduled departure inexcusable,negative
know lost baggage portal doesnt work mobile,negative
youre going charge wifi u solid make sure doesnt take length flight open page,negative
website reverted st flight minute delay changed reliable information,negative
swa help hotel industry always book flight day need somewhere swa consistent cancelled flightsdelays,negative
unfortunately call answered service horrid swa rolemodel finger pointing amp excuse disappointed,negative
barzegar charge tourist euro night stay tent village run,neutral
please make sense companion promo set,neutral
unfortunately dont even phone died chance grab oma san,neutral
live atlanta cant enroll atlanta companion promotion error every time help also sent email thanks,neutral
frustrating indeed especially one know issue,negative
hold customer service may quicker rebooked trip lower fare difference go,negative
chantilly paris france,neutral
thx responding,negative
booked flight phone never got confirmation email would go getting,negative
supposed take almost hour agovacationfail frozenwater gettingimpatient theycouldatleastofferfreebooze,negative
come im getting point buy rapid reward shopping site,negative
hey im flying tampa denver today want know tv seat like,neutral
carol thrower passenger fort lauderdale airport,neutral
min answer wife baby need get flight arrived hr prior please help venetia crook,negative
wife month old might miss flight next direct pm mother law hold customer support,negative
flight fll atl wife traveling infant line check baggage people long due computer system crash,negative
thanks sent dm let know oyu need additional information,positive
hey friend phone alist number ivr hang multiple time sure proceed,negative
strives customer centric everything communication advertising customer journey etc anamarketers,positive
la always traffic insane cant one issue flight,negative
insane traffic la trying call schedule flight phone minute nothing,negative
airline trouble amp getting satisfactory customer service contact negotiate resolution,neutral
hey southwest help find flight nashville washington dc raleigh march please,neutral
longer change trip companion online year get message cant done online,negative
adding rr number stay hard wont take rr number checkinout marriott phone c helpful,negative
fly toronto youre killing small,negative
thank,neutral
traditionally used sledge hammer low taking share driving scalpel approach data science anamarketers,neutral
customer centricity knowing people anamarketers,positive
used guy travel last experience never use southwest worstcustomerservice,negative
america largest airline passenger carried wonder bc customer service bible anamarketers,neutral
vipliveinthevieyard first time tried redeem pt anything really go well disappointed,negative
ok thank hope,positive
way receive refund trip cancelled flight online instead calling phone line super busy,negative
mom career day trip la intuitlife leanin southwestairlines,positive
resource check delayscancelled flightlations love field flying tomorrow stressed weather ❄️,neutral
switching plane due mechanical problem reboarding work end long line stuck middle,negative
booked via phone calling list preferred didnt kta get added ticket must use web,negative
tried vip live vineyard yr site went time got redeem pt package gone,negative
oscarworthy entrance la,neutral
best airline hand amazing customer service bag free affordable flight happycamper,positive
thanks ellamae la counter going beyond help u get back abq flight cancelled flightled,positive
flight arrives e penguin plane,neutral
thank taking good care people al,positive
smoooothest flight attendant southwestsmoothie,positive
southwest airline cancelled flight flight charleston pm flight cancelled flightation really weather relate flightd,negative
stepup makeitright best money hungry wewillsee,neutral
thanks text exactly timely data throughout issue today maybe,negative
called rep pleasant less helpful told sol train consistent cx,negative
year customer lost inch really hurt every time person front shift rap knee,negative
less pt helped partnerrewards incoming fast enough keep pt expiring,neutral
wife rr pt expired day ago planning flight booking problem trip today anything u tight budget,neutral
would great atleast next husband flying reservation,negative
customer relation still openin texas,negative
thank tip,positive
hate evolved seating knee seat pocket,negative
thanks team dealing flight houston,positive
bumped preboard flight im fat whatever reason thanks,positive
heart southwest commercial aimed satisfy nanosmattering traveler destination,negative
urgently need two receipt sent c closed help,neutral
sent,neutral
etd swa phl appears delayed info available gate,negative
tell cancelled flightled flight v delay,negative
bday yesterday girl gave birth first born couldnt get courtesy flight change lynn thanks,negative
cb know,neutral
need know status cancelled flightled instead delaying flight,negative
weather time cancelled flighted cant meeting today,negative
flight isnt empty rude,neutral
left ipad seat pocket filed lost item report received exactly week late flightr record unbelievable,positive
flight msp cancelled flighted,negative
luv yall please stop overheating plane second flight row feel like sauna,negative
one traveling asking sister waiting nephew midlandflight eventually landed,neutral
anyone help upgrade buisness select cant seem get hail right area know guy good,positive
asked lindsey call instead dm like schoolgirl far call getting tired typing little note,negative
give u clever advertising bagsflyfree badpolicy allows cheatcustomers,negative
principle hard get mugged amp upset took money amp didnt give anything wrongiswrong,negative
customer service shouldnt use word wasted time took money badbussiness theft,negative
three hour flight orlando wifi uncool firstworldproblems,negative
loving new plane lighting wish window larger,positive
would like ask bag picked pit amp taken hotel airport someone contact,negative
customer service fll bwiand pit terribleno one know bag arehis job clothes amp gear,negative
multiple attempt finally able submit late flight last night,negative
arrive find already cancelled flighted option miss meeting might know dont show,negative
new day new chance right thing never late flight honest,neutral
darn bought wrong device way switch im sure,negative
quick question bought wifi phone buy tablet hour left trip,neutral
cool shot moon one fleet,positive
hello swa poc partnership nonprofit organization bwi area,neutral
hey remember time lost husband bag filmjobnoequipment nowarmclothes,negative
looking forward flying swa friday luv airline dtw mdw tus,positive
love airline much thanks much service great snack amazing everything outstanding thanks,positive
need redeem lost respect tonight lostbags filmjobnoequipment,negative
way fuck lose bag husband warm clothes equipment youdidit notcool,negative
assigned seating cousin amp probably cant sit together flight tomorrow thanks,neutral
wifi stay connected lifetime higgs boson,negative
forget wedding fair discount nonprofit donate part worth every single day,neutral
phone agent able give correct departure time cun checkin online international,negative
making miss thebachelor right wah,negative
please lower plane flight like buck thanks floridavacation,neutral
great flight cabo last week family smoothflight frequentflyer,positive
let bag flutter charge traveler change date fullprice dont let travel,negative
👏👏👏 late flightst ad make happy flying day bethonors,positive
fact u see black history month month year honorable economic base corp like u future,positive
offer cdn border town incentive fly since exchange rate hurt customerappreciation gaincustomers keepem,neutral
awesome flight dallas ny virgin america refused bc child peanut allergy u guy didnt thanks 👍😊,positive
wont let send dm dont follow lovedflyingwiththem notanymore wrong badpolicy,negative
reference,neutral
welcome thought nearly entire plane,negative
know reason flight dallas midland diverted lubbock suppose direct midland,neutral
flight wifi wifi calling make best combination doesnt love texting foot air,positive
become like every airline crooked cant believe taking shouldwearmasks shocked,negative
conf fneqm flight delayed hour friend waited bday please follow,negative
twitter cust svc rule dont say fell short told u u u cant solve problem dont say anything,negative
disappointed service ive received checked online checked flight status online checked airport,negative
great day air,positive
thanks,positive
thanks two smooth safe fast flight boston houston luvswa,positive
really love customer service lou ann phx rock thanks sw ourguest,positive
see atl “ congrats destinationdragons winner ready atlanta,neutral
enrolled atl companion pas offer booked flight already may start using pas,neutral
disappointed customer service right definitely feeling luv whats worse nd time winter,negative
follow back dm info,neutral
katie gate c denver international fantastic customer service helping new flyer thx amazing staff,positive
kudos bag handler dtw gate pm ran keep bag hitting ground degree temp,negative
crew flight awesome tell sent tweet maybe give free wifi canthurtasking,positive
thankyou ❤️,positive
much ur wifi fam,neutral
tried 😔 okay,neutral
happy enter sweepstakes nutsaboutsouthwest,positive
thanks great customer service today 👍👌,positive
vinyl part prize,neutral
beyond ready,positive
called told bag made phl still delivered call delivery service,negative
look like brooding sky ont evening,neutral
monkey business luv swa mdwmci homeandreadyfornexttrip,neutral
favorite airline ive never issue plus crew entertaining,positive
way give voice customer pay service satisfactorily delivered justsayin,negative
flight attendant really funny sas giving life 😂,positive
genuinely surprised dont upgrade people cancelled flight flight least put comparable spot,negative
following thank,positive
would someone please dm customer relation number website customer service,negative
second time row havent received text update flight time change dont offer wont use,negative
cancelled flightled flight back queue want charge business class stay classy,negative
hope flyer get credit sort delay cancelled flightlations shittydeal notimpressed,negative
taylor u gotta love swa responsiveness least huh,negative
good thanks,positive
thank,positive
love taking money taking halfway home sorry late flight,negative
oh ok good looking forward escaping cold bit thanks,negative
wifi slow point one cant get internet ugh,negative
question flying maltese puppy dm,neutral
word customer relation department open back,neutral
tell flight mdwfll tomorrow full capacity im hoping little bit extra room 😊,neutral
left friday,neutral
oh worry never seen today mean…it great card 😀,positive
thank thank thank last attempt win destinationdragons ticket success could happier,positive
flight phx lax wheel stop glad home thanks professional front cabin,positive
eye next step improving inflight wifi runway girl,positive
could maybe hook imagine dragon ticket tonight shes hugeeeee fan amp would really love go,neutral
hasnt evennotified u theflight isdelayed via emailtextphone callif wererunning late flight would pissed unreliable,negative
tweet weekend bad weather close customer relation center process refund cancelled flighted flight,negative
stop cancelled flighting flight u history test take chemistry thing learn understand,negative
mdw san flt attendant melissa awesome fast smiling great weather cancelled flight day b welcome,positive
area pic taken dont see album,negative
enjoyed call good friend he flight booking problem flight elsewhere tweet one time tell many,neutral
thank great customer service far accident happen understand hopefully everything work,positive
question whats crazy boarding procedure confusion prevent fistfight good seat,negative
opened online application fall intern position throughout company apply via,neutral
honesty always policy,neutral
thanks quick response call daily wait day,positive
knew correct,neutral
briughy aif amp much agcommunity,neutral
deal orlando aprilmay,neutral
magazine feature desk plant increase productivity luvswa healthbenefitsofplants gardening,neutral
new marketing song let u know think,neutral
prove cuz southwest people dont even know behind schedule,negative
seeing worker time time going beyond love flying guy thank,positive
u bae u lost bag clue happened hour,negative
prove,negative
travel agent darrel love field hosting paper airplane contest entertain child awesome see,positive
big kudos staff today dallas love field lifting everyones spirit today delay cancelled flightlations,positive
fun delay nashville la vega crew gate c desk awesome patience luvswa,positive
think voucher make spending hr plane landing airport took really,negative
never got strip fast stoked special show tonight thx,positive
problem apology dont help result matter proving impossible find anyone interested,negative
fare giving clue route,neutral
telling fam vega,positive
many ticket left,neutral
thank,positive
new mkt strategy average like rest whathappend rr point devalued,negative
scavenger hunt location anything common im playing detective trying figure one atl,negative
😭,neutral
ruined sunday hour delay dia bag wrong airport deliver insult injury,negative
bring back jackson m miss terribly around airline horrible,positive
idea tsa precheck isnt showing next flight tomorrow number profile,neutral
hour degree difference yes please mht mco,positive
sent looking functionality app though one click action,negative
still posted downtown waiting yall way,neutral
like kelsey said really bad spot local know long take find parking walking bellagio,negative
people,neutral
look like bellagio good luck people see show vinyl,positive
“ congrats fan seeing destinationdragons la slc youre next thanks sw,neutral
pair ticket waiting sport practice live definitely know,positive
love southwest guy good,positive
destinationdragon tix tonite inconvenience since play scavenger hunt,negative
dang practice hour late flightr today,neutral
supposed say boo book booo,neutral
vega day ago miss warm weather,neutral
crew great job keeping everyone informed delay givethemraises,positive
right delayed im crabby also allow one family member purchase earlybird check hold row,negative
really easy local get strip book,positive
grrrrrr need flight first maybe bday next month,neutral
luv new luv television commercial traveled airline last year return trip nycfeltthelove,positive
possible add travel arranged employer upcoming travel retrieve reservation thats,neutral
sent email customer relation calling tomorrow,neutral
get priority seating already paid flight,neutral
people pre boarded needed wheel chair plane case boarding,negative
possible add companion nd leg trip,neutral
best airline 👌,positive
netneutrality nice see prioritize internet traffic streaming service web site,positive
poor customer service displayed weekend storm stuck tarmac hour answer,negative
northern california coast,neutral
hi guy general enquires email address please thanks david,neutral
watching plane thing,neutral
thanks getting u paradise safely,positive
feeling frustrated bought wifi onboard cant load email,negative
continues prove best airline 💪,neutral
go ahead start scavenger hunt pm today work destinationdragons,positive
let one person board early bird save seat entire party notcool flight,negative
thanks,neutral
awesome staff check desk paper airplane race sw gift card keep ppl entertained delay,positive
get gin amp tonic,negative
sick joke toyingwithouremotions,negative
please explain every flight dallas going today except pm,negative
continue airline choice frustrating travel day ive experienced delay gate change,negative
got call apologizing personally long wait last week trying rebook flight class act appreciate,positive
serious potential wanna get away commercial debacle real fire,negative
appreciate response constant changing flight time frustrating say least toughtomakeplans,negative
long delayed boarding get free drink gettingthirsty,negative
done sorry thought already,neutral
doesnt seem fair bag need fit seat need fit,negative
terry hero got husband back thru security retrieve cellphone left plane austin terry u rock,positive
wanted change anytime flight leaving phone hold min phone answer say sorry dice,negative
werent sincere cancelled flighted flight made drive hour get home,negative
terry hero got husband back thru security retrieve cellphone left plane austin terry u rock,positive
terry hero got husband back thru security retrieve cellphone austin terry rock,positive
thanks guy best,positive
ill stick flying free southwest go son work wonderful company mom fly free,positive
could control weather la vega 😉,neutral
pretty terrible customer service sat hold min busy signal disconnected airline suck,negative
could please tell way add rr flight already took place,neutral
hooking u getting u tampa flight cancelled flightled morning grateful businesstrip,negative
love passbook update used day released finally thank,positive
ticket booked cun arrival time reflect cun est time,neutral
yes hope update soon need clothes meeting tomorrow,negative
safety do donts announcer flight midway mdw pittsburgh pit,positive
fair set payed full seat get access full seat,negative
sorry bother ive hold hour minute continue holding call back,negative
another great trip lax la bna thanks much,positive
checkin lame business really last seat broad shoulder haha,negative
yeah theyre somewhere hopefully getting back today frustrated tweeting,negative
completely understand act god weatherrelate flightd cancelled flightlation day without reimbursement kind unacceptable,negative
expensive go vega stop late flight june get non stop competition,negative
delayed twice cancelled flightedsent complaint email yet response need explanation pls notsatisfied smh unhappy,negative
got help nice lady phone georgia thank,positive
flight resume don see open schedule,negative
understand weather kid need get home nice kid volunteer work ri high school please help,neutral
thanks quick reply travel lotbut much lol,positive
sound hopeful thin device hope right person found time,negative
bag shown luv make phl,negative
regret flying morning doesnt support business traveler neverflyvirginforbusiness,negative
thanks go motion shortly flight yesterday wonder quickly flight attendant notified,positive
many others didnt know stopping non stop flight atl hartford ct april,negative
thanks lindsey idea ill get stuck denver told listen intercom better,neutral
nice touch passbook integration,positive
easy fix let business select actually board st board preboards,neutral
companion pas flyer airline abused every airport,negative
disappointment blatant disregard business select customer becoming problem thats pushing,negative
need assistance getting extension flight expired,neutral
awesome thanks guy rock,positive
hello remaining credit account refunded back credit card choose lower price flight,negative
expect customer service dallas available,neutral
eventually arrived seemed really slow,negative
bag way chicago without help confirmed flight told isnt room im screwed,negative
recieved email memphis station hopefully bag,negative
landed phl row window cover nsw could use luv,negative
thanks adding passbook ability hopefully group passbook ticket future somehow,positive
yep certain flight,negative
arrived late flight pilot got u dia time impressive outstanding greatservice allgood,positive
would appreciate thank,positive
never got email confirmation ticket credit card charged phone wait time crazy chat,negative
re chg onlineapp work still hold faster hubby drive airport make change counter fail,negative
wife rr point transferred rr account,neutral
friend boston stuck denver name jane please contact,negative
one find bag need everything next two hour,negative
wasnt able sit seat since guy next using worstflightever ideserveareward,negative
glad know ill flying luv airline tomorrow,positive
yes file report treated rather rudely midway baggage claim wait day get luggage,negative
would still companion pas ridiculous airline hadnt stopped partnering hilton hotel genius,negative
got companion pas trying add companion flgt get purchaseerrorinvalidloyaltymemberaccountstatus help,negative
still havent heard thing,negative
thank great customer service trying make san antonio staff alert helpful boo ice,positive
open seating like open marriage there much love stranger,positive
hope isnt real life scene movie flight,negative
thanksare flight operating cancelled flightled,neutral
checked right hr mark boarding c group kid age amp dnt want split sld,neutral
name jane wanted call,negative
love flying southwest excellent service dont take seriously,positive
whats even better price changed minute since talked lady still honored cheap,positive
helloare flight taking airport noon supposed travel flight san antonio,neutral
invite fallow learn activitiesprevention program health condomrito familywe r c,neutral
unveils new flight including ohio,neutral
start daily b flight washington reagan ftlauderdale aug avgeek,neutral
end daily b flight washington reagan ftmyers aug avgeek,neutral
start xdaily b flight orangecounty portland aug avgeek,neutral
start daily b flight columbus oh oakland aug avgeek,neutral
start xdaily b flight columbus oh boston aug avgeek,neutral
password reset email incredibly slow arrive today checked spam folder web site say minute,negative
thank may already responded uxzj,neutral
ive terrible service three airport hour glad dont care kind need home sellmypointssoon,negative
thanks confirmation number dmed appreciate help,positive
hold minno estimated answer time help,negative
im going start charging consistent body pat down starting feel like piece meat punishedforflying,negative
whats wait time customer service line tried x fri ive min,negative
equip flamethrower snow plow,neutral
unveils new route including ohio via,neutral
flight delayed hour another week another delayed flight,negative
thanks linking passbook might old news first flight,neutral
didnt realize clothes hotel suggestion,neutral
may want direct people tok,neutral
bag possession clothes bag,negative
youre really going let get best,negative
please get back airtran credit qvnmb call im told never get emailcall back,negative
link site display delay cancelled flightations flight,neutral
pleaseeee resume direct flight fll phl dont want fly anyone else 😩😫😢,negative
show destination clothes suitcase nakedmeetings awkward,negative
discount every tuesday cause im leaving fron birmingham airport san fran next week march sometime,neutral
anyone realize banning peanut flight due allergic person ignores pnut oil amp dust previous flight,negative
customer service rude bothered call idea going sighed heavily phone unbelievable,negative
hr late flightr human interaction ended ing completely new flight last flight didnt sell,negative
loses baggage day ago still idea interest finding item new job bag unacceptable,negative
get companion pas thanks lin,neutral
sent dm thanks attentiveness matter,positive
fixing wifi rd flight working series plane like old plane,negative
mdwsan like flight im watching free tv work wont hardly access website including,negative
kid mission trip lasalle stranded orlando area cant get back bos pvd till wednesday,neutral
pls help baby hannah get life saving surgery requiresshe need helppls donatert,neutral
almost gate sf please wait second,negative
rt paid early bird boarding got b said lady well system dead didnt understand,negative
flight booked saying wait tomorrow,negative
arrangement reimburse rental get,neutral
one plane thanks taking arizona,positive
gate agent gave wrong departure info caused miss flight stand nothappy,negative
thanks,positive
bag lost according rep dont even know please help,negative
sent dm detail thanks,positive
thank confirmation maybe people flight directional dislexia,positive
got email confirmation wifi purchase recent flight trouble ive never flown ever concerned scam,neutral
really carrier staffed youve got triple looped one employee sight okc,negative
flight nwn departs enroute,neutral
thank cancelled flighting flight last minute course gi im missing one full day trip thanks,negative
flight going dallas morning thanks,neutral
got home hour half late flight least baggage delivered soaking wet,negative
stuck middle seat,neutral
destinationdragons scavenger hunt vega ready,neutral
know whatd beyond awesome pair ticket show atl girl dream destinationdragons,positive
yes everything worked great,positive
show love companion flightplease thank,positive
cancelled flightled flight rescheduled ewk gave pseudovoucher directed worst existence fail,negative
loved,positive
need train employee lease somewhat empathetic lose luggage monika mwa need pr lesson,negative
let,neutral
completely let tonight gate agent ambivalence much sad amp,negative
youre early frontrunner best airline oscar,positive
kudos rep patricia gate b sunday morning chicago midway mdw…,neutral
flight cancelled flightled new flight hour late flightr sleep airport tonight cant even give boarding group seat thx,negative
reading boarding policy group traveller kid ranging possible sit together,neutral
youre right ive traveling day guy dropped ball making long night,negative
customer service passive response disappointed flown sw rethinking,negative
broke stroller wife baby gate checked told problem calling list preferred line,negative
joke return flight delayed row new record guy 💔😪,negative
nbd able figure workaround wanted help got bag less hour late flightr muchas grassy as,negative
luggage delivery really told midnight multiple time lie crazy bad business,negative
thx follow sent dm,positive
dont get common courtesy phone call answered either policy bad people fired dissaponted,negative
ty consideration,positive
apology whatever please deliver bag like said would feel like employee lying,negative
robot running account one doesnt remember anything ask conversation,negative
never really lost put another flight knowledge werent sure flight ty,negative
crew wn sansfo brilliant rita hilarious know ive great flight,positive
responding athlete notcool southwest,negative
whole family special olympic athlete cant even call,negative
would really like baggage yesterday employee akron giving tough time,negative
thanks excited see,positive
glad appreciate it’ll last dollar ever get thanks wretched customer service,negative
waited min baggage mdwgtmem inflight service suspended drink 😕,negative
yeah flight tomorrow going add min extra road snow,neutral
thanks helping mom wouldnt let get plane orlando youre best customerservice,positive
trying rebook fare wanna get away pricing disappeared time refreshed normal,negative
know everybody flight st time flying case people front deplane st back,neutral
may companion pas please,neutral
kudos crew flight grr making special memory sweet young passenger momma well done,positive
thank uxzj paid early bird sat back,negative
good beer oscar ar dia,positive
yes please companionpass,neutral
minute wait bag needed sunday night,negative
luv companion pas,positive
winter weather denver extended tomorrow chance even late flightr day would super helpful,neutral
ok supposed california hr ago,negative
need cancelled flight one leg flight cant seem online hold phone minute help,negative
alist preferred dendal flight cancelled flightled min prior boarding best option tue afternoon seriously epic fail,negative
free tv watching daytona bos,neutral
understand consistent consistent year known around country,negative
thank,positive
dealing multiple office last day youve completely lost customer unless bag back,negative
got call rdu baggage except doesnt help bc cant get im flying back home,negative
get companion pas,neutral
especially mom ichangedyourdiaper,neutral
like redcarpet treatment,neutral
example cant pay hotel amp food transport alternate city flying give clear record alt flight,negative
im flying cun tomorrow den change flight due travel advisory,neutral
tough take zero meaningful assistance stranded day another matter looking sign care abt cust,negative
dont apologize something word mean nothing action work eom,negative
hour half came back damaged happy 😣,negative
long take rapid reward point credited account,neutral
customer service rather inconsistent information,negative
pulling runway making new friend seat mate thanks response cb,positive
make u tru find space flight customer service bad,negative
delay pay b ticket boarded flight early im last board middle seat wasted,negative
first good idea thatthis would happen cancelled flight earlier amateurish plan,negative
disappointed handling tonight cancelled flighted dallas flight cancelled flighted contingency,negative
ok southwest still best airline around hate baggage room run checked bag headphone,positive
please start flying huntsville never fly american airline,negative
flight nsw arrives following flight,neutral
care mighty dollar,negative
child traveling cross countryshes turning marchand cont,neutral
get one,neutral
retiring hubby th wedding anniversary year companion pas please,neutral
beautiful view flying san jose ca evening,positive
thank swa shannon g c miracle worker awesome,positive
expect help gt lt flt canx last minute weather flew home weatherless,negative
want go new orleans houston see dad md anderson help,neutral
yes please,positive
changed flight st louis thanks reply though,positive
flying getting old,neutral
really shouldnt offer sweep link isnt going work b,negative
companion pas year wife use time thanks southwest making travel easy,positive
wifi slow totally precludes working web book swa business travel wish hadnt lit fire,negative
yes pleasemy son life nj,neutral
companion pas please,neutral
constantly providing wonderful view service southwestluv,positive
everyone deserves red carpet tx destroy luggage amponly give voucher like want fly wthem,negative
staff overall awful multiple airport would switched airline another flight available,negative
lol already card member well lol enjoy flying guy,positive
th anniversary april th still sweetheart companion lifetime son family love,positive
well need something aim,neutral
yes pleasehow get companion pas,positive
flight paid wifi cant load website functionally except live streaming unacceptable,negative
gimme,neutral
flight still going dal,neutral
youve inspired start airline combat weak as airline sick shit,negative
service aruba permanently discontinued august,neutral
yes please,positive
miss mine terribly th anniversary would amazing would mean luv air dontmakemebeg,positive
heart cp status sure would nice though,positive
redcarpet southwest companion pas would great,positive
would love great deal bwi la memorial day weekend aka bday weekend 😬,neutral
want one,positive
everyones flight cancelled flightled today deserve,negative
“ companion pas everyone deserves redcarpet treatment even mom,positive
sign,positive
would love redcarpet treatment,neutral
get companion pas,neutral
tell secret flying high redcarpet,neutral
would brighter star combined red carpet tonight,positive
auto check cp holder come,negative
got mine time wife th anniversary,positive
love companion pas qualified th year hollymais,positive
mine,neutral
continue amazed amazing customer service thank swa,positive
one obtain companion pas,neutral
yes please,positive
subscribe please,neutral
got minenow go,positive
wifi worst investment ever made,negative
get help cancelled flighting flight reservation,neutral
sitting newark flight cancelled flightled apparent reason told sorry hr waiting,negative
followed awaiting dm,neutral
u dont atlanta san fransisco present sale like u last saleim looking return ticket,neutral
couldnt bothered help lost luggage single helpful employee owner found bwi,negative
seriously four delay take minute get vega amp connecting flight ridiculous,negative
get shit together owe bag,negative
requested boarding pas texted still havent received,negative
gave one try figured could get hr flight right nope delayed hr seems every time,negative
im gonna ignore fasten seatbelt sign want see ur man enough anything,negative
im huge fan give yall much businessso please fix damn wifi,negative
got next time know paying extra make line,neutral
understand air delay control terrible telephone support apps online access work,negative
flying south southwest sjc sna tiday,neutral
thanks connection thru nashville boarding pas get dallas gate boarding min flt get end b group,positive
weather keep slowing u fault st time southwest flight mine late flight cant complain,positive
thanks,positive
still planing flight dal trying fly tomorrow lax,neutral
cant board thanks guy moved standby ive holding boarding pas since pm yesterday,negative
beautiful fleet perfect evening fly,positive
leave bur ten minute late flight arrive sjc minute supposed impressed gettingbetter 👍,positive
gf lost promise ring gave flight sfogtsna infinity silver band ring please help,neutral
two delayed flight row neither one explained,negative
sleeping floor like im homeless delayed flight equipment isnt working job get,negative
guy stop service denver horrible get stuck every time ive almost hr,negative
thanks minor delay big deal appreciate concern though boarding amazing service,positive
traveling year old thursday need id correct,neutral
hows dallas incoming looking im scheduled fly wondering ill stuck st louis instead,neutral
unpleasant experience phone one agent cancelled flightled flight name amp agent id,negative
wifi angering slowness,negative
weve gate long time gonna miss connection mdw ack,negative
tweeted several time last week flight info storm always timely tweet back thx 😄,positive
sort im arriving day late flight incur overnight cost connecting city cool,negative
promised room wednesday wentook hotel charged u per room pink paper needed white,negative
sent,negative
rule probably apply time sometimes shouldhaveflownjetblue,negative
hold music sound like super mario bros gameboy color,neutral
prop la employee working c gate opposed flying la future 👏👏👏,positive
baggage delivery bwi delayed unnecessarily chaotic disappointing long trip frequent traveler,negative
carrier flying way past sw cancelled flightlation got passenger much late flightr,negative
extremely frustrating travel experience denver instead landing sea saturday monday afternoon,negative
calling someone monday customer relation disappointed treated customer service,negative
complimentary hotel voucher b night crappiest hotel ever wouldnt wish worst enemy,negative
worst air line ever compassion handicapped,negative
two free flight promo coming back looking premiere card might hold go another option,neutral
bunch liar cancelled flightled flight rebooked u four day late flightr,negative
currently rebooked thru dallas hear expecting ice storm sigh strandednyc,neutral
check st grader school science fair project love flying southwest airline,neutral
ohk thank bc inexpensive airfare southwest travel around,positive
golf bag broken flight took whats process damage reimbursement,negative
ridiculous want charge change flight even multiple seat available flight needed,negative
mad love nyc,positive
thanks cancelled flighting flight bos stranded den til wed night u never fly southwest,negative
trying find airfare family price ridiculous almost notmadeofmoney,negative
fav,positive
flight delayed till tomorrow curse weather,negative
im lucky forced good deed get smashed huge ppl exit row thank god im tiny 😂💁,negative
wish allowed access site award tracking,neutral
got back min ago went hr wo appreciate support voucher essential,positive
party hotlanta,neutral
btw completely unable buy wifi flight using galaxy couldnt zoom scroll touch buy,negative
party atl terminal letitgo,neutral
heard rumor flight cancelled flightled true,neutral
hosting party terminal atlanta peanutsonaplatter,positive
watched crew flight help elderly lady planefirstclass,positive
still dont know ski cannot get call back bag svc airport left several msg,negative
wife flight dal got cancelled flightled find option get back home phxgtdal,negative
thanks response flight time passed rebooked,negative
lt lt rt sorry hear wifi connection dani please dm u conf help thanks,negative
guy rule dm lt thank,positive
good back see several week,positive
boooo dont like airline,negative
stewardess really funny could get gent next use headphone would perfect flight,positive
find way cancelled flight flight,negative
check see flight nyc expected delayed cancelled flightled tuesday,neutral
thx note flight cancelled flightled today booked go another carrier,negative
could get phone call customer service rep get issue resolved,negative
think great people working,positive
way go flying denver today must airline cancelled flightingdelaying flight flyswa denverairport,positive
here firstboth pilot first officer galley flight,negative
update flight getting cancelled flighted dal connecting flight hope doesnt delay due weather,neutral
flight got cancelled flightled hr takeoff customer service hold minute,negative
flight continues vega stop dont upset stowaway,neutral
waiting half hour checked baggage delivered update ground crew,negative
promotion email today vega jamaica defective link vega sweepstakesit time error,negative
safety back dallas,neutral
like said could reach anyone company rent car chalk whole thing loss,negative
guy amazing sending people meet imagine dragon destinationdragons 😋,positive
btw weather delay weve beautiful weather sunny california nolove noexcuses cali,neutral
frequent traveler ive never treated coldly amp airline offer nothing flight cancelled flightled nolove,negative
neveryamind paid flight new bag easy business class customer right,negative
baggage motto dont cover small tear ripped seam snow soaked busted zipper sorry,negative
totally ruined birthday weekend cancelled flighting flight reason offer point drink transport nolove cali,negative
whats happened customer service cancelled flightled flight day amp uninformed unapologetic staff nolove cali,negative
check head plane dynamite placed onto,neutral
maybe comped quietly accepted delay cancelled flightations instead irate youd less issue justsaying,negative
past yr earned alist status thru promofly rnd trip month get option loyal,neutral
didnt nothing ruined wet frustrating traveling hour cant change clean clothes,negative
yeah happens phx airport extra long wait spring long something local know tourist dont fyi,neutral
tried hr contact sw twitter fb phone email w reply hr late flightr u respond could point,negative
arkansas gov plan sign governor sb legalizes discrimination lgbtcan lend voice state boycott,neutral
rapid award member point apply taken round trip,neutral
line mile long sky harbor morning staff courteous expeditious thank onechildfourbags,positive
never awful customer service conflicting service outrageous,negative
realized wrong departure date thanks making change easy,positive
also southwest special like one running,neutral
last week flew dal lax got u almost hour early thank,positive
daytona available free tv,neutral
flying flight tonight pbi boarding position c overbooked really dont want bumped,neutral
wasnt hour frustrated hang,negative
thanks terrible service stranded mdw day amp cant find confirmation rebooked flight mke,negative
fyi link baggage incident email redirects mobile link auto change mobile desktop work fine,negative
say customer service consistently best,positive
tfw appreciate tweet back unexpected,positive
need cancelled flight please check dm,neutral
yo mom say hire staff accommodate audience could learn lot shes fl,negative
although wait long due weather rscheduling phone call super rep solved issue thank,positive
starting route hawaii canada,neutral
flying flight tonight pbi boarding position c flight overbooked funeral attend,neutral
never able talk someone buy another new ticket calling shortly refund,negative
tfw tyspent total hr min holding cell battery died finally made arrangement w kind rep,negative
yall better,positive
min hold finally hung ridiculous wait time assist cancelled flighting reservation,negative
make world better place visit elderly relative,positive
best credit card useopen get mile yall,neutral
woman get plane hold seat bulkhead friend c boarding pass paid earlybird thx,negative
grouchy flight complimentarybeveragesneeded,negative
plane switch meant back plane disappointed,negative
let oversold earlybirdmeansnothing,negative
clearly didnt care trouble yday thought id share bag took gtmin came back absolutely drenched,negative
follow quick dm,neutral
help,neutral
look like running day still cant get phone follow dm info,negative
customerservicefail almost missed flight long slow bwi ticket line rather make complaint flight,negative
start new job tomorrow amp cancelled flight flight bwilax really cant get another flight today,negative
human contact mths cust relation refund dept ever problem u human talk,negative
ceo using vega band help ‘connect’ people aviation business marketing consumermarketing,neutral
forgot put tsa pre number checked profile boarding pas,neutral
open seat flight pvd mco pm today,neutral
cxed almost entire east coast flight plane taking traveling fine need get nev asap,negative
hour hold customer service never u sw,negative
finally passbook option swa app thank,positive
sisterampbrother law need get florida desperately flying w anything,neutral
ive dmd thanks,positive
great flight yesterday msy au thank great safetyservice beautiful sky,positive
impression hour delay flight equipment failure compensation offered,neutral
give info flt bdl see cancelled flightled,neutral
stuck nyc flight cancelled flightled day row long wait time phone running swa help,negative
ever reinstate cancelled flighted flight,negative
great example customer service morning msy headed atl alison bobbi fantastic gate b thank,positive
im running money keep paying hotel room amp food nyc dont help people spent,negative
flight cancelled flightledtried get refund hold get flight would departed,negative
offer atlanta unprecedented perk,positive
want pick customer sign 🙌😏,negative
cancelled flighted sunday flight dallasnext flight tuesday afternoon stranded b getmeouttahere southwestsucks,negative
woman got get chance lifetime 😖 destinationdragons imaginedragons slaycancerwithdragons,neutral
use luv swa hour counting hold flight cancelled flighted noluv,negative
luggage flight bc ur flight n wont end ur goin,negative
hr hanging oh understand thing get crazy n sometimes hour isnt long enough,negative
thx customer service rep alex patient help reflight booking problem cancelled flighted flight getting u tmrw,positive
want explain hold hr tonight trying reach customer service learn theyre monfr,negative
cancelled flightled flight asshole phone support worstairline,negative
flight cancelled flightled bwi pbi cant get monday chance seat open flight,negative
hold hr whats,negative
flying flight tomorrow pbi boarding position c flight overbooked funeral attend,neutral
real issue trying get thru hold hour amp got disconnected please help,negative
hold hour waiting speak someone cancelled flightled flight philly orl,negative
better travel photo kindle ebook easy tip guide,neutral
happend flight get cancelled flighted hold hour help,negative
thats gotta new record hr air hr waiting bag delivered destination,negative
thank help adam awesome gate agent b la getting u home,positive
yall sleeping airport pm tomorrow thanks,negative
ive hold hour reschedule cancelled flightled flight morning give need help,negative
fail southwest change flight different time city blame wont correct furious,negative
southwest airline way go,positive
holding hour minute rebook cancelled flightlationyou guy need help,negative
flight cancelled flighted two hour hold hang little help thx,negative
hold hour call got disconnected thanks lot,negative
everything ok rd call day time ive hold hr ill hang try,negative
hold music need fixedcertain track loud phone button mashing tone themestimated wait time would help,negative
hold hour disconnected flight cancelled flightled swell company,negative
weather delay arent fault today getting hotel two soaked suitcase dry clothes stink frustrated,negative
thanks getting home denver tonight despite snow,positive
u texted flight denver sd tmrw cancelled flightled hold hour trying get help flight,negative
wow minute hold far phone dying,negative
hiring flight attendant right,neutral
never let,positive
hold hour min whats holdup,negative
waiting minute hold yall cancelled flightled return flight answer phone,negative
delacy p compassionate professional despite flight challenge made passenger feel like priorities🌟🌟,positive
pilotsamp crew flt customer service professional baggage claim outstanding thank,positive
find parent luggage really went fll cancelled flighted sw flight called iflyswa long long wait,negative
hold hour need rebook flight cancelled flighted help,negative
speed flight az omaha need see muh boy ✈️,neutral
flight cancelled flightled stuck day paid boarding refused honor rescheduled flight,negative
flight today phl dal cancelled flightled min hold rebooked tomorrow flight cancelled flightled hold,negative
hold hr rebook cancelled flighted flight anyone working,negative
thanks helping class act way see air,positive
flight bos cancelled flightled flight till tuesday spent get flight another airline hotel refund,negative
flight cancelled flighted ive hold minute human interaction wanna get away,negative
hold airline min counting service terrible,negative
hold minute trying rebook cancelled flightled flight companion ticket help,negative
still baltimore lap around u laughing ridiculous,negative
im ready mayweatherpacquiao vega may nd,neutral
worst service cancelled flightled flight fll phl flight flew stuck fl day done,negative
flight cancelled flighted tomorrow hold time long cancelled flight leg,negative
phone line suck dilemma,negative
week valentine daynot feeling luv going hr dont bag arent even coming w,negative
sure hope able get bag memphis tomorrowwould nice clean clothes work,negative
rerouted bfs flight he diabetic little insulin even though tried change agent wouldnt,negative
thing free flight gonna spending board rental bc swa couldnt get baggage greenville w,negative
cancelled flightled flight fort lauderdale philly usair flight got philly problem wtf wrong sw,negative
kudos adding passbook app love,positive
male flight attendant flight orlando indy amazing need raise 👍 best experience,positive
flight boston tmrw cancelled flightled,negative
baggage tracking system,negative
thx grand view today flt seatac phx grandcanyon arizona wow love photography,positive
still havent left maybe time im suppose fly back austin tuesday well moved,negative
coming hr gate leaving without baggage swa nightmare,negative
finally boarded look like ill make final destination baggage wont baggagefail bagsflyfreebutnotwithme,negative
wondering going open fare november,neutral
passenger plane shouldve grabbed baggage gave seat,neutral
crazy every airline flew northeast tonight except,negative
min get bag checked n atx miss flight spend day n get baggage end epitimeoffail,negative
wanted thank great effort jamie mckinnie buf true pro major delay owning raise,positive
im flying couple week need ticket changed maiden name married name pls help,negative
hour airport cant move bag one plane another furious,negative
retroactively add previous flightsmilespoints current rapid reward balance,neutral
sending via dm,neutral
thanks making good cancelled flightled flight,positive
sent another drink couponsi think coupon free drink anyone,positive
quick question let say book flight drop price get cheaper rate,neutral
many tree die stop trying sell u credit card optout,negative
bag fly freejust youre going,negative
hr put tag bag sayin go greenville instead raleigh kidding,negative
disappointed faa regulation furnish proof age toddler thx unnecessary headache flyunited,negative
love southwest accept flight attendant many talent always flyswa,positive
flying spirit air,negative
hr baltimore still going get baggage greenville w unbelievable,negative
flying april first time southwest cant wait flew american airline last time meh,positive
baggage claim already changed xmost recent bag come stopclaim team idea whats going,negative
sent dm confirmation number passenger name swa mcogtcmh,neutral
flight multiple tracking site date info swas app website,negative
fly mcogtcmh bc cldnt reach swa reroute swa cancelled flightlation voucher wld help,negative
worst airline congrats,negative
cup coffee relax check new deal promotion avon twice month doug,neutral
ill cant dm follow thanks,positive
pilot timed outgetmeoutofhere,negative
thanks sending kid destinationdragons concert vega awesome,positive
rating southwest scale,negative
trying fly back orlando bwi website crashed one answered phone help,negative
yes minute tweet able reschedule flight thanks,positive
please help u check never expected make travel painful like rest suddenintlcheckin,negative
cant fly precipitation plane dont work rd airline better charm tomorrow,negative
went front restroom plane sink sign said water use hand sanitizer first time ive ever seen gross,negative
wifi plane gotta pay help broke homegirl out✈️📱,negative
yep two hour thirty minute,negative
hey dont add intl number error checking going hr looking way checkin cancun,negative
finally hung hour able get flight needed stuckintampa 😞,negative
wife need help stranded chicago cant get monday wont find bag volume high,negative
hold two hour finally hung able needed without customer service eventually,negative
im airport ive waited hour bag one know shit mgmt know nothing mad customer,negative
gonna cancelled flight flight run flight exact time cmon fam,negative
thank ah still wish someone picked phone hr dead phone taking tweet refund confirmation,negative
opal dragon book dragon ali woven murdering way philippine australia,neutral
cancelled flight flight cavalli calf interfering onboard equipment,negative
gate attendant mccarran c vega dallas went beyond long day frustration welcome,positive
please refund ticket terrible experience southwestfail,negative
three cheer denver staff dont know get theyre keeping u smiling,positive
conf qmfd finally got amp told flight completely booked would better info advise call,negative
lost bag flight vega el paso going dallas love gate attendant said see coordinate get love,negative
breaking heart bwi hr,negative
officially customer support game will hr hold who loser oh yeah thats,negative
also gave hr minute hold maybe put people,negative
hr wout bag returned u flight cancelled flightled maybe put couple people,negative
switch airline eat difference insubstantial cancelled flight plan sat amp sun,negative
great blackhistorymonth commercial thx atl singer musician life blacklivesmatter,positive
well im sure bad experience already,negative
recruiting fall spring internship pm davidson auditorium jsom utdallas,neutral
way getting back plane airline calling get refund drive hr home,negative
ah dm reply hold hr spent k get united flight tmrw get home lame,negative
replacing beer bravo👏👏 cheer 🍻🍻,positive
reservation fehqne feb dcarsw want refund credit cancelled flightled flight please,negative
okay understand delay one way way cmon annoyed flight,negative
hope apart team job opening,positive
yes hung called different number,negative
flight four hour plane ground bwi,negative
get tsa traveler id added boarding pas would included tsa precheck flying tomorro,neutral
hi flight confirmation fwwef currently stuck norfolk va trying get lga nyc ant update thx,negative
worst customer service ever cancelled flightled connecting flight ny hour ago amp didnt tell im stuck tampa,negative
like see change flight plz help thx,neutral
ur flight still cancelled flight nashville tn today tomorrow dallas tx waiting phone ur office min,negative
cancelled flightled flight ewr flt u also cancelled flightled flight lga yet flying time wth,negative
literally worst,negative
cant reschedule flight online,negative
change hold music going hour im loose,negative
please please please answer phone,negative
anyone come work today u pilot flight attendant answer phone one flying,negative
holding u hostage hour update taking u ny whats going,negative
always brag ur service disappointed today apparently ill sleeping floor dallas airport tonight 👎,negative
ball dropped snowboard making destination totalfail letdown,negative
failing diverted stuck communication make decision let u go 😞😡 flight,negative
sent dm continue wait hold rep servicing,negative
made heading denver employee really pleasant told someone application asks thanks,positive
bag make greenville tonight forgiven highhopes,neutral
im calling cancelled flight flight already rebooked another card need cancelled flight previous reservation,negative
please dm speak regarding receipt email presidential level complaint,negative
ind website say contact airline flight tomorrow atl hold hour give info,negative
hey southwest see atlanta friend never love taiwan,neutral
rerouted snowy bwi trying figure get dealing baggage trouble,negative
officially hold hour,negative
letting dm fszyo,negative
flight phl fll cancelled flighted flight available done sw pain deal,negative
rebooked mdw drink coupon could help,negative
booked mo early paid early check assigned boarding hr early deleted error lasbuf,negative
know ala live far far away book,neutral
flight phl fll cancelled flighted flight available done sw,negative
could add list hold hour,negative
flight kc cancelled flighted next available isnt till tuesday supposed night,negative
absolute worst customer service trying reach phone,negative
hold min anyone hv connection sw another airline get chi n columbus ewr,negative
coming hr still havent spoken rep,negative
son flight cancelled flightled today hold hour avail help rebook,negative
flight atl lga cancelled flightled suggestion get home,negative
flight omagtden actually cancelled flightled hold hour website say conflicting message,negative
hi got message part flight cancelled flightled cant rebook online nobody answer phone call help,negative
sev ppl im office received apology k ff mile delay apologize select ppl got nothing,negative
yes total hour hold cancelled flightlations one would think would staff decided cx drive,negative
dont think hr wait time speak actual agent ridiculous flight cancelled flightled morning getyourlife,negative
wounded vet stuck hv trouble agent help hold answer twitter pls respond,negative
manchesterbwi delayed one idiot isnt plane weve waited hour window may miss,negative
hv wounded vet stuck chi he traveling ny healing need fly ny late flightst catch intl flt help,negative
wanna say youre incredible sending people see idol sooooo kind amazing💖 destinationdragons,positive
flight cancelled flightled today hold hour,negative
really getting worse day go late flight leaving diverted sitting tarmac va,negative
bring back agent call back feature ever discontinued,negative
thank left ipad plane filled lost found form yall found shipped back thank flysw,positive
hi please tell today flight chicago dia cancelled flightled thanks,neutral
particular reason minute counting speak human,negative
standing la vega flight say time rep telling u flight denver cancelled flightled help,negative
cancelled flightled flight pm today due winter storm traveler urged contact carrier info,neutral
estimate holding online end im hour forty minute need rebook,negative
sitting baltimore finish taxi approved takeoff oops enough fuel fail minflight beenhours,negative
sent way thanks help,positive
chance there seat open den dal afternoon,neutral
wait bag longer actual flight,negative
sure look like ill make birthday celebration,negative
heck bag chicago hour,negative
departing mdw cold f windy snow ground sunny f la vega,neutral
u follow dm confirmation number need confirmed cancelled flight call confirm monday refund,neutral
told call cust service monday,negative
ticketing line la vega unorganized mass craziness half ticketing station unmanned,negative
actually could use slight tweak return leaving til monday way skip calling,neutral
fl cancelled flightled dallas austin one answering need help,negative
hold min trying rebook flight cancelled flightled help,negative
yall cancelled flightled flight rebooked st cancelled flightled help need nyc schedule flight tomorrow,negative
microsecond late flight sad 😂😂😂😂😂😭😭😭😭😢😢😢😢,neutral
wife trying get group client destination got disconnected hour holding help,negative
could u put one baltimore,neutral
confusing receive trip around corner email already cancelled flightled flight,negative
yall fast already winner congrats,positive
five people shown yet,neutral
left computer plane two week late flightr found sent greatservice happy customer,positive
fortunately didnt flight took time,neutral
placed hold total two hour today flight cancelled flightled online option available,negative
thanks,neutral
ive hold last hour progress pleasehelp stranded whenitsnowsitpours tgcyalate flightr,negative
thats awesome library,positive
answered right away new re cant rebook people supposed leave today worst customer service,negative
horrible flight,negative
flight hou mdw aboard boeing boarded ontime pm departure wheelsup fb,neutral
lax almost mess reason express bag drop slower full service line,negative
way get receipt cancelled flightled portion roundtrip flight used flight voucher need receipt,neutral
thing changing ticket cancelled flighting current ticket amp buying replacement online,neutral
rebook online keep telling reserv number past date morning holding hr,negative
hold minute fly answer phone,negative
thanks much make cancelled flightlation ive sent u info,positive
thanks whats opinion chance getting okay tomorrow,neutral
fly back omaha grandmother funeral cancelled flight return flight dont bother notify thanks lot,negative
cancelled flightled flight home better get private jet something need get home,negative
since become ok passenger save row seat people late flightr boarding positionhow rude,negative
provide direct assistance colleague cannot rebook bc ticket booked via corporate account help,negative
flying back denver tomorrow rebook,neutral
flight cancelled flighted help rebook,negative
follow send dm,neutral
never got flight confirmation ive hold hour cant get info online,neutral
follow dm please need confirm cancelled flighted reservation,neutral
going file formal complaint never happened please direct u right department,negative
trying change ticket travel monday cannot changed online anyway faster waiting hold anhour,negative
prompt consumer prompt customer service instead customer hold hr,negative
😅 wont let change reservation online im wasting time,negative
hire customer service agent hour half long hold,negative
dm sent thanks help,positive
hold hour expect customer service disappointed,negative
im upset lied told ice runway every carrier able fly airport confirmed ice,negative
luv swa employee use always,positive
call,negative
flight book fly standby allow check flight take,neutral
husband responding insist remove seat btw sign english spanish,negative
agent werenot helpful told would pay chng even though tld going bwi whch part trvl advsry,negative
follow well proceed,neutral
according flight attendant husband doesnt talk english fact understand talk,negative
bad enough seat assigned he seating exit seat male flight attendant remove,negative
there current cancelled flightlation indianapolis girlfriend stranded idea help provide,neutral
husband first time flyer worst experience board aircraft minute ago,negative
thx managed figure trying diff confirmation booked annoying readily available,negative
nd leg trip cancelled flightled hold hr lose dont speak someone first flight leaf,negative
ive hold almost hour luv yall imjustsaying 😔😔😔,negative
love guy even comcast better phone help system simple callback system would fix problem,negative
really gonna hear mouth bag situation,negative
guy need better communication customer rude unprofessional,negative
wrote customer support monday cancelled flighted flight havent heard back idea whats thanks,negative
official word whether flight bwi manchester cancelled flightled ive got hr drive snow 😢,neutral
received error online hold hour completely unacceptable,negative
free cable world technology man dream come true free portable,neutral
best case point happybirthday,positive
incredible view smooth flight way even tho turbulence pilot rock,positive
k thanks,neutral
take money provide service make profitable venture company isitthegarykellyway,negative
today scavenger hunt start im trying help little brother win destinationdragons,neutral
never late flight right thing,neutral
would appreciate follow dm info figure supposed,negative
trying get anyone phone flt cancelled flighted please get denver,negative
dmd,neutral
trying rebook flight hold min disconnected almost min unbelievable,negative
guy disrespectful point learned lesson airline,negative
hold min cancelled flight reservation assist,negative
pls help hold long time travelling business flight orf mci cancelled flightled need get asap,negative
greeting,neutral
thank u thank u thank u coming u sincerely didnt think would happen lt swa thankyou,positive
hold hr got cutoff cancelled flightled flight cant get booked cruise florida terrible customer service,negative
ive hold hour counting…just need simple name change,negative
lost kay chapman design artluggage important show wont help locate terrible customer service,negative
hold hour speak customer service rep heck southwest customerservice,negative
flight leaving dc today flight cancelled flightled hold hour,negative
better someone hold hr,negative
waiting almost hour trying rebook flight please help u get someone,negative
flight bnardu excellent crew today,positive
called solved flight cancelled flightlation issue minute may ask getmorehands,negative
never felt better taken care indian aunty gold standard thanks aruna,positive
im stuck fort lauderdale,negative
hour hold trying reschedule cancelled flightled flight hold music stopped one answering reach rep,negative
thought guy best airlineive hold hour,negative
thats great fa right,positive
dm sent thank,positive
pay fare difference change cant seem find receipt get copy reimbursement,negative
cant speak customer service hour still hold guy worknogood,negative
seriously reason cancelled flightled flight long phone wait time guy tremendously understaffed,negative
frustrated saw seat avail online pref alt flight unable book online lost seat gt hr phone hold,negative
let u know help,neutral
would love tix velour showentered every contest still havent,neutral
hold waiting make special accommodation mom traveling hour minute hold unacceptable,negative
great first night destinationdragons,positive
finally thx,positive
ridiculous hour hold rebook cancelled flightled flight,negative
hi janet customer service im calling back sitting que min plz pick frustrated,negative
thank reply complicated dm really would like talk cust rep going,negative
cant dm dont follow,negative
yes figured hour long enough time hold giving somebody call,negative
hold forever first flight cancelled flightled nd flight still time help,negative
hello southwestair im happy flying morning dalmdw looking forward comfortable fight,positive
anyone answering phone rebook cancelled flightled flight,negative
attendant atl airport awesome helpful cancelled flightlations morning,positive
customer svc worse winterweather flight cancelled flighted website malfunction hold gt,negative
flt crew orangecounty denver best weather delay pilot invited kid see cockpit luv,positive
never choose getmeoffthisbird,negative
amazing experience staff dia last night blown away hospitality wife crutch,positive
hold hour minute cust service help,negative
long wait bag could next flight party could waited albany,negative
pilot plane flight say still time ground minute ago,negative
great trip past week vega work pic southwest southwest,positive
get weather delay hand nothing else offer massive inconvenience,negative
answered option refund resched monday id miss work im paying hundred flight tmw,negative
hold hour twice terrible,negative
flight cancelled flightled due weather next,negative
crazy hold time today hour help,negative
hold hr cant get airport flight icy country backroads help pls bna,negative
stlbos flight today cancelled flightled online resched form give error hold past min help terribleservice,negative
get refund instead credit flight cancelled flightled couldnt switch flight tomorrow,neutral
hold hr cant get airport flight icy country backroads help pls human answer bna,negative
hold hour chance someone help,negative
u cancelled flight flight phx bc sdf weather flight ne sdf still going wtf,negative
show jacksonville 💝too want ticketsforjax,neutral
cancelled flightled flight without explanation wont pick phone minute counting customerservice,negative
plz consider customer youre losing aa 🚫 kc ↔️ okc directs okcdirects okc mci flight okcprofessionals,neutral
glad u guy business w class ur competitor 😏,positive
thanks great service staff letting change flight time free pvd sky always swa,positive
wife hold minutesi get weather bad insane customerservice customerloyalty,negative
ive hold hour answer,negative
needed refund cancelled flightled flight morning hold hour x,negative
thanks cancelled flightation today airline thats cancelled flighted lost customer today,negative
cancelled flightling flight due winter weather totally understandable would sure nice would answer phone,negative
book flight get reimbursed,neutral
ive hold hr waiting talk someone pulse get cancelled flighted flight rescheduled sop,negative
hold rebook flight cmh hr rebook website crashed,negative
hold long rebook cancelled flightled flight enough time rebook instead lot room,negative
sure flight cancelled flighted trying make plan stl,neutral
great flight great view,positive
hold reschedule flight hour please help phone battery soon,negative
minute still havent talked one person shocking phone gonna died talk anyone,negative
flight nwn taxi prior flight,neutral
fort launder dale gate agent cant switch flight earlier flight phoneridiculous,negative
every single flight cancelled flightled airline,negative
cancelled flightled flight wont refund told call customer service n holding minute still waitin badservice,negative
im going need answer phone hold hour isnt okay,negative
almost hour hold swa inexcusable hiremorepeople,negative
favorite airline cant wait book flight new orleans trip april,positive
suggestion tell customer approximate wait time hold min allow cancelled flight online,negative
thanks telling u flight cancelled flightled helping u anyway ruining birthday worstcustomerservice,negative
tkt grp cxld flight get stuck back c site phone agent took h rebook,negative
loving boarding go chicago keepitmovin,positive
flt mht fun kid grandkids jack say hi,neutral
jumped gun little cancelled flighting flight airline cancelled flighting louisville youre ruining vacation,negative
apology help would nice supvsr sally cle offered one usual gr southwest customer service love,negative
hold two hour timedout great system got,negative
rock horror,negative
plan implement callback system reflight booking problem line hold hour,negative
there nothing love hold hour,negative
destinationdragons scavenger hunt rule,neutral
app error say click cant click hyperlinked,negative
need help one pick phone,negative
anyone answering phone morning iflyswa hold minute counting,negative
trying go far away kingscollegelondon possible charity today would help u jailbreak rag,neutral
handing ticket sleep,negative
dal due sleet sun evedidnt see listed city rebook fly dca,neutral
great la flight clarence frank guy hoot 😜😂 thanks,positive
receive drink coupon point friend,negative
absolutely required flight going cancelled flighted,neutral
flight sunday nd columbus denver got travel alert southwest app rescheduling,neutral
childrens rate flight,neutral
often airplane seatstray table cleaned sanitized rather air purifier clean seat wifi 😷😱,negative
lost luggage birthday wish find luggage,negative
youd love see girl get inspired becoming pilot rt free albuquerque event,neutral
troubadour destinationdragons,neutral
hey follow u dm question 😁,neutral
got text flight cancelled flightled help please,negative
sitting outside gate min lga move another gate wee baking plane flight,negative
grand total landing getting bag one hour thats sad,negative
staff really kind flight delay luggage disappointing,negative
hey southwest wanna go see guy lot better jet blue,positive
landed hour late flight ind den min late flightr bag cool,negative
hey sourhwest send atlanta see fly southwest forever u guy best airline,positive
horrible experience ever airlinehave reconsider future flight customer service,negative
salted honey roasted vote bring back salted peanut dread year honey roasted😖,neutral
swa send customer survey earn toward flight legit,neutral
met twitter friend waiting outside troubadour destinationdragons,neutral
still offer discount seat child would rather put seat lap,neutral
wanting ⭐️ ✈️ finding gate apology exp good im sure connecting flight leaving sac chill,negative
suck passenger leaving plane make room luggage checking luggage getting back delayed flight city,negative
cool plane said left terminal diff city cold betch flying friendly sky,negative
,neutral
flight san diego delayed per usual take home,negative
find travel fund available use f past changed flight dont see option account,neutral
great news,positive
making dream come true destinationdragons scavenger hunt win chance see imagine dragon go,positive
father kind enough offer pay hotel cant use coupon pay fl help,neutral
every city nationwide sale fabulous fare nothing buffalo except city,negative
voucher w swa expires extension would lot luv,negative
well plane arrived pretty much time degree ground texas much complain,positive
sure still dallas plane gate min update flight poor service,negative
loved one flight atl ind cancelled flightled due ice indy sitting indy bone dry tomorrow snow,negative
alls well got comped multiple bag made day,positive
thanks ride chicago kmdw b,positive
booked th save emergency exit gotta stretch,neutral
im line airport right cover hotel fair sleep airport,negative
flt emer stop albuquer heart condition crew awesome pilot maverick divert,positive
thanks much appreciate kindness adjusting reservation even snowstorm still prefer southwest 👍,positive
cancelled flightled flight im stranded st louis sure flight tomorrow sleep airpt,negative
think flight supposed go houston well case someone could check,neutral
stuck runway delayed wednesday good way take care loyal customer,negative
guy held flight thank take mdw oakland thanks,positive
first time flying youve definitely,positive
best sitting gate waiting given information delayed isnt making easy,negative
rock open letter flight attendant lt child inspired thank,positive
luved sjc gate agent boarded flight dal didnt get name represents brand well,positive
thanks awesome flight connection delayed staff crew purely amazing,positive
great flight got u back time thanks,positive
mph wind would anything florida right help sister,neutral
take,neutral
son flying south west nolaorlando hope enter win contest destinationdragons,neutral
thx smooth landing today applauded u abt weather takemeback,positive
frustrated idea great crew thanks happycustomer,positive
lunch time got call answered,neutral
parent flight frm stlatl cancelled flighted nite whens next one,negative
well mom called earlier guy hold close hour,negative
there hour wait reflight booking problem line omaha,negative
say cant flight progress,negative
help reflight booking problem flight cancelled flighted fwhei,negative
alist pref doesnt good direct atl always wifiless flight,negative
reliable system couldnt find info said refund credit card,negative
hour sorry dont get oh well screw weekend az right eat hotel problem,negative
early bird great employee awesome passenger killed buzz,positive
absolutely sick wifi,negative
airfare available december year major trip coming im anxious book,negative
ahah😃💕🎵 love sw✈❗❤,positive
contest destination dragon want try everything go,neutral
lucky people like annamarie norris bwi hope get recognized excellent cust service,positive
upcoming rr changesdeval trying tell fly southwest anymore loyal far get,neutral
traveling bwi nmaryland morrw chance flight cancelled flightled inclement weather chance get earlier flight,neutral
kid want fucking money scumbag,negative
wish wouldve seen hour ago wanted see tonight bad cry,positive
easy,neutral
ill drop next time visit,positive
feel like good day fly thanks ontime departure sna bestinclass ft takemehome,positive
great trip yesterday outstanding flight attendant,positive
customer get touch internationally mexico lost baggage,neutral
rndtrp rt youre trying make travel reservation vega may nd late flight,neutral
im flight everyone nice helpful im hoping well get fly thank,positive
thats horse radish 😤🐴,negative
thanks concerned conflicting text receiving flight drive hour 😢,negative
thank,positive
thank see u next wednesday fll save peanut,positive
hows life noc,neutral
tell marry lamp give ticket vega show please desperate,neutral
current promotionscodes nashvilledenver thank,neutral
promotion fly roundtrip flight atl get companion pas year travel,neutral
happy finally put southwestairlines boarding pas passbook make life much easier ✈️,positive
anything go vega show please man,positive
go delayed chicago offer flight never intend fly,negative
omg omg omg,neutral
traveling one got miscommunicated,negative
wtf flight delayed go board boarding pas disappeared southwest app,negative
tweet popped phone follows missing favorite southwest pilot brother,neutral
special fare student visit prospective school expensive visit graduate program,neutral
would eternally grateful ticket vega show ͡° ͜ʖ ͡° god bless,neutral
baggage woman said blatimore would plane morning cant find wtf,negative
doesnt work flight fyi,negative
please help would die see vega show would amazing hear song real,neutral
need imagine dragon like need air please hoom vega show ͡° ͜ʖ ͡°,neutral
committed okay please hook destinationdragons,neutral
would die got ticket destinationdragons would invited funeral,negative
easy pleasant difficult stressful learned lesson,negative
would sell nonexistent soul go see destinationdragons,neutral
job interferes wellen show amp concert alway treasure experience,neutral
got taken care thank lt,positive
sure trust statement many small number word,negative
posted flight schedule covering date range,neutral
late flightly youve always late flight please get back old swa,negative
totally suck flight weathered existence stacy tucson helped overnight vega,negative
guy alive ive hold minute counting,negative
gary kelly ashamed running corporation way,negative
guy rip could cancelled flight every flight booked employee would buyer beware,negative
travel credit used buy expires day find lower rate,negative
please acknowledge attendant jeff wernicke beat class service sw,positive
lacma fairfax,neutral
want money paid early bird refunded noone seemed able three different sw worked,negative
filled form website darn guess ill cross finger,negative
thank much access destinationdragons tonight 😁 cry dying rn ripme,positive
excited last minute trip doesnt know yet,positive
arent based chicago hunt la home city please bring one home,neutral
heyo causing flight ewr hou delayed,negative
flight dal pvd,neutral
wifi stink im mad wouldnt hate got money refunded,negative
cancelled flight arrival amp departure nashville pm weather headline pm liveonfox februaryfreezefox,negative
spare ticket vega would forever grateful destinationdragons,neutral
😍 destinationdragons,neutral
thank much,positive
chance change include northeast airport jetblue,neutral
hold minute amp one know win ticket youre still handing destinationdragons,negative
minute phone im given another number call still hold,negative
pleasecan last ticket best friend destinationdragons,neutral
rule,positive
one call know anything im wondering get destinationdragons,negative
saw ppl winning ticket still win,neutral
okaaaaay ugh im min away,negative
go go,neutral
please please please,neutral
yes like need luggage tomorrow morning,negative
min away,neutral
doesnt care sna agent jacquie plitt rude gal bad attitude fly cabo thx,negative
happily flight delayed cockpit visit blew fouryrolds mind thanks capn,positive
need make whole used tkt back n phx due rude sna agent jacquie plitt flew cabo,negative
min,neutral
route flight mexico city chicago midway using service,neutral
flight hour long one best flight ive ever kudos flight crew airline general,positive
many left,neutral
swa agent jacquie plitt sna rudely tell youre going cabo today manana back phx flew,negative
thanks good u military folk cold stlouis sure enjoyed flight,positive
thanks losing luggage,negative
u cant get state playing hunt destinationdragons ticket lefteven one,negative
im lol anyone arrived yet,neutral
left behind ipad air flight bradley bwi plane already left time realized possibly help,neutral
many left im min wway,neutral
well car amp free place stay known unacceptable treatment spvsr sally cleveland disappointed,negative
cannot dm follow,neutral
asshole cut front system blow,negative
pretty stupid probably wont fly plus hearing nightmare story overbooked flight,negative
im min wait me😭😭😭,neutral
get flight denver ill happy,neutral
nonstop flight midway boise summer season looking book labor day trip ty,neutral
minute without talking human point would recommend call,negative
one use companion pas w point flight booking problem cash fare thx,neutral
im tho 😭😭💔💔💔💔💔💔💔,neutral
u guy cancelled flight bna flight amp dont bother alert passenger give,negative
thank much sending la destinationdragons tonight gonna rock😎,positive
oh see thanks supporting padresst,positive
yeah haha never one expensive 😂😂 much fun destinationdragons,positive
beautiful day seattle,positive
best video seen ever teamspirit,positive
thank kind response acknowledgement apology go long way southwestrocks,positive
thanks minute someone eventually help u took care,negative
going weekend friend birthday point reflight booking problem,negative
one bag didnt make destination claim ticket way help status location,negative
next flight free cocktail,neutral
includes “ inclement weather may impact scheduled service reflight booking problem option available,negative
okay thank also get tweet earlier hr ago saying amp send dm deleted,neutral
yes attitude nasty comment,negative
guy rock easy quick affordable change flight bestairlineever neverchange,positive
credit expires month flight possible way extended,neutral
hour delay atl due air traffic controllove missing entire day vacation unhappycustomer mytimeismoney,negative
question atl companion pas offer know need revenue flight roundtrips whats revenue flight thnx,neutral
cancelled flightled get refund cancelled flightlations happen min phone wait amp painful music unacceptable come,negative
refer friend southwest credit card point,neutral
dm needed,neutral
hello talking say moved sent voucher work u help,neutral
following,neutral
go want badly dont know dm email help wmnlifecom,neutral
thank help shannon great customer service,positive
hour late flight made sf maybe help get earlier flight sunday,negative
another ride sw employee printed boarding pass deficiency training obviously,negative
thanks lindsey amp southwest twitter team great service amp speedy resolution luvagent swa,positive
apparently mechanic flown fix planesnot assuring sign,negative
please help really want fly guessweflyingdelta,positive
oh get ticket,neutral
accepting apple passbook app boarding pass app work iphone amp ipodtouch ipad,neutral
thank dming,positive
cancelled flight flight bna today needtogethome,negative
huge problem someone whose ticket cancelled flighted mid trip dm,negative
flight sunny sfo delayed hour others cancelled flightled left right little update help,negative
please explain rep ignoring technical issue passing buck good business model lucky limited,negative
understood frustrating buy early bird check day go sale get mid b feel ripped,negative
thats happens power level go foot air,neutral
ceo kelly draw record crowd business partnership breakfast,neutral
ceo kelly draw record crowd business partnership breakfast,neutral
please start charging carryon luggage carryonbagssloweverybodydown,negative
sea den south sound volleyball team way,positive
see moving brother law graduation th thanks,neutral
thank,neutral
imagine dragon ticket left tomorrow utah would love go available,neutral
fare see flight fall absoulutely lowest,neutral
swa low fare ontime service great manufactured quirkiness mmm much signed captiveaudience,negative
please start offering service airport drive hr use u,negative
flying jax den paid wifi barely functional couldnt work wanted never,negative
flight nashville cancelled flightled another flight ive trying call amp cannot get human,negative
delay understandable look time flight boarding time weird,negative
dm,neutral
already booked ticket august thth cant wait vacation,positive
frustrated bought early bird day ticket released got midb ticket spend nothing,negative
,neutral
maybe machine,neutral
plane doesnt work luxury paid go away keep money need biz model,negative
extend call day expireswhy cant extended nowmightmismybrosgraduation,negative
airline fly havent seen anything like yet,negative
thats awesome love flying swa,positive
guy flight attendant last flight… hilarious ☺,positive
thanks info quick response,positive
shhhh dont want something else steal deal😉,positive
cancelled flighting flight minute takeoff amp sitting min runway rescheduled flight badservice,negative
go scavenger hunt im boston,neutral
hi we’re flying swa today son peanut allergy way request crew serve peanut flight thx,neutral
deborah helped me💁,positive
give guy raisegreat start flight az mke,positive
intl friendly,negative
ha ha make break either way,neutral
horrible customer service empty seat early flight wantcharge double get home early instead usual late flight,negative
answer phone change flight plan srsly,negative
could little accommodating extending flight creditwhats extra daysnotahappytraveler,negative
would,neutral
going inconsistent enforcing rule id prefer randomly take freq flyer obey,negative
show luvits degree snow imdetermined go destinationdragons,neutral
relay concern really mean amp howwhy u keep letting people flight bag larger u state allowabl,negative
number use outside u thx,neutral
long take point rr shopping post account got email saying ive earned point dont see em,negative
thanks know route currently newark wondering new one horizon,neutral
oh gosh going dm thank,positive
thank much youre amazing im going cry omg,positive
could get flight delayed,negative
couldnt make flight fund forfeited show trying book another flight using fund im,negative
dmed,neutral
last chance win destinationdragon,neutral
make delay go away maybe upgrade kat seat headed columbus,negative
flight fort lauderdale bwi cancelled flight flight flight trip id,neutral
know last chance,neutral
larry david work southwest,neutral
flying southwest first time lga layover atlanta,neutral
hi wanted see new route planned year newark love flying guy hope,positive
thank well touch moveaboutthecountry,positive
fjbfsc need receipt showing charge amex xx keep getting sent,negative
need tsa pre doesnt show flight mine,negative
getting run around today customer service amp disconnected customer relation given twice help,negative
hour already,negative
flight bwi isp ready go thanks keeping u warm frigidfriday,positive
love love love southwest rock always,positive
contact requesting charity donation thankyou,neutral
shout flight crew taking amazing care u double flight thankyou,positive
status flight stlaus,neutral
please hate fly different airline youre fav,positive
flying delta week gogo good tweet sent didnt even send landed thats bad,negative
sure thing,positive
book hotel twice ahhhhh,negative
save mile visit family impact many time see mother planned change rule,positive
jackpot legroom,positive
go airline much say care see much right suck,negative
loyal southwest beginning unhappy devaluation,negative
destinationdragons id favorite band met bestfriends thanks would life changing see,neutral
live southwest imagine dragon favorite band met bestfriends thanks would amazing,positive
longer flight series wifi great retire,negative
excruciatingly slow internet swa flight norm rather exception addressed,negative
yes thank sent dm,neutral
last chance get destinationdragons ticket would die happiness 😭🙏,neutral
inbrowser hover intrusive annoying fact wifi work one device sort sad,negative
sign screen major mobile issue responsive design wasnt working properly nexus,negative
sure also read southwest doesnt believe liable incident fault sw lost,negative
whats new inflight wifi service super crappy user experience miss old provider,negative
damn cold sitting runway heat,negative
please follow dm thx,neutral
sent dm,neutral
love air travel doesnt get easier,positive
received awesome phone help jim today helped switch around flight booked point,positive
repeating policy basically repeating fuck customer ill shopping new airline asap,negative
yeah thats happened im really pissed kind thing expect u austrian,negative
glad see know keep money pocket thanks voucher return lost bag,negative
call customer service sitting tarmack hr lost bag give voucher,negative
would love go destinationdragons show tomorrow utah ive trying hard,neutral
hope take selfie stick plane today goingtovegas,neutral
thats bull add fare cart locked made way paypal,negative
working different device though help appreciated,neutral
trouble wifi matter get redirected back getconnected page even though say im connected,negative
account even aware destinationdragons contest one youre fucking,negative
thank cant wait either,positive
even mean im taking letting elite customer paid seat fill seat go empty anyway,negative
sweet glad hear ill keep guy mind next time,positive
great job achieving city bwi,negative
hello flight cancelled flightled destinationdragons one desk kci know fuck happening,negative
employee bwi amazing,positive
thanks responding,positive
thanks leaving hanging destinationdragons flight fucked help,negative
hi winter wx advisory issued stl snow amp ice amp cold oh issue travel advisory,neutral
travel advisory posted den make change ticket anything need know call,neutral
luxury people flight im going get spoiled,negative
three flight three check agent enough missedflight back jet blue,negative
releasing flight september found fly direct lbb la excited tripofalifetime,positive
unable book travel right website app help,negative
gracias appreciate,positive
fantastic thats best flight service ive ever,positive
would love win ticket take son imagine dragon provo saturday night crossed finger destinationdragons,neutral
promotion also said two free round trip flight nope pay extra chi vega baitampswitch,negative
extra luggage cost,negative
turned nonstop flight laguardiadal stop stl wth im thinking sorta comp order really,negative
flying week bringing blanket bc freezing😜,positive
last flight consistently ran behind schedule whats,negative
sweet promo code help visit family please lol,neutral
sinus contend two painful landing rather one missed preregistration window beyond frustrated,negative
airline change ticket price middle day annoyed,negative
delayed youre killing late flightly,negative
love imagine dragon much eould die got ticket,positive
wannaa go vega show bad id doo anything destinationdragons,neutral
love imagine dragon flipping much pls destinationdragons,positive
would love go atlanta show ♥️,positive
would anything ticket vega anything love imagine dragon much,positive
another delay wow,negative
dont want whiny accommodated several passenger whose earlier flight cancelled flightled flight long,negative
would awesome experience destinationdragons,positive
hi ❤️ company fly time wondering could please share link amp read,positive
yes destinationdragons san diego,neutral
cant begin tell slow plane wifi cant even pull email paying,negative
get pick show destinationdragons,neutral
betsy besty gettin stuck la might bad mostbut want home homewardbound betsy besty thankyou,negative
landing ric right havent even left atl picked delta maybe,negative
love ya bringin hour late flight leaving weve sitting runway min 😥 fail,negative
never mor e disappointed company charging use wifi work apps parhetic,negative
picked bag seatac clothes soaking wet bagawim,negative
would cool best airline company hooked ticket vega,positive
appreciate reply hopefully lax agent get memo cheer,positive
help ticket vega event would stoked,neutral
notice separate button guitar actual music pic band take note,neutral
give ticket atlanta would anything anything 😆,neutral
offering u absolutely nothing trouble either blame,negative
link doesnt work,negative
realized luv voucher expired today chance getting luv extension please veryloyalcustomer,neutral
itd nice could get answer even simple would want know,negative
hour delay make nice offer rescheduling next day,negative
nice trip back home looong vaca 😊🌴,positive
paid flight wifi austin san diego wasnt useable possible get refund conf xxvm,negative
usually excellent swa flight,positive
know ❤️you trying patience easier cheaper way tpa pdx stuck w u turned hr mci,negative
figured streaming wouldnt work per tos site taking longer minute load,negative
wait wait get straight fly personal business sure bebetter,negative
gate attendant let someone board whose boarding pas kept reading invalid messed passenger log,negative
android wifi experience terrible ripoff cant get mrn budweiserduels,negative
dear swa fly lot time amazing today unacceptablei sitting midway delayed min,negative
know finally lined like cattle board sw flight original departure time badcustomerservice,negative
seems like could make money opening seat desirable flight,neutral
jason gate san made afternoon southwestairlines stellarservice thanks,positive
thanks adding straight flight columbus oakland,positive
look forward direct flight california see family often thank byebyeusairline,positive
great customer service come knowexpect luv dropped eb check help sight,negative
cant help made mistake dropped early bird check end luv,negative
roundtrip ticket need change one leg trip nearby airport possible via website,neutral
please something speed wifi connection plane might well nonexistent,negative
crew tonight outstanding god bless medically trained passenger board,positive
weather seriously cannot even excuse point awful service summer,negative
seriously worst dont remember last time someone knew flight wasnt delayed cancelled flightled etc,negative
way get entry la vega event see perform destinationdragons,neutral
give crew swa high five avb guy nice xw landing nicely done,positive
charge much moving full flight earlier flight seat available doesnt make sense,negative
wifi come,negative
brd nowfrustrated go buf rocif tld flt gng b held earlier would messcng bk unable due overbk,negative
honest didnt expect fast response thank chiberia go,positive
making miracle customer service department gave far one friendliest phone call ever wheelsup,positive
already signed thanks looking forward trying southwest experience,positive
unscheduled aircraft change please better system place worth paid upgrade refund,negative
good know perhaps execution,neutral
love hold flight phx late flight passenger make u hour late flight great job,negative
tried return orig booked flt told overbookedgng diff destfeel like switched purpose bec overbook,negative
“ forgiven loved customerits never left ll” thats youre bae ❤️,positive
time estimate luggage well sure fill survey,negative
hear bad thing flying last weekend flight crew awesome thank 👍👍,positive
sorry spam would awesome see vega help would absolutely amazing,positive
dm sent,neutral
please dm question,neutral
done,neutral
let chat flight bwi carolina area girl get break ive resort usair 😖 day,negative
remember wouldnt let pm flight seat available flight delayed worst airline badservice,negative
thanks making new direct flight san francisco,positive
crew great u today traveling ft lauderdale louisville kid thanks✈️✈️,positive
please work contract offer service,neutral
please reply dm ♥️,neutral
youre going compensate u two plane change atlanta right,neutral
next enforcing boarding procedure,negative
roger wilco,negative
enter passport information existing reservation check,neutral
way help entry vega event boyfriend amp fan since awesome,neutral
nvm gate said theyre holding connection thanks quick response,positive
rescue sundown chicago next stop san antonio,neutral
yall say flt time yet havent boarded departure bc waiting new crew subterfuge,negative
yall get rid austin cabo flight together there zero nonstop aug sept,negative
looking forward beat music available flight today thats pretty cool,positive
best airfare price gotta luv,positive
flt delayed scheduled miss connection get help hhp,negative
thank,positive
didnt say anything patience said probably last time fly southwest suggest others,negative
flight,negative
iphone app add passbook support airline travel,neutral
ticket atlanta show would love go sister ♥️🙏,neutral
“ mustve heard u wrong sweet mixtapethough recordi didnt leave left,neutral
thanks opportunity,positive
dont ever tweet,negative
problem wasnt issued position today gate option upgrade good youre,negative
might worst airline ever,negative
truly best customerservice something go wrong matter big small issue fix thank,positive
easiest airline deal loveeee much,positive
canned empathize think team lost right capitalized lowercase team day,negative
yes please,neutral
ok gotcha ✈️😃👍,positive
oopsno functioning bathroom fairly full flight hope everyone new york hold included,negative
im excited perhaps could scale excitement back week,positive
please help best friend get ticket destinationdragons much thank,neutral
way amp best friend could get ticket destinationdragons mean everything world u,neutral
became best friend bcuz way,neutral
amp best friend chance could get ticket destinationdragons,positive
thank ❤️❤️❤️ guy,positive
trip month awaywhy consider around corner setting change,negative
ceo gary kelly absolutely hero southwestrally bwi bestemployees swaculture,neutral
site gmail facebook etc,neutral
ceo gary kelly america loved flown airline southwestrally bwi bestemployees swaculture swapic,positive
tried inflight wifi fail,negative
flight booking problem late flight summer travel auscun direct flight disappear,negative
thank finally made destination,positive
luvin flight today dont change please add paypal payment option,positive
presceo gary kelly therofo addressing bwi based employee,neutral
youre killing always delayed sandiego sf ugh,negative
start flight booking problem next year super bowl time 😩help,neutral
ever nonstop sjc bna well take sfo oak pleaseeeeee thank,neutral
almost bumped flight hrl minute early staff rude asked problem,negative
experiencing worst customer service ever currently waited c rep put hold actually hung,negative
make flying fun flight crew led plane singing happy birthday one guy luvintheair,positive
thank please follow send,neutral
received birthday card amazing made smile joy nice video thanks,positive
thanks heartlanta,positive
idea spring sale soon travel late flight august early september going pa lax,neutral
thanks b day concert watched noticed fist bumphigh five end rock version,positive
doesnt terminal b lga precheck make want never fly airline,negative
announced nonstop flight dallas columbus well next time best youll less time airport hopin 😂😂,neutral
boyfriend loved since amp would awesome go vega event way help,positive
reviewing oversize policy hardcase golfbags free weight add guitar instrument list,negative
could said dont know,negative
cant find cheap flight dc st louis price went like crazy april weekend,negative
cant dm without following,negative
“ ifthesneverstopped wed still rocking charttopping hit,neutral
th,neutral
yall know new route hou aruba amp puerto vallarta available,neutral
pwm direct orlando saturday happening march thought going permanent thing,negative
yes guy get act together,negative
unable check flight say itinerary ineligible checkin online go counter inconvenient,negative
wow thing better forgotten,neutral
thank great tool,positive
know crew today flight au pdx awesome swa,positive
thanks lot sending special deal getting screwed best vacation sarcasm get new partner,negative
loyal alist customer easier get help bring resolution issue reward program,negative
one answersno one help always different story fiancee cant helped,negative
dont worry,neutral
yes please train customer service agent correct protocol receiving different evrytime call,negative
never got notification flight cancelled flighted today correct phone email file happy customer,negative
sitting talking tech conference awesome guy rolled across luv guy lol,positive
flight nasbwi ton march,neutral
travel see bz class get away sld anytime available know many anytime available,neutral
thanks get look like bwisjd service stop aug case cant find one date flight,neutral
get luv fallow,neutral
thanks attention ive flying southwest year havent issue past,positive
pair ticket show atlanta id love go destinationdragons,neutral
suggestion shade window traveler wont watch ur luggage handler throwing bag around,negative
please help get ticket club show atlanta destinationdragons,neutral
perhaps pair atlanta show prettyplease,neutral
alist program complete joke company value loyal customerstime look another goto airliner,negative
whats pricing cache book flight refreshed page amp price jumped ridiculous 😑,negative
destinationdragons tix spare wanna go see show friday la friend,neutral
alist pref credit card holder called exclusive hung hold min give,negative
destinationdragons im huge fan would love tix show,positive
following bad,neutral
bwisjd service seasonal wasnt part extension called intl desk didnt know want fly sept sat,negative
scott best thank yo bottom heart💕destinationdragons friend la see u friday,positive
must pm nonstop bosbna flight stop running august,neutral
embossed badge patch superior one currently using,neutral
flying non stop cmhoak daydreaming trip bayespecially weather ohioprobz,positive
flight yesterday treat nut pretzel also origami magazine new policy oldpolicieswaybetter,negative
awful lost bag arent providing info day nothing worstairlineever,negative
flight cancelled flighted delayed expect full compensation park ticket hotel amp flight,negative
yeehaw found u another plane thx listening vent,positive
good chance anyone else airport ever flight booking problem southwest,negative
costumer service representative lied ensured plane would leaving scheduled,negative
mention sit airport hour youve ruined trip happy want compensation,negative
need get act together new morning plane malfunctioning yet ive delayed time,negative
keeping family apart w quirky archaic policy airline accommodates situation,negative
report filed would like support active searching feel pretty passive info computer precious,negative
surprise surprise delay seems norm broken equipment,negative
unbelievable thank much destinationdragons,positive
amazing c today sw thank much reason fly southwest,positive
best airline one better onelove southwest bestairline,positive
great cabin flight crew morning great smile happy staff sign happy company thanks,positive
thank always going beyond customer service favoriteairline luvforsw southwestair,positive
yes,neutral
doesnt mean tsa precheck show mobile boarding pas ktn linked account,negative
great news today finally columbus top unserved market flight,positive
flight hrl limited route,negative
really stepping service🐩,positive
inflight wifi absolute worst id willing paid double dialup speed flight,negative
flight msp hrl march im looking,neutral
yes know also noticed offer list boarding program popular,negative
pay service delivered whether fault shouldnt sort compensation,negative
little surprised early bird got b den kc worst ive whats,negative
please accept apology lame childish tweet didnt deserve amp remain loyal sw customer,positive
owe apology tweet frustration constructive criticism im sw fan amp love service,positive
wouldnt awesome first time flying destinationdragons,neutral
booked trip cancun❤️ baggage feesbut need flight time option,positive
thank bringbacktheluvtordu miami directflights,positive
easily get atlanta show need ticket help,neutral
got duped w connection st flight sneaky u wont give seat earlier flight w availability shameful,negative
adding direct flight columbus oakland via,neutral
would great thank ill send follow,positive
boarding pass compatible iphone passbook,neutral
real sincere apology make day glad know flying mail important never flying sw badservice,negative
already follow cant dm u need follow back,negative
dm wont go please let know need anything else,neutral
someone rebook please direct message,neutral
rude customer svc wont accommodate earlier flight wo charge u mail take priority customer badservice,negative
rude gate agent wholly unacceptable u amp passenger think last time sw,negative
trouble reflight booking problem cancelled flighted flight one picking phone site isnt working,negative
love sw forever😃💕😍⤴⤴,positive
please hire efficiency consultant manage phx baggage checkin way many open kiosk ppl waiting,negative
question receive yearly bonus point accumulation think around sure thanks,neutral
im flying one right minute,neutral
sw rock thanks reply follow rebooked earlier flight,positive
congrats,positive
well deserved,positive
please please please choose go see destinationdragons,neutral
always tell everyone fly southwest congratulation,positive
friendliest employee,positive
got phishing email claiming southwest forward youd like investigate,neutral
unfortunately lack status thats big problem company policy force buy cheapest ticket,neutral
every flight flown personallyabout two round trip per month full still hard believe fly hour thru atlno,negative
superb choice swa raving fan even take stress weatherrelate flightd glitch custexp,positive
employee social care team staff listening ctr timerest spot filled area ragandisney,neutral
listening center open seating like plane ragandisney,positive
double comment phl anywhere south florida gone gone gone hello u air,negative
dont like new schedule nonstop phl fll pbi free move city sad,negative
incredibly frustrating emailed still havent received response,negative
paid inflight wifi work download speed mbps amp ended watching free tv instead,negative
sure second,neutral
oh god thank much sent dm,positive
wish wouldve known couldve slept hour let friend know wait land,negative
thank prompt response email late flightr today,positive
thanks get go destinationdragons show weekend utah thankyou,positive
congratulation,neutral
grandma ellas th would love bday greeting flight crew stewardess eastern airline,neutral
chance could get ticket destinationdragons show vega ive huge fan year pretty please,neutral
love u southwest youve always helpful traveled lot wmy son infanttoddler u great,positive
love flying southwest best flight attendant ever,positive
nothing express express bag drop phoenix sky harbor,negative
possible book refundable trip willing pay extra would domestic round trip flight,neutral
used exclusively fly sw late flightly direct flight amp cheaper cost switched 😔 whyso fewdirectflights,negative
would willing help surprise bestfriend ticket go see destinationdragons gracias,neutral
mac computer left bwi la flight th reward recovery info important ownerhelp passenger honesty,neutral
like airline congrats,positive
hi guy good morning,positive
email address send thought experience really good amp feedback,negative
southwest definitely favorite airline fly,positive
congratulation,positive
great flight delayed three hour friend wait airport hour birthday 😒👎,negative
guess ashley shes great job presenting ragandisney,positive
using social business roadmap develop intelligent path embed social across enterprise ragandisney,neutral
add new direct flight columbus oakland amp boston starting august cmh oak bos,neutral
anyway pay get priority boarding,neutral
birthday th he seeing imagine dragon destinationdragons,negative
thank integrating passbook io work much better,positive
friend lucky enough see destinationdragons live birthday he fan year,negative
ive fan imagine dragon since theyre fave band destinationdragons bday get tix,neutral
whats flight ft myers milwaukee,neutral
birthday destinationdragons could get tix,neutral
please bring back rdu fll direct route noticed missing starting late flight august flight always packed,neutral
enter every contest destinationdragons lose,negative
main supporter play jesus portrayed homosexual partner juda performs “gay wedding” boycott,negative
hi know wn already delayed pm tonight thanks,neutral
youre giving everyone tix destinationdragons except birthday,negative
birthday destinationdragons im huge fan anyway get ticket,positive
thanks agent boarding atlaus left wallet inbound found,positive
sent conf number yesterday,negative
iphone app passbook support whoot little thing life 😜,positive
thanks,neutral
read tweet gap process folk take multiple flight one day,neutral
know plane coming im sw flight rsw mke,neutral
well fun lasted happy change redeeming reward point wont loyal anymore,negative
delay flight bdl mco need get florida ☀️amp race daytona,negative
aww thanks love,positive
learn give folk multiple flight day boarding position least cant give boarding pass,negative
mco thanks,positive
schedule open end october got columbus day wknd new england k point check calendar,neutral
new logo going look amazing airplane,positive
rapid reward member lovetotravel chaching,neutral
okay signed,neutral
whens next deal going happen poor college student trying fly orlando instead drive august lol,neutral
appreciate reply rt we’re sorry keep waiting laura agent shortlycb,positive
booked flight morning cant wait move country,neutral
love guy take airline weekmakes love appreciate yall much onlywaytofly,positive
im getting leathery heat even get vega,negative
first flight ever flight already technical issue faaaannntastic😭,negative
trying get mexico september affordable nonstop flight,neutral
feel flight,negative
think group could use nice cold drink get airwe 😜😎,neutral
stuck heat blasting try thaw water line kinda disappointed first flight rr member,negative
love friendly staff asking update delayed flight causing missed connection horribleattitudes,negative
dm sent thanks much responding response timely missed,positive
hate guitar player chgd oversize extra bag acoustic guitar epic fail,negative
passenger automatically rebooked flight original cancelled flighted weather etc,neutral
thank flight going nashville guy rock disneyprincesshalfmarathon girlsweekend bffs,positive
flt san jose ca gt denver co delayed hr easily best flight touchdown year flying keep,negative
thx ops agt rich westagard n flight att nancy den airportheld flight n even saved seat bus select customersfirst,positive
yall real mvp price,positive
ugh kicking missing destinationdragons need back life,neutral
chance get ticket vega stop missed chance enter contest love id death,neutral
chance flight took count mean signed sw wifi air,neutral
saw promo alist plane monday fly two time qualification period,neutral
hilarious flight attendant vega detroit tonight,neutral
spoke soon bag lost,negative
time mobileboarding must,neutral
love bridesmaid dancing cant wait fly puerto vallarta kick united as,positive
take hour fly chicago beijing united fly vega omaha sw,neutral
❤️ airline understands u military family unpredictable change pound 👊,positive
get tiks destinationdragons omg id love plz 😱❤️im dying,positive
humor aside weve stuck plane two hour gate bag cant loaded correctly give,negative
weve sitting gate two hour waiting bag loaded im telling herb,negative
pr class would luv know who charge twitter many people write tweet gracias,neutral
giving tix destinationdragons show would appreciate one two la😄flying phl lax friday,neutral
chance get tix tweeting since january destinationdragons,neutral
guest need change flight reservation need happen say canplease help,neutral
inflight entertainment tonight willie nelson impersonator sang passenger peanutsandtoons,neutral
rude gate agent bwi tonight gate b hr delay flight think little training order,negative
looking forward using passbook fly week,positive
heard saving k year fuel carrying around skymalls ripskymall,neutral
passngr requires wheelchair gt plane sits exit row wld b physically capable help emergency,neutral
earlybird checkins told flythroughs good flight otherwise,neutral
fantastic thank,positive
sat plane hr finally took,negative
great flight phoenix dallas tonightgreat service time make happy,positive
flight cancelled flighted tonight told wont receive travel voucher inconvenience really policy,negative
guy clever 😃,positive
fly swa lot always purchase eb never past rethinking swa process misleading,negative
amazing view approach lax tonight,positive
today sporadically changed flight departure time amp left two hour late flight uncharacteristic u,negative
really appreciate alls bhm commercial aired today bookofnegroes,positive
new flight come midnight,neutral
look like february open schedule sale october know time,neutral
yes extra wonder going yo loose room,negative
winner destinationdragons,neutral
flight oakland sna asked take even empty sests answer,negative
travel savannah ga airline dont luv r u going fly savannah pleeeease,neutral
could care customer reasonable request,negative
flying chicagolaxphx go spotting lax phx airport flying back chicago,neutral
thanks replying sent conf love aviation southwest wanted th fly swa day,positive
going stop flying delay everytime time due paperwork,negative
thnx hopefully nxt flight ive got show wknd worst case ill turn sweatshirt inside,negative
thanks taking notch leinenkugels craftbeer goodflight norfolk…,positive
cant look confirmation number moment mobile email longer inbox,neutral
receive bad customer service ended spending several hundred dollar accommodate family cxl flight,negative
thank u leaving nice job running thru airport catch connecting flight,positive
keep saying mobile boarding pass unavailable despite checked everything,negative
thanks much making night 😀 cannot wait trip next week,positive
app isnt working take like two hour help,negative
cant take knoxville yall fav help,negative
info destinationdragons amp need know,neutral
filing thank response,positive
destinationdragons word winner contest chance tix provo destinationdragons show finger crossed,neutral
writing service via email company also transport well client monthly via sw,neutral
one heck airline,positive
thanks good air side caution,neutral
understand weather fault frequent flyer expected better customer service ill trying,negative
yay dependent id wife child eligible use discount use phoneinperson,neutral
flight leaving la vega pm arriving chimid pm,negative
woohoo made day looked couldnt find thank,positive
doesnt even gluten free peanut whyyy,negative
date fly go past august,neutral
great flight damion best damionflight,positive
please update website,negative
yo give plane back theyre mad amp threatening take away companion pas luv,neutral
everything return jet go miami,negative
inclement weather flight left dca today plane appeared coming au,negative
whoa thanks thats wanted hear early flight coming thanks reply,positive
working piece military discount hearing offer one give specific confirm thank,neutral
pick someone destination dragon,neutral
anticipate cancelled flightlations flight nashville tomorrow thank,neutral
thx finger crossed found,positive
info destinationdragons winner announced amp best friend hoping win thanks,neutral
far good,positive
dmed guy 😁😁😁😁,neutral
yeah sale fare got place fly oh damn right live swa doesnt fly,negative
id love hear live saturday destinationdragons,positive
thats fly yall personalized service,positive
k destination dragon,neutral
well timed tweet boarded listening way home,positive
took age one snapchat story load one one demolish,negative
dunno travel information like,neutral
lost sunglass amp case flight last night lost amp found,negative
snapchat imessage instagram,neutral
wifi shit fix jump closest bloody fucking emergency exit,negative
need help changing name company reservationwe tried calling customer relation busy signal,negative
ala pretty full entertain witty repartee,negative
heart flying,neutral
trying book another flight apply credit another flight cant find,negative
frustrated experience southwest hour trapped denver bc mechanical problem worstcustomerservice,negative
awesome thank,positive
weve lost whole day honeymoon disappointed frustrated everything,negative
stay chicago overnight meet bag hope stay put dont get put flight,negative
luckily people working bso chicago midway attentive found bag punta cana,positive
bicycle lb criterion free bike automatically way faq page isnt clear,negative
way dm,neutral
wondering reason customer service busy hold past day many hour answer help plz,negative
open kiosk austinbergstrom three lane service line people really,negative
pit gate big shout lady trying track,positive
great experience customer service team thank luvsw alist,positive
way know checked bag curb awesome want sure get high five,positive
yall still fly cold right,neutral
pls help get resolved amp reimbursement made gracias rico pls send private msg phone number email address,negative
alist preferred line phone wait minute hung feeling alistey,negative
stop getting credit card apps already card,negative
thank handling glad southwest care flyer think,positive
bingo “ thank bringing attention well happy reach noah make right mr”,positive
oops sorry done,neutral
come mobile cant proceed wo entering postcode purchase im ireland dont postcode,neutral
tsa pre isnt showing boarding pass ive followed step please help,negative
would need follow first,neutral
im sure messaging part right please let know received,neutral
loveluv addition passbook option,positive
thanks follow glad get bag back,positive
denver phoenix think finally getting ready take,neutral
companion pas broken today purchaseerrorinvalidloyaltymemberaccountstatus swvyilxklrogfsja,neutral
guy fuck never forgive,negative
im smashed window giant guest sitting next way guy given seat,negative
im miserable orlando vega nonstop right big must guest u require seat im btw,negative
amazing service sw stewardess den cun cun atl atl lax thank u,positive
ftw ✈️ hope theyll sing u song flight phoenix today terminal humphrey,neutral
pick winner destinationdragons yearslate flightr maybeijustlost whyyounoloveme,neutral
lol im sorry im seeing lauren oh god ahhhh,positive
bad weather multiple cancelled flighted flight u scared noted next time,negative
good know three set traveler min standing waiting min pas,negative
twice year hard get vacation time work sometimes love flying guy,positive
gave ticket see saturday cant even right haha thank,positive
doesnt want deal world might want know treating customer,negative
guess get airport early need wait min checkin really,negative
share value common,positive
bonus flower still expire,neutral
ok thank,positive
fkqw conf thanks reply,neutral
time change guess,neutral
worstthingever day late flightr lost bag fedexed somewhere know cause dont amp delivered somewhere,negative
app updated passbook support via,neutral
know information found people account see someone elses reservation rr trip,negative
dont conference number spoke courtney texas david finally fixed mine hour,negative
possible chance swa bringing back service lgabwi would make much easier connect west coast,neutral
please expedite missing bag claim thanks,neutral
anything get ticket would mean much destinationdragons,neutral
new schedule open take u past,neutral
customer service said known problem using confirmation number domestic international,negative
look like yr anni trip replaced w someone itinerary worried abt c flight,negative
go south everyone,neutral
would want last time screwed early boarding paid,negative
thanks follow appreciate,positive
arrived san juan early thanks great flight luv u,positive
jamesasworth worst corporate account manager brent take plus flight thank,negative
sent dm w additonal info,neutral
complete horror show flight bumped three time today noon run airline cantblametheweather,negative
please go see friday promise ill fly southwest going back home nh mhtforlife,neutral
important accept others swadiversity,neutral
hour delay shortly“ brendan sorry keep waiting well air shortlyrs”,negative
announcing winner destinationdragons show utah weekend lucky,neutral
thanks already subscribe rr account received promo code last month since expired new offer,positive
thank kindly,positive
step less shot step acknowledge customer place twitter step dont suck much,negative
find imagine dragon contest,neutral
great job celebrating mardigras industry another reason im nut,positive
thank,neutral
planning family trip orlando may trying figure book get best rate suggestion,neutral
lemme come destinationdragons 😭😭😭 university student could use break book,neutral
im sorry straying going ive learned lesson attendant need sw happiness,negative
passport time trip could still fly photo id thingsishouldknow ifeeldumb,neutral
added passbook support io application finally get add collection,positive
get ticket feb imagine dragon show,neutral
im really craving pretzel please send,positive
allows change flight fee yay always book flight change,positive
give ticket atlanta show ill roadtrip canada deal 😆,neutral
poor customer service problem,negative
one look like problem fixed,negative
sureill send message,neutral
swadiversity ready inspired,positive
day amp still home even ground day pastmypatienceexpirationdate,negative
revenue flight since beginning,neutral
understand much often seems like quick request desk take question asked,negative
looking forward power inclusion event special guest begin promptly swadiversity,neutral
tried enter rapid reward contest link facebook browser kept popping security warning,negative
ohing text message received entitled jackass friend,negative
“ hmmm caribbean sound ld” warm thanks,positive
flight vega coming soon haven’t received drink ticket late flightly help,neutral
“ follow back quick dm sw”followed,neutral
flight lead vega baby,neutral
apology accepted customerservicewin itravelalot,positive
pre boarding process work basically anyone doesnt want wait turn get slip,negative
love tv ad girl dancing make laugh every time want take trip,positive
oki forgive guy,negative
delayed getting yelled attendant bother getting worse,negative
southwest scheduled fly costa rica march cant book online available,negative
yes bag came straight hotel thank guy rock,positive
southwest currently awaiting government approval route know official,neutral
offering companionpasses atlanta residing frequent flier,neutral
thank,positive
oh gosh,positive
service rep didnt say dumb tone voice like known,negative
would nice could talk agent rather get caught w promotion amp hung,negative
wanted southwest know dont think theyre great used anymore nothing look,negative
lauren im screaming,positive
lauren omg im dead im happy yes yes,positive
youre best,positive
customer relation line busy signal called normal line service rep thought dumb knowing,negative
ive never met favorite band would sooo amazing win destination dragon,neutral
lauren omg best airline ever,positive
didnt see travel compete unused fund expiration date hidden fine print never saw,negative
ahhhh yes lauren,neutral
holy fuckinf shit,positive
oh god lauren oh god oh god,positive
birthday february th date imagine dragon flight concert btw,neutral
lauren holy sht,neutral
thank thank thank,positive
long wait hour mother bag make filed report waiting thanks help,negative
go court gain access gate love field deltanews,neutral
lauren im screakjmf,neutral
sw return customer service business traveler made sw sw ignores u,negative
guy gonna giving away ticket destinationdragons,neutral
swa willing follow finally,neutral
hiring emerging leader development program last day apply today apply,neutral
pv get approved ready go,neutral
atl rdu snow forecasted raleigh evening,neutral
app repeatedly crashed failed display name checking unable use app,negative
sorry thought done,neutral
,negative
yea hoping avoid ticket difference amount birthday courtesy flysouthwest lovesouthwest mybday,negative
amp use luggage scale measure weight loss one scale foot home accurate anymore,negative
oh gosh seriously made day week year one appreciate,positive
boarded plane told get wasnt plane hour delay 😭😭,negative
opening flight beyond august th,neutral
pleasantly surprised boarding flight time morning good job,positive
ahhhh sorry followed,neutral
two hour plane gate undignified behavior apology isn’t enough freedrinkcoupons,negative
cut people minute flight time check bag flight delayed hour waited hr,negative
want file formal complaint disgruntled employee laguardia ruined mltple people travel plan yesterday,negative
awesome sending,positive
left something plane landing midway last night responsible adult got number call ty,neutral
hi got tsa precheck amp put acct boarding pas flight pmcan updated,negative
mdw gate many fewer seat plane,negative
really hour plane gate jaxbna like haven’t waited day get home notokay,negative
option cancelled flight dont want change flight want cancelled flight,negative
thank time,positive
lastly company thats trying put love flying would nice someone personally address concern,negative
letter follow sure include reward number twitter handle email address,neutral
flight balt hit turbulence baby cried kid vomited chaos flight attendant caroline superhero,negative
way flight number please feel free fact check complaint leave time amp baggage time,negative
finally got home bnasnow,neutral
therefore since ive received recourse phone submitted email complaint amp letter via mail follow,negative
consider loyal customer brand im astounded lack concern customer flying experience,negative
experience worse flying experience ive ever met w contempt customer service make worse,negative
looking cheap flight vega,neutral
please let nothing overhead bin exit first fly lot bring purse tired running connection,negative
requested refund reward point used purchase flight refused,negative
today call customer service amp speak wendell holton dallas office amp told nothing,negative
get single answer southwest personnel hour wait apology explanation,negative
along passenger repeatedly asked southwest personnel taking long luggage,negative
took delivery na new boeing h yesterday dfw dal airline,neutral
next arrived atlanta waited full hour luggage placed carousel one hour,negative
secondly begin boarding time despite aircraft present deplaned thus left min late flight,negative
bag fly free whats carryons packingayak,negative
first cockroach crawling counter gate visible mouse trap seat gate,negative
completely displeased service received yesterday flying lga atl,negative
landed nashville thanks taking care u,positive
accepting reservation past august,negative
thanks sent dm info,neutral
thanks info good day,positive
fsve corrected attendant error gave attitude made rude show taking back nutsamp said well late flight,negative
hey least guy honest customer unlike,positive
first time flyer scheduled roundtrip set departure date sure returning date policyfees changing flight,neutral
sent screen shot incident report,negative
couldnt fly today amp made trip harder pay checked bag devotedyyours today,negative
oh worry nl disappointment better lounge like delta disappoint,positive
flight mco isp delayed detail,negative
flight october available,neutral
ceo discusses possibility nhl vega arena naming right sportsbiz,neutral
thanks getting back nashville big thanks pilot baltimore flying snow landing ice,positive
last night thanks following,positive
win always saved day got direct orlando 🎉🎉🎉,positive
possible carryon put closetoverhead success airline thanks,neutral
hi add flight account created,neutral
deicing important,positive
thank finally making boarding pass work passbook,positive
delay today orlando,neutral
winner destinationdragons,neutral
thanks reminding upcoming trip florida really didnt need,neutral
today going day feel thank yall support throughout coming home nashville octavia,neutral
love appreciate fact guy rarely cancelled flight flight time need cancelled flightlation time 🙏,positive
flight fll kiosk opened rude attendant everyone late flight,negative
website downnnnn ugh,negative
hopefully nashville open want come home today,neutral
hi get solar charger amazon game changer plug usb charge,neutral
please tell ill make flight tomorrow ive tryin day leave,negative
bad experience last week broke bicycle brought bike ride fla,negative
“ im sorry frustration get rebooked sw” ive rebooked time still stuck smh,negative
minute still waiting ski unloaded ashamed morning,negative
neveind found way thanks making process painless,positive
service promotion moment modelodenegocio innovation innovacion businessmodel,neutral
bag late flightchecked put different flight oakgtmsy trouble tracking help,neutral
thank much,positive
official airline divadapouch aka thepoopqueen,positive
im trying get home nashville ive stuck dallas day flight get morning,neutral
able change flight without fee oh two free checked bag best airline ever,positive
wonderfully nice agent austin helped u wish remembered name give proper kudos,positive
hot stewardess flipped,positive
bag tv show film,negative
scheduled morning day fact yesnot sure evening flight one cancelled flightled,negative
update minute pilot turned ac longer freezing enjoying waiting reload bag,negative
snow forecasted raleigh nc tomorrow night need know there plan reschedule flight rdu wednesday night,neutral
need help reservation,neutral
seems odd sitting plane get delayed find txt emp working aircraft,negative
really enjoying sitting bwi door wide open ac fix baggage error sarcasm,negative
flight phi den staffed great crew freecomedyshow newlifetimecustomer,positive
engadget theverge wired reddit,negative
male flight attendant must playing game called bigger dick people flight chimid,negative
youre hold southwest hour automatically hang iusedtoloveu,negative
best customer service,positive
big thanks team family emerg day ticket experience excellent st time flying yall last,positive
rd cancelled flightlation day due weather nashville trip airport time communicated late flight sw,negative
left ipad flight erw den opened claim many memory plz help get back,negative
yes dale baggage office wonderful everyone page hour wait,negative
one want commit saying plane getting cancelled flighted customer relation closed patience gone,negative
tried leave monday plane left mine one keep getting delayed missed work pay cab,negative
total win happy th bday intercom chocolate flight kiss chance hand snacksthank,positive
luggage still found luggage scanned final destination way knowing,negative
thanks excellent response time assistance set,positive
finally got hour set thanks,negative
disheartening experience familyand lot taxi money wasted,negative
cant wait thanks response❤️,positive
got covered thanks,positive
please help hold forever check flight,negative
sister family drive mile accommodate rebook timely manner horrible,negative
cant believe many paying customer left high dry reason flight cancelled flightlations monday bdl wow,negative
thank help resolving problem shannon rock even though rhonda didnt,positive
thanks see happens,positive
appreciate rude doesnt solve much least cover cost stolen good,negative
u better define plus one smaller type item carry requirement small backpack,neutral
youre blowing customer service shotwest airline,negative
glad finally resolved bad cant get free voucher go mine friend travel next time,positive
made standby flight cancelled flighted reason almost hr late flight conf fvfyw swrr,negative
im flight booking problem flight vega good promo code,neutral
frustrated customer serviceopen seat earlier flight change rip,negative
good going make boston time im actually wifi right,positive
please start acting age stop shortshorts,negative
thanks assistanceyou guy rock💯,positive
self help way put tsa pre check number existing reservation annoying reachable,negative
wont let leave newark,negative
hey yea got thrueverything good well day voucher go appreciate,positive
nashville drive half hour memphis made plane loading,negative
according tv passenger interview landing far uneventful heavy panic breaking,negative
outline policy scenario,neutral
contact missing rapid reward credit,neutral
chance cancelled flighting flight nashville,negative
welcome portland sun mt hood southwest,neutral
airline cancelled flight flight bna stranded philly day hoping get,negative
helpful trying get nashvilleshould waive change fee,negative
still havent able get thanks responding,neutral
thanks told couldn’t hour ago plane left tried stuck waiting hour,negative
winner destinationdragons announced yet,neutral
flight today rsw grr able snag free sw agent check look like finally set,positive
yeah figured thanks,positive
thanks drink ticket hook cant wait first international flight na pumped,positive
took carryon bag essential attire life changing interview tomorrow amp expect compensation,negative
got rebooked tomorrow,neutral
hi saw black history month commercial tv amp im excited support monthwill grant free trip,positive
took bos bwi plane flight stl promised replacement hour late flightr hour delayed happy,negative
though work another major airline love black history month commercial thank,positive
large group majority bag soaked,negative
black history commercial really sweet well done,positive
even voucher picking bag,negative
first interaction people morning bad weather sorry wont flying,negative
yeah told would next flight drove wasnt drove second time,negative
much respect,positive
letting dm,negative
gonna know math test tomoro cant concentrate😭😭 destinationdragons,neutral
thank thankful feelingtheluv,positive
im praying get home alive,negative
hope youre happy officially become next profitbeforepeople imo bankrupt,negative
whats delay throw priority boarding way amp ill forgive 👍 southwest southwestairlines,negative
got added thank,positive
great thank best luck dealing horrible winter,positive
thank,positive
needed flight info add rapid reward flight first time flown sw wont mad,negative
keep getting disconnected choosing option unused travel fund automated customer service line so,negative
flight nsw departs enroute indianapolis international airport,neutral
old miss connection sleep oak get hotel dime rub wrong way wasn’t late flight,negative
finest moment boston right,negative
bag st woman said would next flight ive got nothing big wig help,negative
use point book rental car,neutral
thanks think straight,negative
thanks taking care today michele rocked customer service gate hou,positive
paid rental car go rd day,negative
thank,positive
thanks expected wait long,negative
understand weather issue time cancelled flighted reinstated cancelled flighted hardly update nothing,negative
despite mother nature best effort goodhumored folk got u home safely area heavily affected winter storm,positive
sadly didnt get much help travel agent disappointing,negative
bos msp msp au au bos site doesnt seem display field middle trip add rd,negative
able rebook another flight drove atl catch flight charged get group,negative
worst customer service earth never fly airline,negative
flight yesterday cancelled flighted got airport today time flight w delayed cancelled flighted reinstated caused,negative
flight nd departs enroute,negative
flight looking tomorrow morning nashville bna fort lauderdale fll,neutral
awesome thanks,positive
im boat flight jacksonville get,negative
im concerned cancelled flight flight bna tomorrow,negative
think flight bna lax get ground tomorrow please snowbama,neutral
really appreciate follow always fly yall reason,positive
piece found safely delivered home afternoon,positive
stop ur b promos ✈️anywhere starting click everywhere id fly place thats cle nothanks,negative
contact know change destination really evaluate thanks,neutral
know one thing would never treat customer like,negative
yall trying fly chicago dont live send home bullshit as customer service,negative
flight cancelled flightled one week customer service 💩💩💩💩,negative
flight cancelled flightled yall im sick 😠😠,negative
poor customer service thru cxl flights😔 shouldve flew,negative
whats yall corporate number bc yall trying accommodate,negative
el paso dealsmay❤❤❤😍🌏,positive
cant checkin online flight tmrw fr cancun undefined error amp workingfamily dont want cgroup help,negative
anyone ever answer phone poor,negative
min departure announced update update time status everyone standing comeon,negative
get kind update delayed flight boston houston really need back home tonight,negative
long hold waited minute gave,negative
know hard predict flight dallas nashville tomorrow,neutral
plan make southwest app android crappy,negative
thanks ill keep checking im trying book first disney world vacation,positive
thanks taking good care luggage,negative
yeah rebooked tomorrow hoping rd time charm cancelled flightled flight,negative
thank know yall cant control weather appreciate yall working get flight rebooked last two day,positive
iiiii need help flight schedule haha,neutral
make premium wifi pay decent slowfi,negative
timeand time next flight thursday,positive
extremely disappointed poor customer service provided cancelled flighting flight today unprofessional,negative
helped nice lady phx checkin spent hour hold hour might want look efficiency,negative
told last time would never fly really messed today thanks flight worst airline ever,negative
done messed planned trip costarica penny vacatime ✈️💺,negative
sorry sat plane hour waiting engine fixed got luggage lost k,negative
flight tomorrow wed denbna delayed cancelled flightled,neutral
show one flight one way try go home page book roundtrip there nothing available,negative
flying tomorrow please dont cancelled flight lol 😜✈️,neutral
worry would rather safe ground take chance yes tomorrow bna reopens ☺️,positive
need help cancelled flighting flight back call time ridiculous,negative
fattuesday great job celebrating mardigras today atlanta airport another reason im nut,positive
customer service terrible youre terrible thought know,negative
winner destinationdragons announced,neutral
,positive
pt expired made prchase online retailer b told sw wont show wks l keepmy pt,negative
guy must swamped even took corporate travel long time get everything worked end,neutral
tremendous job atlanta airport saw sw celebrate mardi gras another reason im nut guy,neutral
officially worst customer service airline ive ever dealt southwestairlines poor,negative
think need follow dm,neutral
fastest response day hour phone never got hold hour line never got flight booking problem desk,negative
rebook atlanta amp drive nashville pay ridiculous price difference bad weather good business,negative
expect open reservation november,neutral
amazing customer service well definitely fly guy instrument involved,positive
going flying nashville deicer short plane tomorrow morning,neutral
social medium team said sorry thankfully submitting complaint got resolution amazing rep called,positive
im scheduled come back tomorrow finally dont know swa hasnt flown yet,neutral
flight cancelled flightled wife stuck phoenix way slc san thanks lot southwest,negative
never got cancelled flightlation text morning either bushleague number call weakservice,negative
know whats blackhistorymonth commercial another thing add reason fly southwestairlines,positive
late flight,negative
u get flt instead rt,neutral
seriously wtf nochill,negative
yes couldnt explain hour minute hold time,negative
mcogtdca flight almost full people screwed msydca cancelled flightation didnt cancelled flight swamistake,negative
take electric skateboard domestic flight policy listed site regular board apply,neutral
dm,neutral
employee great,positive
confirmation number new reservation fpmy traveling year old please email jennifercascinocom,neutral
charging station san,negative
thanks reply something phone becuz dropped call hour hold got ring,positive
thank voucher long wait runway saturday night bwi really appreciate swfan,positive
need song next commercial swa love,neutral
jh thank finally got second time,positive
need fly gsp dsm claim there sched avail book separately together,negative
thank hung hr min hold would like dm contact info,negative
checkin system poor,negative
haha thanks explanation,positive
employee spreading bit mardigras cheer morning atlanta nftyconvention,neutral
trouble checking please add dm,negative
wifi yesterday flight extremely slow waste lost travel time work,negative
flight cancelled flightled monday looking cancelled flight credit card thats,negative
still ground gtmins planned departure california weather originally told min delay,negative
understand wonderful miriam customer service able reroute got rental car discount,neutral
yet supposed get early evening tonight dont want go store buy new necessity,negative
possible call swa phone put hold hour cut,negative
gf yr shes sf amp live tulsa swa always take see love southwestluvsweeps,positive
hi got known traveler would like add flight already purchased whats best option,neutral
nashville airport runway open appears southwest airline cancelled flighting flight likely change,negative
phone hour waitingcan please answer thank notcool,negative
get rr credit card get point family way,neutral
sent thanks vp,positive
tsa pre boarding pas mean,neutral
shes still stranded dc sat kid starving exhausted,negative
flight pilot spilled tea radio yay delay almost hour,negative
sent,negative
hahayeah making joke,neutral
thank much stepping game making day night elevator music much appreciated,positive
used love keep rescheduling flight southworst,negative
start ive already wasted hr phone wait time already,negative
talking customer service make appreciate even could learn much,positive
brother amp girlfriend’s flight cancelled flightled time leaving hour late flight dropping letter grade school help,negative
thank email rr pt amp gain wasnt clear mine r gone anything u appreciated,neutral
thanks response able get situation resolved fan mother nature today,positive
way add known traveler number existing reservation online,neutral
need offer college student discount fly home 😭😭,neutral
cancelled flightled flight bna flight bna mdw tomorrow stranded den ive hold day,negative
thanks think weve got figured,positive
lga san diego,neutral
missing point one account theyre spread four assuming create account,negative
right point kid dont fly often bought four round trip ticket dtw phx im,negative
got flight thursday looking something tomorrow anything available,positive
desparately need yall make nonstop bnagt tul cmon itll popular 😄 right,neutral
thank response got getting point onto reward account,neutral
tried dm wont let say following,neutral
chance flight leaving bna tomorrow lga,neutral
got squared away thank man inside help,positive
please pm number lodge formal complaint thx,negative
sent dm detail,neutral
good thing noticed rerouted total passenger impossible triple connection well,negative
gate agent rerouted impossible itinerary find new airline get u home super bummed,negative
auto callback dont wait hold,negative
received email wresos email isnt associated swa account cc info sister fraud please dm,negative
thank,neutral
onboard wifi bad taking minute send tweet working table disappointed,negative
another great flight amp crew la vegaschicago thanks,positive
recommend upgrading ivr using call back email texting know caller,negative
entire flight luggage missing dca hour nobody know anything,negative
get hold called twice kicked offcalls phonedied alistpreferred,negative
airline flying bna today,negative
finally got thanks,positive
spent minute counting hold w today first minute gave trying amp rd min,negative
ive airline everyone else great soured whole experience hope shes next time,negative
thanks got put flight tomorrow dont much faith itll get ground tomorrow though,positive
think im shot cant find flight arrives business san thu really want go,negative
woman working counter philly need fired due bad weather along passenger,negative
earlier reflight booking problem flight im didnt get screencap said unspecified error call swa,negative
buying early bird pointless moved diff flight bc first one delayed lost boarding position,negative
problem website tried making change w app site got unspecified error,negative
love southwest payton taylor,positive
rdu flight expected ok afternoon tonight,neutral
super disappointed today first time weve stress book flight another airline airport,negative
put next flight available tomorrow morning idea bna open morning flight,negative
hey swair tortured boarding flight due one gate agent board assisted folk one time,negative
understand delay stuck plane longer flight unacceptable,negative
absolutely send,neutral
worry youre best u already cancelled flighted biz trip still luv rr,positive
year flying never pissed many incident one flight,negative
heard apology time gt min hold flying another airport different time delayed,negative
happily need follow order dm,neutral
willmake sure tell everyone know around horrible experience also post business page,negative
currently im bringing year old bathroom im rushed flight attendant,negative
worry got thru eventually curious best luck dealing weather,positive
terribly inspired call customer service future,negative
also said couldnt even book flight put hold amp someone else,negative
person talked couldnt anything normally available online charge part,negative
someone help set callback today,negative
cancelled flightlations link rebook like initial storm issue,negative
really guidance call via phone back logged could done online minute,negative
rebook flight board bham,negative
please send number call talk person put hold,negative
flt buf mco conffgkxv please also look reimburse car count cancelled flight,negative
almost hour hold need cancelled flight flight get refund airline operating,negative
need accommodating loyal customer happy,negative
yes thank oct oct,positive
eventually get flight cancelled flightled decided drive gave holding process refund,negative
already rebooked tomorrow finger crossed,neutral
followed,neutral
worst customer service terrible attitude dont care big storm employee need attitude adjustment,negative
could send dm,neutral
following dont think dm follow,neutral
flight cancelled flightled bna reschedule travel fund put back account future use,negative
kidding needed help yesterday im landed waiting connection never fly southwest,negative
bag back ding,negative
yeah bruh bool yall niggaz need hire worker something cause next time imma forced ta disrespect,negative
always fly sw loyalrrmember,positive
thank someone finally answered able change flight cancelled flighted bc ice thank response,positive
trying add dog flight cant get,negative
need request refund flight cancelled flightled morning due weather,negative
thanks ton,positive
luv ya sing song yall finally get plane back nashville lovesouthwestair,positive
hi thanks exact link specific page site share flight status thx,neutral
exception national award,neutral
idea flight nashville tomorrow clear cancelled flightled,neutral
sale im delighted,positive
time thank,positive
finally integration w passbook great valentine gift better chocolate flight heart,positive
finally,neutral
guy awesome dontchangeathing luv,positive
karen customer service helpful thank providing one bright spot frustrating situation,positive
twitter say cant dm someone unless follow follows twitter thanks,negative
thank twitter say cant dm someone unless follow follows twitter,negative
sold,neutral
others,neutral
follow flight cancelled flightled cant rebook online hold hour would love dm flight info thank,negative
also find ridiculous ive tweeting since est still received response hour,negative
thanks yes got biggest frustration im longer able check online flight cancelled flight,negative
flight still getting logan couldnt manage get one wasnt snowing,negative
min wait phone option callback finally hang phone dying customerservice,negative
landing early morning snowfall,neutral
thanks,positive
sure fhkte scheduled leave weekend need push october,neutral
good flight eventually took landed safely oh got free cup wine thx,positive
noticed rate increased day ago promotion ended idea another promotion coming thanks,neutral
flight nashville today kidding airline flying youre frustrated,negative
say yall sold amp coworkers would need get first available,neutral
im trying change family vacation due measles outbreak havent able get anyone phone help,negative
frzz,neutral
youve got mess dtw staff great,positive
flying lga dead winter jvstatus ewr amp jfk always intelligent option,negative
great job passbook integration it’ll really help streamline commute san fran 😊☕📲✈,positive
need reschedule flight ive hold almost hour ridiculous best number call,negative
condescension must quality co reward tone reek,negative
great job looking forward next trip able use new feature,positive
update flight bna today,neutral
damn weather messing everything serenitynow,neutral
could tell upgrade available flight stl tomorrow morning,neutral
disappointed customer service right flight one cancelled flightled airport amp im losing day trip,negative
hold hournot cool guy,negative
ive hold hour amp half trying change flight bna happy customer service right,negative
got thanks insight happen tomorrow,neutral
chance adding laxgtjfk direct time future,neutral
thank given reply year ago direct area learn improvement,negative
disconnected call hour without even speaking octaviannightmare,negative
injured check yesterday u told go dr hold swa hour trying talk someone suggestion,negative
trying get phone confirm fund cancelled flightled reservation still used future u help,negative
considered adding well call back someone free feature support line,negative
ive hold customer service hour help,negative
ive hold hour type ridiculous need link chart route time,negative
flight cancelled flightled reflight booking problem online worked second round hold hr option,negative
kudos rsw c crew rerouting pax alleviate sale due graded eqp,negative
trying fly nashville tomorrow looking,neutral
think flight nashville cancelled flighted tomorrow,neutral
try get customer destination help get another airline flight day,negative
im alist preferred customer loyal swa however inflight wifi better today year ago,negative
thank,positive
bad im getting memo reservation contains modification prevent changing online fusturated,negative
almost hour hold hour life cant get back thanks,negative
discount three delay,negative
tried online told must call bc modification reservation hold almost hour,negative
outstanding customer service thank,positive
finally,positive
trying get cust relation another use,neutral
fly may rd plz advise,neutral
worst customer service airline ive ever flown,negative
need update flight amp hold hour,negative
himy flight bna lga cancelled flighted morning look like flight bna taking chance,negative
link article say route time route likely like tuldal pm none,neutral
“southwest mobile boarding pass available io passbook,neutral
cancelled flightled flight bna today hold hour 😠 frustrated,negative
beautiful thanks ton,positive
tried rebook online say pay difference price please help,negative
im showing flight delayed would boarding pas still good seat given away,negative
cant update flight online bc cancelled flighted twice already going hour hold,negative
guy real ive hold hour including one hangup please someone reach get back,negative
kind early idea date first week sept come available,neutral
last time ive arrived gate blocked slow depart plane leading min delay,negative
hold gt minute cancelled flightled flight still talked anyone flight soon give,negative
hoping answer phone today,negative
husband hold hr got disconnectednew wait min cant confirm re due fact booked line nut,negative
thanks yall expect operational tomorrow nashville,positive
guy jacked price said price going lowered smh,negative
hold hour hung cancelled flightled flight running daycare kid trapped home,negative
really unhelpful cant rebook online,negative
allows passenger harass u gate agent mistakefurious nothing amp yo scared,negative
flight cancelled flightled wont let rebook online wait time phone long please help,negative
guy weve got something inability check online international flight,neutral
temporary site glitch longer offering flight grr geg feb cant find online,neutral
wont answer phone horribleservice neveragain frustrated answerthephone,negative
stuck sju several hour one answering really tough luv sw response bad,negative
nice work update,positive
guy hour phone hold bc volume short staffing,negative
cool bag take bit longer dont give baggage blue ballsturn carousel tell coming,negative
yesterday way ewr fll takeoff wheelsup jetbluesofly,positive
hope fly often would hate change airline,neutral
flight savannah ga,neutral
werent flight came late flight jetblue employee informed u,negative
everyone pilot found last flight plane dirty clean area amp seat,negative
update flight would appreciated time thanks,neutral
check dm please,neutral
hey guy last flight earn pt,negative
aisle empty evermoreroom seat cant move bc didnt pay nonsense waste jetblue jetbluebos cheap,negative
’s marty st george really zero clue still job nobaggagefees,negative
booked tomorrow higher st reservation pgfryz get standby list tonight would help,negative
submitted hoping quick decision tied another donation received proposal th annual gala org boundless reader,neutral
cancelled flighting flight pushing next day id lose hotel trying get sameday flight,negative
thank information,positive
know suicide second leading cause death among teen,neutral
ok dominican republic number,neutral
ive tried phone laptop,negative
cancelled flighted flight went another airline leave day cancelled flighted also called jetblue amp got flight more👺,negative
sale please soon need tan,neutral
yeah im looking specific date keep checking daily fare drop,neutral
hello good afternoon need know much flying summer june th,neutral
wondering website issue today trying book flight visa always use rejecting,negative
upset lack communication weve received time flight mco,negative
date destination im headed 😔,neutral
ive spent three hour talking different people couldnt help probably wont using jetblue,negative
great,positive
thanks great recap wouldnt able sleep nervous bad guy getting away 😉,positive
flying w infant st time bring canister powder formula carry andor use plastic formula divider,neutral
flight proud fly jet blue,positive
awesome thanks hold,positive
im sure anything help thatd great,neutral
call back five time get someone phone knew time getaway went,negative
really flight bay area chicago anymore lame lame,negative
cant book flight outdated forced optin verified visa nonsense help girl want get,negative
stop trying make fleek happen pointsme,neutral
luggage fee wont b flying jb least aa give platinum pas bag tired overchging bg herded like cattleslaughter,negative
chance actually flying charleston today cold rainy weather south place,positive
see working picking trip two type,positive
poop barely work,negative
thanks quick reply wanted make sure wasnt account,positive
wifi lie hate,negative
issue website logging app know entering info correctly cannot sign,negative
trouble signing trueblue today despite right credential getting able sign msg,negative
wouldnt mind paying snack tix great job guy,positive
flight boston delayed due weather tampa,neutral
like baejet airway amirite “ right back ya”,neutral
amex plat holder provided access credit airspace lounge jkf,neutral
many thanks always employee professional courteous whenever option goto airline,neutral
come provide service destin fort walton beach airport,neutral
appreciate credit trouble lack personal response trouble,negative
youll enjoy “ fleet fleek,neutral
yer deal never seem include nycgtpdx nycgtpghwish,neutral
airline trouble winter amp getting good customer service contact negotiate resolution,neutral
thank headed lbc oak,neutral
go napkin pretty much say,positive
“ fleet fleek 🙈,neutral
“ wed sure love see ruth justdoit youknowyouwantto ” know well 💘,positive
love youll never work day life 😊,neutral
drop take two people vice versa back forth,neutral
dont need cut service charge give better flying experience thats use jet blue first place,positive
longing look blue eye firstlove,positive
best flyfi ondemand leatherseats hipunis legroom,positive
sigh “ fleet fleek,neutral
please start flying guyana soon,neutral
leave certain thing kid,neutral
wowthx thinking u greg heard sobewff amazing weve heard p thx info teamnkh,positive
annnndddd booked flight easy,positive
thank credit however submitted complaint property vacation package hope listen,negative
“ fleet fleek,neutral
thank much,positive
need help im moving dc amp want book one way fare website wont seem let missing something,negative
glowing crew aircraft sparkled guy know right might good partnership,positive
friend bought ticket last night one route cost way help”,neutral
returning sobewff limited carry space tummy next flight ill try snack,neutral
glad like feel free steal,positive
blue helped bring color eye promise didnt eat free snack,positive
thanks customer like stay loyal check landing,positive
pulling gate sunrise morning jetbluesofly jetblue airbus,positive
thx quick response yep tried cant find flight input confirmation,positive
wish everyone felt like,positive
sound great thank,positive
upon sale include btv usual jetbluehatesbtv,negative
cant link flight last week trublue account num isnt answeringdont make fly dont,negative
nice see veteran advantage program gate sunday mcokeep good work jetblue,positive
incredible pr team 👏👏👏👏,positive
thanks im finding lower fare already carrier direct flight july,positive
get u flight vieques good right looking promising,negative
dmd,negative
offering special fare,neutral
believe website said could receive credit upcoming flight since cancelled flighted last one true,neutral
month ago flight booked cancelled flight im flight booking problem separate flight different occasion,neutral
hi friend question moment,neutral
“ thanks kind word janna weappreciateyou trueblue” im feeling like bos jetbluefame,positive
boarding back airplane first like bos sosmart jetblue frequentflyerappreciates alsoyayforsnacks,positive
sooo earlier said couldnt fly school trip 😏,positive
flight delayed buffalo it’s direct flight plane gate,negative
missing connecting transportation puerto rico result need get vieques today,negative
supposed vieques pm,negative
customer service today deplorable plenty way u could gotten u flight badcustomerservice,negative
absolutely missed connection caused u miss ferry vieques get u vieques also flight voucher prbound,negative
hi rough idea january flight made available,neutral
sending njb uvf today weekday weekend,negative
always amazing jetblue trueblue,positive
ive experienced better service making connecting flight badcustomerservice jfk pr,negative
gate main terminal dca member keeping watch atct avgeek,neutral
great land jfk,positive
service getting worse worse plane cant fly waiting nd aircraft much planning,negative
haha ty know time lane open logan,positive
flight njb jblu arrives following flight westchester county airport,neutral
seat assignment min flightline people deep guess im sitting baggage,negative
go nd round trip ca week trueblue,neutral
sure 💙,positive
want custom long beach airport future international flight cc,neutral
worst flying experience ive ever suffered id appreciate money back,negative
second call customer service fifth person talked amazing rep fixed min persistence,positive
rt fleet fleek,neutral
thanks much,positive
wife sent family invite never accepted locked family account never got created,negative
hey guy tail number assigned yet flight tomorrow,neutral
spent hour phone customer service find cant help need help family pooling asap,negative
airport ready get red eye going soooooo sleepy noplacelikehome eventhoughitsdegreesathome,neutral
customer service say since wife setup family account cant join mine year help fix please,negative
full capacity also pid extra seat perhaps crew could helpful,negative
twice said cant dim light first flight,negative
“ hope youre still bae ”haa man,neutral
domestic wanted idea dont get surprised,neutral
make two u lol blushing,positive
would storage container like green one acceptable check luggage gal tote,neutral
happy anniversary hard believe youre youre young,positive
jfk nyc staff amazing lax jetblue sending email detail disappointing experience,negative
super smooth flight landing nicely done,positive
try harder take winner attitude work,neutral
better better passenger flight jfk pwm,negative
would air new plane weve redirected mechanical error aka delay,negative
delay flight redirect gate tell stuck original gate would,negative
“ fleet fleek happened,neutral
definitely note whoever stole,negative
hour policy called said didnt report soon enough would changed noticed sooner,negative
hopefully help someone future would different procedure discovered theft sooner,negative
soon realized try figure stealing people bag security camera anything,negative
since stranded syr without ride missed window opportunity right matter hour,negative
absolutely worry im never flying ever even hitch hike cross country passengersarepeople,negative
dont lose luggage,negative
directed mobile website direct link get together,negative
made many mistake short period time would lost job point,negative
understand ur someone traveled hour get early relax b flight etc adv notice maybe,negative
one four flight trip time hell company problem,negative
stop madness rt fleet fleek,neutral
cant find good photo got one goodnight,neutral
fyi im onboard comfortably travelling jfk seat problem said thanks making flying civilized,positive
like follow,positive
,neutral
mco lag two hour delay sitting tarmac going minute infant cry plane get u plane,negative
maintenance flight landed jamaica go security get term cleaned board,negative
thats answer,negative
ask ask pilot tell name aiecraft,neutral
airport code test go slc bos mco,neutral
“ fleet fleek ltltnow fuckin funny 😂,neutral
flight lie flat seating stl pdx around date march,neutral
formally request establish custom facility international flight,neutral
see started rt fleet fleek,negative
navigating rebooks due flu amp ice visit mother c rep helpful patient friendly,negative
flight charleston tomorrow ontime possibility delayscancelled flightlations,neutral
well plane landed international terminal announced pm new time,negative
seat waiting hold minute gonenow stay another night charlestonvery pricy,negative
ok cancelled flight flight tmrw weather amp rebook flight next day flight tmrw night compensation,negative
guess werent able anything improve time look even late flightr going zombie tomorrow,negative
welp “ fleet fleek,neutral
plan repair brand via,neutral
ok hope thy bahamas next,neutral
“ fleet fleek,neutral
trying make look bad website say due weather charleston nc actually sc nc,positive
people working contact project work,neutral
chging flight isit possible pay fare difference dollar ticket bought completely via point redemption,neutral
home guy recovered laugh extra day barbados open cuba soon,negative
one look must getting old damn,negative
oh yeah rt fleet fleek,neutral
guy flying froward bahamas,neutral
“ fleet fleek,neutral
btw thanks responding quickly,positive
weird picked city test workednot one want work phone though ill use,neutral
flight tomorrow morning cancelled flighted amp cant seem rebook cant even get seat clear answer cancelled flighted,negative
listen im gonna deny rt fleet fleek,neutral
👉🚪rt fleet fleek,neutral
found camera thank rock,positive
“ fleet fleek smh,neutral
sway “ fleet fleek,neutral
um wut “ fleet fleek,neutral
alright someone stop rt fleet fleek,neutral
stop please rt fleet fleek,positive
shut door way 🙅,neutral
transferring trueblue point within family pooling member cost set contributiontopool already,negative
gotcha thanks update im ready go whenever enjoy evening,positive
nonprofit arc would love ticket rely airline extraction saving abducted child returning home,neutral
gotcha lessening delay part happening right,negative
social agency cant nice thing fleet fleek,negative
rt new airline expected make way mem,neutral
rt new airline expected make way mem,neutral
rt new airline expected make way mem,neutral
well thankfully theyve got nice food court herewhen update posted,positive
smh rt fleet fleek,neutral
,neutral
“ fleet fleek plz stop,negative
“ fleet fleek 😂😂,neutral
ceo challenge appease passenger wall street columbian,neutral
heard youre planning letting people fly overhead compartment would,neutral
heard company studying popular lingo advertising depressing embarrassing,negative
stop,negative
idea caused delay flight fll gt jax,negative
worked ty,positive
im saying change amazing like miami 😉,neutral
app still saying cant dm,negative
😳 lololololol “ fleet fleek,neutral
flight delayed hope dont miss connecting please dont fuck girlfriend,negative
lmfao,neutral
whats good miami terminal,neutral
“ fleet fleek oh word,neutral
everyone overreacting keep swag,neutral
“ fleet fleek 😂,neutral
mom always said never settle chip aint blue wont,neutral
would prefer similar picture full e tail great shot,positive
relieved im flying listening everyone neighboring gate bitch spirit airline better,positive
“ fleet fleek yall better,positive
“ fleet fleek let keep professional,neutral
great flight bahamas even bad weather northeast thanks great service,positive
omgee onfleek 😭😁😆😵 many people even know mean lol,neutral
ceo battle appease passenger wall street waterbury republican american,neutral
received voucher want improve relation front passenger,negative
“ fleet fleek foh,neutral
excited hear move towards international travel long beach airport,positive
two row,neutral
“ fleet fleek noooooooooooooooooo,neutral
hi guy general enquires email address please thanks david,neutral
thanks much talking article twitter chat came great contentmarketing,positive
three hour delayed flight staring blank screen least head could download movie,negative
hate 😒,negative
ha “ fleet fleek,neutral
really proactive passenger know entertainment system isnt working least let get mag,negative
hi flew airline australia saw zero kangaroo rectified,neutral
didnt “ fleet fleek,neutral
😂😂😂 “ fleet fleek,neutral
know flight deemed dark flight,neutral
bruh “ fleet fleek,neutral
ceo battle appease passenger investor toledo blade,neutral
check believe given credit automatically,neutral
“ fleet fleek wtf 😂😂😂😂,neutral
lol k “ fleet fleek,neutral
“ fleet fleek freberg,neutral
noooo dont please dont 😩rt fleet fleek,negative
“ fleet fleek lol wut,neutral
rt fleet fleek,neutral
“ fleet fleek lmfaooooo hook flight,neutral
“ fleet fleek 🚶🚶🚶🚶,neutral
indeed 😉,neutral
major planewide directtv issue yesterday system kept reset crew member,negative
helping since there bunch u trying get time,negative
need get yrold nassau sea meet greatgranny named turned flyingitforward,neutral
got time reply share thought greater detail via web form,neutral
yasssss da fuccc rt fleet fleek,neutral
guy operate world class company thank,positive
“ fleet fleek lol,neutral
oh wow sm “ fleet fleek,neutral
real rt fleet fleek,neutral
havent even gotten plane yet cant afford miss flight back boston ugh,negative
sorry unfollowing,negative
landed vega allowed leave plane yet thanks making miss flight pm fustrated,negative
loved service staff newark today good service go along way appreciate preciation nj ✈️tampa 🔵🔵🔵,positive
lord why“ fleet fleek,neutral
“ fleet fleek cmon fam😭😭 ok,neutral
lord,neutral
dont “ fleet fleek,neutral
start flight booking problem flight november,neutral
“ fleet fleek,neutral
dont show larry fedora rt fleet fleek,positive
no“ fleet fleek,neutral
“ fleet fleek r u serious,neutral
cant nice thing rt fleet fleek,neutral
😂😂 rt fleet fleek,neutral
“ fleet fleek wow,neutral
lolol,positive
show u sense humor tongueincheek flight etiquette video,positive
case needed confirmation fleek dead amp gone rt fleet fleek,negative
rt fleet fleek,neutral
fight air,negative
“ fleet fleek refrain want say,neutral
“ fleet fleek see,neutral
stahhppp rt fleet fleek,neutral
jetblue… just… “ fleet fleek,negative
brand stop shit stop rt fleet fleek,negative
late flight rt “ fleet fleek,neutral
this“ fleet fleek,neutral
shit gotta stop rt fleet fleek,negative
true maybe wish expedited security haha,positive
hate internet lol,neutral
“ fleet fleek,positive
cmon worse jetbae rt fleet fleek,negative
welllllll rt fleet fleek,neutral
“ fleet fleek,neutral
peak caucasity rt fleet fleek,neutral
hate rt fleet fleek,negative
power move rt fleet fleek,positive
sir rt fleet fleek,negative
stop “ fleet fleek,negative
jetblue reading nytimes “ fleet fleek,neutral
stop madness fleet fleek,negative
bro,neutral
“ fleet fleek lmaoooo 😂😂😂😂,neutral
delete tweet,neutral
“ fleet fleek,neutral
well duh grandfather got hired tsa agent currently pwm,neutral
lmfaooo “ fleet fleek,positive
also party sister mom three separate reservation tsa let u go together alone,neutral
feel free travel voucher assuage indignation,negative
also way get printed one record keep whenever fly,neutral
window exit give away,neutral
check tomorrow morning flight wen automatically add passbook,neutral
right,neutral
okayd rt fleet fleek,neutral
lol guy month ago“ fleet fleek,positive
wow keeping time,positive
“ fleet fleek,neutral
respond complaint cultural appropriation youre spirit airline fly list,negative
😩😩😩 “ fleet fleek,neutral
really flight catch pm vega im praying dont miss flight,negative
rt fleet fleek,neutral
really 😑“ fleet fleek,neutral
tell truth pic social medium community manager isnt,neutral
spoke corp customer support already shame probably reasonable cheaper resolution regard,negative
lol fleet fleek see yall ballin new jet deck,neutral
“ fleet fleek,neutral
didnt need rt fleet fleek,negative
always look forward jb rt looking forward welcoming onboard 💙,positive
block bike rt fleet fleek,neutral
info flight sju jfk already delayed hour,negative
awww manbut need buy ticket today home st march go thisor assist,neutral
“ fleet fleek 😐😑,negative
type plane flt bos rsw,neutral
😕 rt fleet fleek,neutral
toss ticketits great pr im sure every college student following willing rock wit 👀👀,positive
know rt “ fleet fleek,neutral
please explain …… “ fleet fleek,neutral
im sick yall,negative
😒 fleet fleek,neutral
“ fleet fleek,neutral
“ fleet fleek lol wow,positive
kid day doesnt work month advance,neutral
brink bankruptcy “ fleet fleek,neutral
havent got yet way laxnyc cost,neutral
xx rt fleet fleek,neutral
way laxnycarea possible,neutral
“ fleet fleek 😒,neutral
“ fleet fleek really jet blue lmao,neutral
lovely rt fleet’s fleek,positive
sent,neutral
“ fleet fleek hate,negative
looking low rate bos vega late flight june kid sporting event deal break,neutral
tell 😳 need way nyc might choose,neutral
rt “ fleet fleek,neutral
rt fleet fleek,negative
stahp 😂😂😭😭😭😭 rt fleet fleek,neutral
“ fleet fleek happened,neutral
virgin wifi 👀,neutral
jet boooo 🍅🍅🍅🍅 rt fleet fleek,negative
😐 “ fleet fleek,neutral
bad airline bad bop newspaper “ hope youre still bae ”,negative
xx rt fleet fleek,neutral
yall tried fleet fleek,positive
“ fleet fleek ihop started 😑,neutral
“ fleet fleek lmao know white person said,neutral
rt fleet fleek,negative
let someone black twitter multimedia department,negative
❤️❤️❤️“ fleet fleek,neutral
rt fleet fleek,neutral
delete account,negative
less please,negative
family excited see too😊😊,positive
rt fleet fleek,negative
“ fleet fleek smh yall expect trust childish airline life nah,negative
love flying u question one ur plane called ny jet,positive
“ fleet fleek huh,neutral
“ fleet fleek 😐 make stop,negative
lmao yall “ fleet fleek,neutral
sound good💙💙💙💙,positive
lolz fleek,neutral
who running tweeter using word fleek,neutral
enough stop flying jetblue,negative
stop usingthisword youre company rt fleet fleek,negative
“ fleet fleek jet blizzue hizouse,positive
“ fleet fleek cant fly anymore good run ✌️,negative
excited first time sunday march get fly jetblue flight mint jfk looking forward,positive
okay rt fleet fleek,neutral
“ fleet fleek really jetblue fleek 😂😂😂 hell yall petty,negative
“ fleet fleek 😎,neutral
hahah 😂👌👌👌 love flying jet blue tho,positive
“ fleet fleek lmfao,neutral
“ fleet fleek yasss jetblue tell,positive
booked flight guy im reconsidering decision reading tweet,negative
didnt tweet nah rt “ fleet fleek,neutral
lmfao love,positive
woof,neutral
little time thatlol well actually lot day im excited,positive
😒 rt fleet fleek,negative
“ fleet fleek fleek dead yet,neutral
flight attendant fucking tho rt fleet fleek,negative
“ fleet fleek way,neutral
“ fleet fleek smh,neutral
put baggage fee back free rt fleet fleek,neutral
bruhreal tweet fleet fleek,neutral
nope rt fleet fleek,negative
💯💯💯 rt fleet fleek,neutral
please stop,negative
well ill make sure never fly jetblue,negative
😩😩😩“ fleet fleek,neutral
please dont rt “ fleet fleek,neutral
lmao “ fleet fleek,positive
digg,neutral
well go,positive
want guy first fly cuba nyc,neutral
haha fleet fleek,negative
“ fleet fleek new fav airline,positive
hopefully application jetblue donut designer finally go proper channel,positive
really,neutral
looking cool,positive
😩😂😂😂😂 “ fleet fleek,neutral
come,neutral
definitely lot announcement app great,positive
else plane ducttaped ohboy shouldigetoutandpush airplane flying…,negative
bet,positive
sure go south breakfast though delayed three hour,negative
ceo battle appease passenger wall street waterbury republican american,neutral
thank appreciate,positive
chair could use tlc power outlet area would bonus headed,positive
thanks used phone instead computer worked thx,positive
someone screen play flight,negative
one way letting select citystrangeand fair look normal,negative
alright done alternatively youd like charter private jet pitt gladly accept,positive
great job getting flight minute early bad minute counting waiting bag,negative
absolutely girlfriend flight booking problem mexico flight next day two send tweet done,neutral
time direct flight jfk pitt official jetblue terminal new york…,neutral
indeed dont know whats going pittsburgh weekend drawing crowd via jetblue,neutral
believe irina flipside super disappointed eatup cafe isnt available bos gt sfo flight today,negative
good remind might horse amp buggy whats little delay right,negative
good know thanks much,positive
unhappy hour delayed flight missed dinner,negative
lap infant mon old,neutral
thanks,neutral
thank quick response trying request abassinet son would great help request,positive
gerne,neutral
hey friend stupid question split payment method flight purchase example debit card billmelate flightr thanks,neutral
called jb timeseverytime auto vmsgyour wait time longer min waited longer min answer,negative
correct rate boston pittsburgh wknd march rate sudden took made plan came back buy amp surprised,negative
expanding nantucket aviation,neutral
mark austin great handling bag issue thanks,positive
believe follow send message,neutral
ill read nice glass wine right dig heel next novel maybe travel need,neutral
good one indeed jetblues finest day history,positive
would like actual email address follow thank,neutral
legal department start running social medium channel,neutral
nope regular line multix faster literally direct wheelchair stroller line em,negative
sound fun work,neutral
thanks calling right,positive
thank isnt really responding request sending generic environment site,negative
know there actual mile high club surely there something join,neutral
hello husband bought u trip last night amp noticed last name misspelled thanks,neutral
start xweekly e flight washington reagan nantucket junsep avgeek,neutral
would like communicate directly customer experience executive joanna geraghty email address,negative
cancelled flight tonight pm dfw bos weather,neutral
haha thanks guy great unlike gopatriots,positive
thanks,positive
booked work added upgrade seat need upgrade receipt,positive
understood watched fam heading fl expedited takeoff speaking conference sf,negative
thank free flyfi make already great airline even better jetblue boston westpalmbeach flybetter,positive
whats easiest way get ticket receipt get one check get one online thanks,neutral
thank,positive
effort fix point system day call customer service still account update chasing point fun,negative
tried running curbside selfcheck amp wasting even time ended flight booking problem united upset,negative
keep getting better water plane,negative
thats planned boston traffic due recent weather insane expedited would made,neutral
wish best luck im enjoying luxurious free amount leg space rn thanks,positive
dont want jetblue tv want jetblue wifi,negative
great see redsox plane reminder ❤️ny side side jfk catsanddogslivingtogether,positive
would love go hawaii visit pearl harbor,neutral
deal flt today departure keep changing going late flight,negative
lol estimated departure time plane hasnt even started boarding yet cant even get delay right,negative
know love jb honestly complex feedback pulldown suboption formsmaddening,negative
said havent started looking gave limit nyc waldorf astoria cant find outfit 😒,negative
best track deal special flight offer im liking international option,neutral
yeah im aware hence original msg,negative
update gate got moved complete opposite end terminal airline disaster,negative
asked either way doesnt make flight less delayed,negative
orlando dca awesome flight attendant robert,positive
yes filed yesterday around noon claim number havent contacted yet,negative
shocker flight delayed hour thanks reminding switched delta,negative
courtesy mosaic member anyone request water attended promptly daniel flight know better,negative
issue online checkin colleague getting webpage available submitting online form,negative
one yet fl,neutral
going let fl gate bos time soon sittin tarmac waiting,negative
thanks jb actually birder love need outside shouldnt hard trap move,positive
issue think training amp information would help great ppl service need switch individual group better,negative
rat thats bummer,negative
sloooooow today,negative
happy sfo hopefully youll add pdx soon “ added two new destination fll sfo la vega last year”,neutral
flight jfksfo pure awesomeness mint class tim attendant best airline take note,positive
terrible landing,negative
flight two day ago flight po,negative
wall separating row safetyconcerns,neutral
last sleep cali back jfk tomorrow night looking forward another amazing flight,positive
woo update flight possibly delayed hr power positive thinking people,negative
appreciate response already spoke mco response nothing idk thats mean,negative
free wifi impressive flyfi,positive
didnt find flight ny scheduled leave pm delayed hr checking huge fail,negative
vega desk said jfk connect would b held u others plane staff jfk say weather problem epicfail,negative
jfk boston flight went delay epicfail,negative
understand delay looking tv monitor ur gate say current condition snow hence delay,neutral
mint seat awesome best business class u,positive
wtf stuck jfk hr delay boston cuz u say snow snow weather map wtf,negative
thank getting home despite odds reunited delinquent southwest luggage homeward,positive
word staff training joke,negative
joke missed connecting flight minute last flight day dont hold minute,negative
sorry specified meant ground traffic trying get terminal,neutral
idea whats going terminal five jfk seems zero traffic movement,negative
disappointed lack compassion baggage service dept nearly beg get courtesy report,negative
ok thanks safety first,positive
apparently plane delayed coming san juan monsoon today,negative
thats ok sure seemed like jetblue tweeted u back asked u send selfies u watching haha,neutral
hour delay going nyc denver come man,negative
oscar direct tv flight looking forward devastated,negative
fix amp jet bridge minute delay nd gatestill waiting jetblues,negative
kudos well deserved wish rest experience today measured example,positive
ha ha get wake call boarding time please large coffee extralight extra sweet please,positive
didnt work flyfi plus couldnt access abc app spent still missed oscar disappointed,negative
👍 think ill come take nap terminal,negative
safety might priority organization clearly,negative
pretty sure he saying ricoh great service bos happytohelp,neutral
jfk la still delayed,negative
lack tv made rough thats literally picked yall competitor,negative
reddit work site ridiculous,negative
thank new big fan,positive
best airline wifi ever thank,positive
tight youre world best airline list amp ranked higher come,neutral
take jetblue travel go maimi next year guy dont go maimi😭 dont guy go maimi,negative
bummer understand business deal thanks answering much less sad,neutral
aka take stuff checked bag carry extra weight someone shoulder surgery thats,negative
pilot dont worry folk there backup backup every part plane thanks guy,positive
take blacklist trying work,negative
goodwill x fine still want new ceo make public apology passenger flight,negative
thank hopefully soon supposed leave,negative
thank,positive
awesome,positive
okay anything using contactless emv work internal testing training currently apple pay specific,neutral
hard youre younger sibling cousin want go airplane get better,negative
potentially stressful situation reflight booking problem flight diffused helped make awesome,negative
even tho extra lb still going plane carry sense say fat people,negative
thought mosaic member perk best part instead checking extra lb im carrying 😒,negative
yall going bankrupt inflation really bad day went overweight fee outrageous,negative
show flight abc oh well ill live nexttime andthewinneris,negative
ill call morning upset right,negative
im still waiting answer,negative
ok thanks help,positive
love guys😍😍😍,positive
amount money spent hotel week bc flight cancelled flightlation another flight doesnt make money lost,negative
told jfk hour delay reason delay cant hard notify hour notice,negative
far worst airline term service jfk,negative
keep waiting time cost anything hundred people payed thousand dollar feedback,negative
youre still best,positive
please give jetblue permission world im missing oscar right awful whyabcwhy,positive
thanks delay result scheduling issue weather relate flightd problem,negative
ill checking often probably hand oscar nerd geek badly dressed,neutral
less concerned delay notified looked board flight delayed,negative
thanks made 😃,positive
boarding flight captain informs could exceed hr regulation turned plane around incredible,negative
thanks quick response finger crossed plane get,positive
considering accessibility absolute must equality,negative
watch oscar though right abc flight missingtheoscars,negative
thank finger crossed,positive
ooookay thats silly guess watching oscar purely twitter reaction tonight oscar,negative
ive heard new flight tap pay reader accept apple pay thought impossible amp certainly emv compliant,negative
youre taking new orleans two week ill picture shiver forevercold,neutral
flight ffl lga scheduled departure p,neutral
nd time row flight jfk disaster last time wasnt allowed fly stndby hour delay wout notification,negative
oh right hundred people arrived back gate left minute ago sdq,negative
bunch flight delayed ffl northeast destination announcement gate whats going,negative
im dissapointed way paseengers flight santo domingo treated hr board plane info given,negative
id appreciate would also mind contacting pilot flight request allowed announce intercom,neutral
want keep updated who wearing amp who amp win nice like,neutral
idea,negative
thanks still annoying especially miss flight 😉 tweet tsa,negative
hey jetblue still waiting hear lost surfboard jfk bqn airport,negative
gif game strong,negative
well thng wait someone explain u situation responsibility,negative
flight den jfk already hr delayed idea might change due weather forecast etc,negative
close prechk pm sunday jfk annoying,negative
crew didnt say safety say glad stay check information give costumer,negative
quite possibly ruined entire first day south florida bc disorganization getittogether,negative
im going write post experience customer service tanked jetblue,negative
still response ceo guess oscar bet flight time justwrong,negative
okay name sj crew alamo tatiana keep telling hold leave desk ali told couldnt help bc going break,negative
aha ok thanks worried might seat airport tomorrow,positive
stock response delay frustrating poor cust serv amp told ppl wait amp theyd come back,negative
ricoh smith bos provided oust service,neutral
hr delay flight jfk via tampa amp worst customer service san juan airport app working day,negative
please get luggage onto carousel logan airport ill able go home,negative
happens confirmed flight seat available online checkin except even space upgrade,negative
thanks response waiting hour really frustrated seems like one jetblue concerned,negative
tx info dont understand couldnt accurately estimate departure time earlier weather ny fine,negative
hey family question trip disney world april please follow could dm guy,neutral
“ glad hear thanks sharing video” jetblue bff 🙏,positive
mgood get home,neutral
thanks response hopeful,positive
update please flight continues delayed,negative
ok tx tell guy sitting next gate,neutral
thank even coming solution great service might sayas trueblue member totally dissatisfiedthanks,negative
day,negative
free wifi flt pbi make hr delay treat u right,negative
flight delayed ny problem,negative
guarantee well see tomorrow morning fight seat,neutral
thanks update preciate hope get delayed day getting back,negative
yes working hoping bag next flight deliver home,negative
wellmy paid ticket assigned seat essentially wont flight unless pay,negative
seat arent guaranteed pay called rep said people booked seat,negative
thank refund change fee recent flight affected bizarre winter excellent customer service focus,positive
yes please get seat paid,negative
flight departs finally arrived jfk psgrs pm thats long flight aka bus,negative
thanks help cant wait travel get snow,positive
help left nikon camera seat front,neutral
hope customer service rep reliablefriendly usually far living repexper,negative
man smell left nd there stupid girl asking question yall help,neutral
fyi last email response undrstnd wasnt best hope wlcm u back onbrd n future nice touch lol,negative
think selected already ☺️,neutral
last flight cancelled flightled hour change light bulb sitting waiting maintenance unreal,negative
thanks answering question,positive
wasnt delayed cabcelled,neutral
say jetblue officially lost customer waste point yet flight,negative
keep tweeting ceo answer personally apologizes wife passenger flight wrong,negative
think safe say year loyal jetblue flying officially done byebyejetblue,negative
someone driving best get wheelchair get inside,neutral
finally finally,neutral
token goodwill voucher passenger stuck flight phoenix today hour mark per passenger,negative
anything serious worry,negative
cool stair jfk walk short distance stair,positive
think itboarding chill untz untz untzlike,neutral
making freaking hard say good thing jetbluefail,negative
seriously solution exactly help year old there problem plane,negative
scheduling skill failed delay went four hour nearly six dont tell snowbound pbi,negative
man sitting next terminal scent tht cant quite put finger pls dnt let sit flight,neutral
sadly app also experiencing difficulty flight information board keeping updated,negative
absurd stranger help kid there problem jetblue,negative
disabled seat row get board earlier,neutral
thanks guarantee deli ever bag hotel bag missed connection sfo customerservicenot,negative
flight,neutral
pittsburgh,neutral
youre lucky still flying today landing gear failure get act together help u sit kid,negative
prefference option something honor one service applied,negative
want helpful find u seat dont quote term condition jetbluefail,negative
really think okay sit kid away parent srsly esp landing gear failure,negative
absolutely guaranteed u would sit kid term response insulting jetblue,negative
flight jfk tpa saturday one way ticket,neutral
whats excuse time delay lga tpa know plane air,negative
cant guarantee parent sit child dont sell ticket promise jetblue,negative
go blue dont go back,negative
many delay north east city,negative
kid fly dont hire people dont care guy jetblue,negative
shouldnt made feel like criminal want sit near year old flight jetblue,negative
usually great experience guy unhappy right,negative
would hire guy doesnt care safety child remotely acceptable,negative
whats three delay far resulting three hour unnecessary extra waiting,negative
record less minute turnaround time answer question jetblue rock,positive
never airline refuse help sit parent tiny kid guy willing jetblue,negative
san diego hour delay jfkeven amex jetblue even travel mile youre still nothing,negative
seems almost inconceivable sitting year old alone considered okay guy think,negative
third straight time flight delayed flying guy last trip,negative
youve let delay jfk inbound flight syracuse really ishouldhavedriven,negative
year old cant sit alone flight absurd guy dick jetblue,negative
told guy help u sit next year old flight jetblue,negative
tray table broken,neutral
domestic clear sit lovely terminal need hour prior boarding thanks,neutral
thanks sending update flight delayed hour unbelievable,negative
fact chrishasmadeusblush isnt trending know im loyal,neutral
hour delayed hour increment really amp mosaic still pay use lounge waste sunday,negative
havent done yet something online thx,negative
woof im red carpet,neutral
wifi flight cant tweet oscar party pic ft bluecarpet sea✈️bos,negative
thank reply wouldve appreciated communication checking delay jetblue used goto,negative
confirmation number,neutral
also promised change wife name account also done wtf,negative
guy really suck spent minute phone linking credit account still,negative
btw robin hayes speaking next month aviation summit ought give shout twitter team rock,positive
follow dm please,neutral
oh thank responding,positive
coming thought tampa,negative
good perspective safety concern expressed point arrived airport communicationiskey,negative
exactly flight delayed bdl dca cant seem get answer,negative
thanks ticketed stand flight hope make finger crossed,positive
flight bos rsw tomorrow need wife yr old sit together option checking,negative
partnership hawaiian live earn hawaiian mile flying jetblue add jb flight booking problem,neutral
left people hot plane ventilation hour half bus jfk,negative
point delay take different flight destination,negative
thank guy best 🙌✈️,positive
dont get money people public apology president jet blue,negative
book flight jetblue separate yr old mother isnt bit stupid checkin headache,negative
fit,negative
love always,positive
never got wife destination expect goodwill credit make everything hunkydory blew,negative
every time look flight status minute added delay point trouble,negative
soon sending son home saturday,neutral
hey awesome peep whats flight boston delayed hr,negative
wifi plain,neutral
great experience flight sfo jfk seat service food everything top quality back soon,positive
flight picked twice week time delayed 😕,negative
whats delay boston today sister trying go home broinlaw trying come rdu craziness,negative
wondering possible colleague get earlier flight laxgtjfk tomorrow help,neutral
boston still sitting,negative
dont enough money parking garage fault im paying min hr,negative
hope look nice warm san juan 🌴,neutral
thanks replyingi feel little better well see go ☺️✈️,positive
usually dobut didnt make flight booking problem timethatll teach yea going least haha,neutral
waited hr bag flight hr,negative
bother contacting already checked flight 😕,negative
early last month via expediatheres extra middle name initial attached last name,neutral
backlog hour two unacceptable,negative
agent told u tsa didnt crew get bag,negative
guy rock,positive
email twitter handle followed gmail ☺👍👍,positive
awesome bestairlineever,positive
baggage crew update staff incompetent answer hour,negative
whole plane flight lga pbi,neutral
blaming flight luggage debacle luggagegate,negative
yoga tv service seems though look forward much,negative
w edits dear mba need better benefit work u meet,neutral
course am✈️,neutral
failed thats answer please dont justify otherwise,negative
come already delayed hr flight waited pilot come boston reassign endless trip,negative
got alert immediately started looking rebook minute reflight booking problem catch flight srq,negative
fly jet blue,positive
perhaps need start recruiting,neutral
start including pto getaway package im,positive
thanks use extra time shopping somebody say duty free,positive
flight flight booking problem experience pretty great,positive
still waiting board see give u exit row,negative
thanks making trip home mintyfresh next brandmance flight ill take selfies love travel business,positive
shouldnt find tell u ive flown jet blue since first month experience isnt,negative
flight delayed show airport appropriate amount time delay go time,negative
im honestly would like get going journey,negative
case alert arrive late flight fourhour delay dont buy,negative
flight tv flight back seated together b maybe fault still fun,negative
dont believe thats team told u,negative
also food available even purchase quite shocking since hour international flight,negative
jfk one info amp answer boarded plane team awkward spot amp everyone cranky,negative
reservation tomorrow morning trying get back night bc flight going jfk get list ctg,neutral
flight still waiting bag u checked hour ago people missing connection please help,negative
way get ppl standby list flight fll bos trying find way home,neutral
something think dealing people wrong excuse figure amp expect unexpected,negative
understand wish would announced delay hour earlier v sitting hr mco,negative
give delayed hour mco jfk every time,negative
“ well captured brittany love cloud enjoy ride” thank,positive
wife dog wouldnt even let plane daughter newburgh life close wrong,negative
according ground staff hasnt even taken plane yet,negative
thanks making effort credit credit due flight delayed hour instead hour fwiw loweredexpectations,negative
time passenger sitting hot plane air communication hour wrong,negative
flight delayed jfk hour hour hour back hour explanation apology,negative
thanks good sunday,positive
flight hour weather delay minute delay getting bag tired passenger,negative
hr tarmac yest b cancelled flight today hr delay send txtemail jfk closed amp saved trip sit,negative
flying buf bos missing captain really delayed til happy,negative
would nice app would actually inform flight delayed,negative
name enzo 😊 rt well hello pooch whats name dog,neutral
know wanted pas along good experience esp someone fly time month,negative
flight departed phoenix,neutral
plane stuck newburgh wont start weather relate flightd well passenger plane hr,negative
thanks home msy tsa precheck agent directing people photo scan beyond rude one grabbed pushed child,negative
promo watch phone amazon check,neutral
hold music suck,negative
customer year,neutral
jfk north check bag drop lady checking someone entire time another check in,negative
excuse though gate change though,negative
someone bothered inform u airport closed would helped,negative
get home flight buf bos missing captain really,negative
nope flight leaving almost pm cant believe paid money,negative
thank finally gate,positive
flight orlando unable serve hot bevy theyve made movie alcohol complimentary work,positive
update get idea get update way go hopeless,negative
cover cost car service waiting time,negative
dont always,neutral
landing usual great flight wiyh great crew hello sunny west palm beach jetbluerocks,positive
ridiculous hour coming waiting deplane newborn board,negative
waiting hpn plane hour since landing bc gate please get u plane,negative
late flight several passenger inebriated youre league big alcohol shame,negative
thanks making vacation worth currently waiting runway another hour deplane,negative
letting san fran medium rate whats deal look like last time fly anywhere,negative
amazing thank,positive
empty help desk,negative
closure people need inform passenger send gate gate w info board updated departure,negative
according jfk plenty plane landing problem,negative
system running,neutral
thanks third gate change,negative
“ beautiful shot thanks sharing using flyfi post ” welcome flight quickie,positive
flight jfk cartagena airport bar singing opposite praise making pact never fly u,negative
austin,neutral
helped problem easily nice guy rock,positive
happened plane meant leave wait buffalo seems organizational error weather,negative
award winning service,negative
really acceptable informed plane wont start chartering bus take passenger jfk,negative
much longer jfk open diabetic need sugar plane dont nothing,negative
flight sent back gate even though app say leaving anyone clue sunny jfk,negative
u guy b kidding help anywhere hour delay still answer bad cust service idlovetoask,negative
sent plane anyone jetblue clue,negative
unfortunately startled rushed didnt get name provide description expanded email thank,negative
customer service agent bonnie amazing phone deserves promotion,positive
rude rep trying book family vacation using trvl credit phone w new rep helpful,negative
bos everything current thanks follow,positive
sunny gorgeous ny actually whats real reason,negative
thanks info already board looking forward future upgrade jetblue,positive
thing happen ok wish beach airport,positive
hour sent plane hangar flight jfk absolutely ridiculous,negative
idea flight actually take,neutral
love jetblue flyfi able charge device domestic flight thanks,positive
still sitting plane newburg getting ridiculous way treat loyal customer,negative
touchdown jfk well done pilot jetblue flight jetbluerocks,positive
whats delay system isnt,negative
blaming jet blue wasnt weather cant plane air runway mess thats disaster waiting happen,neutral
dont think rly know whats goin supposed leave,negative
gracious tell go buy water snack flight delayed hour,negative
ask load bag flight,neutral
applying new tag left bag ground rather loading conveyer belti walk back yard,negative
get flight air,negative
thats weather relate flightd nice blaming weather airport wasnt prepared investigation time,negative
tux itd date umosaicmecrazy,positive
thanks personalized customer service cannedtweet autoresponse,positive
agent demanded remove old luggage tag every airport jb agent politely handle,negative
im also mosaic customer fly jet blue alot,negative
much delay fact flight still coming time app give u honest estimate,negative
waved someone behind step forward although explained happened indicated need make flight,negative
flight departing even board,negative
knew reason u favorite airline read answer twitter globe morning great job,positive
here part bag drop inserted jetblue cc didnt print pas agent standing front refused print pas,negative
im wearing truebluecolors,positive
flight,neutral
thats heard weather fine morning flight circling timesomeone forgot clean runway,negative
min past scheduled time w departure sight flight longer qualifies time updateyourwebsite,negative
whatever lil mint heart desire,neutral
entire system go really,negative
appreciate head flight delayed bc crew stuck boston communicationfail dobetterjetblue,negative
seriously system,negative
yup know fault ideal sittin hour always staff great,positive
horrible experience check agent fort myers ill document send detail boston,negative
flt carta goin st told plane coming hangar gate change one know wat plane getting,negative
cpap machine sleep apnea ok carry also small bag clothes,neutral
got thanks quick reply,positive
isnt something tell crew job,negative
app need updating say flight time well past boarding time hr delay,negative
bag still fly free started charging thanks,neutral
great experience working glenn cole buffaloniagara airport top notch employee,positive
well last update right direction least ill keep finger crossed,positive
charleston app guy minute ago,neutral
thx social medium person,positive
airportwide delay bos get unlucky,negative
left laguardia nowsunshine little hour,neutral
hear safety think get jfk though let help pilot passenger amp crew get safely,neutral
jfk still closed tryna get ft lauderdale flight want get home nyc,negative
woulda nice let u know post board still show flight time,negative
hmmm say im following got deiced still haning around runway clear,negative
always mosaicmecrazy sunrise bestairline nofilterneeded amp love flyfi…,positive
flt phx delayed hr circle hr divert upstate ny sitting hr communication horrible,negative
miraculously fixed plane kudos shoe ever,positive
thats cause trueblue ur love keep liftin higherandhigher,neutral
online resource say time clearly information age,negative
crew gate,negative
😭😭😭😭 yall really better american airline though,positive
dont tell update board,negative
say come brandloveaffair w ur soulandinspiration umosaicmecrazy,positive
issue jfk pilot explained jfk reopens get scheduled back cant divert lga closer acy,negative
want talk wall,negative
great service pbi hpn thanks,positive
poor flight management reason scheduled pm flight takr pm,negative
hi way check track flight arrive amp flight depart,neutral
done thank,positive
note time taken flight still listed time im onboard,negative
,neutral
flight listed time im plane yet,negative
ok start looking flight,neutral
ok got far atlantic city due jfk closed get u hpn lga please,negative
flight nassau jfk showing cancelled flightled yet assuming info,neutral
need eta please,negative
confirm,neutral
fly delayed ice jfk switch late flightr flight free,negative
im nasty boston family driving min pick erie think flight cancelled flighted,negative
best way kill nine hour airport flight full airline wont put standby stranded,negative
yes said runway isnt ready theyre waiting port authority remove snow sight,negative
travel business twice week fiasco ill flying blue often thanks,negative
flight returning gate provide information,neutral
wont see money poor service stuck virgin america thinking trying jetblue,negative
suck customer service worst whats point loyalty scheme dont honor badairline,negative
see flight boston pitt ok afternoon delay morning flight,neutral
fll mde great flight great customer service thanks mths waiting speak human customer service,positive
update flight leaving tf green delayed,negative
well said cancelled flight pa system guess trying get plane boston confirmed,negative
thats get page cancelled flighted min ago help flight mco,negative
im sorry cheated please take back wore protection,neutral
flight cancelled flighted due lavatory problem cant confirm gonna get flight boston logan int,negative
okay thank ill check,positive
woman stole seat plane one sit elsewhere standard protocol,negative
“ good morning sylvie great flight yourock” gt thank jetblue jetbluerocks,positive
came thanks followup thats youre best,positive
thanks see soon,positive
yep still waiting bag jfk whats holdup look like flight got time,negative
thanks getting u nyc jfk really safely srsly long take get checked bag eternity ammisery,positive
expect delay dca departure going orlando flight,neutral
full six u leave flight wait whole day get flight kid miss school,negative
boarding order someone boarded service animal member party allergic flight,negative
ridiculous got home supposed land hour ago bc hella tired,negative
lost loyal customer use time year,negative
thanks response next flight flight,positive
highlight travel hour delay deicing twice sitting bumper bumper traffic taxi finally get home 😒,negative
great flight brand new jet great seating beautiful plane big fan airline,positive
voucher cant believe took risk plane terribly filthy screaming baby face,negative
download jeokoo american app air traveler,neutral
thank know weather boston isnt great everyones tired,positive
ive spoken emailed jb team explained situation didnt seem matter anyone guess expected,negative
alright hope jetblue app showing change seat online show dont want surprise,neutral
know guy super busy flight e,neutral
follow pls,neutral
shocked misbehavior cheap comment jet airway staff passenger delhi airport friday boarding dubai disgusting,negative
service remote controller flight watched equalizer movie three time remote stuck,negative
oh wow im complaining two hour run way shuck jetblue good service better,negative
im curious know compensate passenger missing engagement due two hour wait tarmat get gate,negative
thank thank finally set jetblue app yay,positive
everytime come back boston minimum min wait bag earlier almost hour boston jetblue,negative
thanks taking back home today despite pandora best effort cancelled flight flight jetblue backhome noplacelikehome,positive
employee logan told finally got one meet daughter first solo flight rude rep,negative
customer service brutal,negative
airway continue various commercial relationship lufthansa,neutral
airline sound outstanding twitter feed clearly extremely useful keep great work 😊,positive
amazing short delay gave credit literally pretty much fault missed flight,positive
flight attendant hesitant give baby sized cooky,negative
u let make fun size cooky stuckonaplane so babyfood,negative
thank 😊 standing line,positive
thanks yes order rum coke get hotel voucher floor chair arent cushy,negative
supposed change near future,neutral
thank,positive
please help save daughter life detail go,neutral
pas along wife daughter daughter friend elderly motherinlaw spent several hour waiting,negative
land,neutral
missed goal inept male stewardess landed already havent taken yet,negative
horrible job jfkyou need rethink put route together unprofessional,negative
bag still fly free anymore,neutral
let know status flight pbijfk delayed hour board problem hatch,negative
thanks response crew patient u also frustrated wouldnt bad airport closed,negative
flite,neutral
interupt staduim series dont need see stupid commercial emergency info,negative
release flight february,neutral
well aware insufficient info option,negative
sat plane hour dulles insane ijustwanttobeinboston thanksdc,negative
get honest update departure flite plane infant child,negative
u suckwe sitting hr ur negligence,negative
still waiting bag flight landed hour ago,negative
complete waste entire day pathetic,negative
flight u stuck plane nearly hr set take flight control deny u worst service,negative
would love fort lauderdale would cool,neutral
best,positive
thanks bringing son home,positive
got hot lady flying air life loyal,positive
nothing praise helping lady make flight chs tonight impressed,positive
shes still waiting callbackthe lack follow whats concerning smh,negative
hasshe hasnt heard anyone week nonstop flight baggage loststolen customer service 👎,negative
got luggage waiting min went home right family ada friendly waiting long w chair,negative
flew flight month ago girlfriend got away sex restroom allowed,neutral
thanks much cant wait fly guy,positive
flight jfk amp hr delay could get weather relate flightd considering come,negative
ok thank,positive
thanks speedy flight time recovery,positive
thank taking care drink since inflight entertainment wasnt working goodcustomerservice,positive
flight sxmgtjfk time bus leave hotel feb mass confusion,neutral
able change even space seat weve checked online flight tmrw cant seem change seat,neutral
would say delay likely thanks much,positive
shes woman who lead working gate c,positive
chance one flight leaving newark nj cancelled flightled tomorrow,neutral
follow able dm thanks,positive
tomorrow wouldn’t soon enough thank info,neutral
figured flight morrow hard believe oil low killing u make even part hotel cant compd,negative
want give warm thanks crew logan airport still getting dc area cancelled flightlations morning,positive
another awesome telephone experience thank cory greatcustomerservice✈☺,positive
saw one useless tsa agent inspected shoe,negative
cup coffee relax check new deal promotion avon twice month doug,neutral
disappointed missed connection roc slc reimbursement even tho friend pilot said due atc,negative
yes party 😂,neutral
went beyond helpful,positive
didnt find unfortunately helpful took info incase get found,negative
selfie extreme,neutral
employee charles cave gate msy went beyond help try help find glass thought u know,positive
best cant wait use travel bank fun trip,positive
touched neworleans annual national distributor conference livethelegend,positive
plane hopefully longer mercy playlist thanks,positive
new ceo seek right balance please passenger wall daily journal,neutral
boston gate c,neutral
charged fee,neutral
thanks change music boarding gate,neutral
crew one helping,negative
opal dragon book dragon ali woven murdering way philippine australia,neutral
customer service please call,negative
hotel also jetblue lost daughter luggage lose luggage plane never actually left,negative
thanks prompt response know put safety first unfortunately hit freezing rainsleet ride home,positive
ok thats super helpful thank ill reach question,positive
thanks instant reply still first bag free important,positive
lipstick pig still pig ur new baggage claim sju disaster chair min wait baggage fail,negative
half hour wait unreal finally first bag coming sju need work,negative
whats current checked bag price policy fly coming week couldnt find anything definitive,neutral
scheduled depart scheduled,neutral
long take bag get baggage belttoolong wait,negative
able watch oscar flight tomorrow,neutral
weve delayed delayed palm beach need head westchester give info,negative
hey jetblue stranded entire plane supposed go jfk getting restless need better communication,negative
hey jetblue cancelled flightled flight st maarten jfk stranded family baggage area lost daughter luggage,negative
hello world record attempt amount ball point pen collection please could help pen,neutral
exciting time ahead 😁🎉,positive
ceo battle appease passenger wall street waterbury republican american,neutral
website seriously horrible call center almost make tempting fly someone else sodone,negative
havent allowed flight change ny area airport tonight everyone saying travel treacherous,negative
counting flight get dc,positive
cool gate turn flight fll jax delayed yet app say time good start,negative
guy need pillow rocker really knock park sayin,neutral
sure hope guy get dc speak tomorrow amp amp im winning,neutral
supervisor available couldnt anything,negative
learned customer service sxm work airport jetblue need supervisor anything,negative
status flight mco lga tomorrow,neutral
good inflight wifi,neutral
trying fly bos jfk flight delayed traveling kid book hotel getting tonight,negative
tried theyre helpful terrible customer service airport least,negative
tell point u realize u cant fly dca tonight u cancelled flightled pm u cancelled flight,negative
making bad situation worse cancelled flighted flight making u stay overnight sxm wont provide voucher stay different hotel,negative
whats status flight diverted ric depart back lga,neutral
already cancelled flightled one b u dca,negative
physically impossible make airport flight scheduled leave less hour,negative
point u cancelled flight flight dca airline already cancelled flightled,negative
great flight,positive
cant beat jetblue space matter,positive
great thank,positive
would like send email lost found jetblue jfk spoke morning cannot drive today,negative
want room food allowance agent refusing give u voucher use room book,negative
send service agent stranded passenger helped🆘🆘🆘🆘🆘🆘🆘🆘🆘🆘🆘🆘🆘🆘,negative
hopefully flight seattle boston pm wifi first one entertain lizaapproved,negative
good hear thx responsive,positive
yup mco °,neutral
hey check snowing boston could predicted thing,neutral
customer feel like stick airline jet blue travel work past year never seen,negative
cool thx couple pgashow flight til im mosaiccant wait easier change flight weather bad,positive
phew pant wheeze,neutral
thanks much help u u r amazing,positive
thanks next weekend though guess go higher,neutral
kudos done heading warmer weather,positive
actually flight,neutral
bos dca pm,neutral
ive pricing year know buck seat criminal understand pricing flying jetblue pricewise,negative
cough awkward,negative
guy need live chat,negative
obviously wasnt linked nothing tried book,negative
awesome thank,positive
bring compact folding chair like checked bag,neutral
quick person traveling w mosaic get green tag doesnt make sense end waitin son bag anyway,negative
got wish would communicate w u,negative
continuing record never flight leave time add much time family cost jetblue,negative
using jetblue mile,neutral
guess redo flight booking problem ugh,negative
suck oh well,negative
shes standing cell announcement info thismosaicnothappy,negative
using jetblue air mile,neutral
someone info smh one bag came nothing,negative
there nothing apparently connect true,negative
hello tell currently fly hawaii thanks,neutral
u see whats holding flt bag one bag came nothing else minute,negative
wouldnt credit right account instead separate sign seems pretty ridiculous,negative
thanks update,positive
clear folder regularly jetblue white listed never got,neutral
cant call right baby fell asleep,neutral
course bestdressed bluecarpet,positive
seems never received id password,negative
yesterday deal,neutral
yesterday flight wanted chicago sale within point range today isnt way guy still honor,neutral
email say sign travel bank,neutral
yes last month boston got first big snow storm flight cancelled flightled,negative
travel bank credit go cant call right,negative
offered complimentary drink switching seat stewardess asked age amp said giggled goodgenes ilookyoung,positive
thanks still booked trip lb slc see grand kid frustrating tried app web etc still love u guy,positive
thank im excited fly first time,positive
thank u 😘 “ course safety always st well make sure handle care love ”,positive
kudos jetblue social medium team jumping helping last snow storm web site downthanks,positive
love airlinehate website tried book ticket w mile wout absolute joke need lot work,negative
rule checked baggage carry ons slc sjo,neutral
thanks much condolence quick response much appreciated,positive
creates institutional quality machine driven jetblue revenue predictive analytics forecast using public big data,neutral
thank alicia exceptionalservice,positive
yes de baggage claim im sad baggage treat u 😞 please need baggage,negative
mom baggage lost fly fort lauderdalebogotá today colombian employee treated u badly need help please,negative
change made son pas printed conf mine print expressed disapptment w jetblue,negative
cancelled flighted 😢,negative
unhappy customer waiting min hold rude amp uncaring rep frozen acct cant print bdng pas,negative
minute spare,neutral
first place really didnt need extra stress already terrible time oh way made flight,negative
missed flight book flight extremely last minute due family death there excuse attitude,negative
serious attitude fault running tad behind even knew name flight info assured,negative
fly wu much however kiosk broken syr woman working ticket counter,negative
even year earthquakehaiti still need help rebuilding flyingitforward,neutral
thanks chatted nice fella gave lowdown,positive
yup foot selfie,neutral
mission accomplished gave hug,positive
commercial like legroom one,neutral
ill tell say hey,neutral
wife booked last minute flight funeral separately would like seat gether dm confs,neutral
ok thank quick response jetblue still best comp,positive
im session presented one beloved traveler see love much,positive
flying denver march st flight itenary keep getting changed heckbooked trip month ago,negative
hold foreverrrrrr,negative
happy customer weve waited patiently mention six month marathon training need tmrw,negative
waiting flight fl marathon tmrw charity u bumped u late flightr flight amp cancelled flightled fix,negative
flier gain access wsj content analyst blog nasdaq,neutral
oh definitely kind fly jetblue,positive
want fly storm thats right give u choice kid dont want chance nixchangefees,negative
thanks getting orlando early happiness,positive
portauprince haiti continued food distribution medical supply amp orphan care flyingitforward,neutral
haiti id food distribution hundred hungry kid nearby village flyingitforward,neutral
id go back haiti deliver shoe booksampmedicine kid met orphanage last year flyingitforward,neutral
airway covered bank america jblu dakota financial news,neutral
would like receive offer,neutral
may check monthold child foldup crib free flight tomorrow similar policy infant car seat,neutral
offer free flight fly forward campaign via travel cause,neutral
guy dualcam,neutral
airway stock rating lowered vetr inc jblu dakota financial news,neutral
fail snow coming dc area tried get earlier flight refused flight hour delayed greedy foolish,negative
waiver ny weather today,neutral
got thanks,positive
“ thanks including u tour pack winter coat”unfortunately yes ❄️⛄️ werenotincalianymore,negative
even though flight didnt much needed hot beverage u nyers landing super smooth 👍👍 😊 happytweet,positive
going san juan,neutral
website cant print boarding pas,negative
thanks getting boston early breaking barrier clean energy future,positive
thanks,positive
going giving travel agent rate hold iata card,neutral
thanks complimentary upgrade first best,positive
ceo battle appease passenger wall street waterbury republican american,neutral
ah staff perfect morning jfk sleep,positive
wow awesome video guy great work bluemanity corevalues passion aerojobmarket avgeek,positive
wow amazing video great world guy bluemanity corevalues passion aerojobmarket,positive
today family get experience mosaic status w lifeisgood,positive
real shit nigga north dont play around,neutral
word thanks,positive
chance u offer fresh guacamole flight,neutral
get degree weatherhere go westpalmbeachbound 🌞✈️👸,neutral
airway lowered strong sell vetr inc jblu mideast time,neutral
thank paris could arrange something,neutral
trying go far away kingscollegelondon possible charity today would help u jailbreak rag,neutral
flier gain access wsj content,neutral
ideal okay better late flight never,negative
yeah thats done define incidental much spend gear trip waste,negative
guy lost bag ski gear flew nyc ski buy new stuff tomorrow,negative
smf jfk,positive
youd love see girl inspired becoming pilot rt free woaw event march abq,neutral
thanks anyways back awesome rate amp amazing customer service nomoreaggravation,neutral
hold min placed hold hung nd time day looking group rate bossju people,negative
youre customer service terrible neveragain flywhonotblue,negative
delayed ridiculous,negative
youre flight attendant suck always rude th bad experience jetblue tonight,negative
say person hasnt delayed hour sitting runway wailing baby,negative
flight delayed still sitting runway minute far air travel best,negative
oh make sense bad,neutral
may cry,negative
wont site let book ticket nov jfk kin,negative
late flight lost almost hour bay area weekend mention two hour unnecessary vacation time work flt,negative
course,positive
thanks ill,positive
yes get exact data download fine upload bandwidth ping issue ping especially,negative
love jetblues speedy twitter customer service,positive
since high likelihood snow time flight tomorrow chance rebook sunday,neutral
dca nantucket washington business journal,neutral
thanks,positive
traveling two kid tomorrow age domestic need birth certificate check airport,neutral
thank much effort,positive
thanks letting u know hoping delay,positive
appreciate response worst part losing non refundable hotel orlando crew blamed wind hoping delay,negative
flight orlando,neutral
awful flight jfk honeymoon delayed lost money hotel delayforwhat,negative
phone number news,neutral
flight freaking nightmare tonight sittingonthetarmac delay,negative
😭 used point get back decide go,neutral
one picture,neutral
appreciate speedy response longer delay inconvenience put customer please nix change fee,negative
thanks,positive
share coming,neutral
weather sfo flight still time boston,neutral
“ sorry please ask inflght open seat move to”,neutral
whats going flight delayed beyond shouldnt thre flight switch point,negative
thanks info figured case hopefully new hashtag change abcletjetbluestreamfeed,positive
whats broken tv seat f flight today planned catch game nooooo,negative
april th anything specific know first flight,neutral
bein calling jetblue respond leave number call back think jetblue loosing customer,negative
im flt lax fll ppl sleeping id rather disturb flight tried dl movie go,negative
made costa rica back missing already pura vida,negative
dont abc inflight tv channel sharktank,neutral
love guy know paid prem wifi toplay go ping terrible,negative
saved day lost costumer jetblue makingthingseasy feelbetter,positive
lgb sunny cal,neutral
think snow boston effect flight,neutral
id like see markie,neutral
think gonna win mayweather pacquiao,neutral
thanks making miss important dinner tonight hr delay min tarmac worst,negative
yes terra blue chip favorite,positive
dmd confirmation code thanks help mommy daddy kid appreciate,positive
airway corporation insider trading update rock hill daily,neutral
thanks loose em airportsst time found think need make flex stay carrying bag,neutral
dont enough hand count number time something like delayed flight guy disappointed,negative
called number left message pas along message team,negative
cool anticipate completing installation year,positive
love guy sooooooo much ridiculously appreciated service,positive
option luggage assistance ground hpn flight delayed hour amp sleeping kid land,negative
ask slc checkinbag drop found dark blueblackish fit bit flex wouldve lost around pm mt,negative
officially favorite thank wonderful service jfk,positive
seriously going,negative
news flight pbiboston delay wait arrive airport based reported hour delay,negative
airway corporation nasdaqjblu reach new high range streetwise report,positive
thanks,positive
im sorry boarding chaos underway please query post scrum,negative
boarding im really impressed ive learnt valuable lesson,negative
question flying st time mont old sondo need bring anything birth certificatess card etc,neutral
process begin,neutral
yes filed claim issued credit courtesy whole thing seems exceptionally uncourteous,negative
yes boarding good luck push wheel reality dare,negative
tried burger good expensive lead believe food usa cheap butnot,negative
im trying im tired getting grumpy,negative
flight long day arrived london morning,negative
deal plane ground instead diverting plane amp adding hr flight,negative
look like inflatable car seat got left plane guess theyll back sometime savethoseseats,negative
imma need hook tho,neutral
california,neutral
thanks day week direct flight saw went thru jfk ☀️,neutral
hawaii deal u,neutral
thank,neutral
jan thats summer,negative
yall got price low,neutral
looking forward finally take,positive
flight wasnt pm already delayed,negative
must always delay late flight night orlando flight 💔,negative
second incident lost baggage sent dm thought,negative
maybe announce delay dont sit plane runway hour taking,negative
please come indianapolis,positive
flight bos tampa takeoff min late flight,negative
release november flight flight booking problem,neutral
ah grasshopper twitterz kung fu good hire geek,negative
discontinue nonstop service sjc bos cant find anywhere,negative
noooo previously direct flight fllgtsfo diverted la arriving almost hr late flightr 👎,negative
well let see could pay negroni bitcoin,negative
know schedule dec released,neutral
direct flight bos st lucia antigua,neutral
okay thanks hope flying guy soon,positive
afternoon flight going bqn jfk seem find early morning flight,neutral
im flying airline lga 😷,neutral
loved natural beefjerky snacks😉,positive
thanks reply flight,positive
must send note good word,positive
captain take lot muscle frown smile yall ready go flyin mean,neutral
cant seem dm guy jdhadp,negative
loving capt joe flight bos sfo fun,positive
two delay little proactive communication go long way howhardcanthatreallybe,negative
worst view athlete watching team front seat chase van nogearnotraining,negative
fabulous pleased,positive
ill take round trip ticket closest warmest place please negativedegrees buffalo snowwillnevermelt,neutral
know,neutral
cool,neutral
u real mvp,positive
worry time flew terminal taking thanks,positive
messaged thanks,positive
compensated delay cancelled flightlation,neutral
thank,positive
dang pandora look like may get pushed back likely,neutral
poor storm customer service hr takeoff delay waiting snack cart rude steward name love guy trueblue,negative
saving sanity leaving behind sunshine escape fl bliss travel indenial whatfrozenpipes,neutral
departure people delayed get compensate time,negative
one im trying make probably late flight see email could call pittsburgh international,negative
flight id love redeem point theyre little year old historical limit,neutral
worst customer service airline company dontflythem,negative
whats random delay flight chance false alarm,negative
lost day airport trip compensated inconvenience,negative
thanks reminder older flight id taken easy access add point new jb account awesome service,positive
switch seat trip sunday,neutral
ah ha misread end date thanks clarifying,positive
reason delay,negative
add aa loyalty number jetblue reservation,neutral
ill see board soon,positive
flt delayed,neutral
afterall indeed lovesongfriday cheesy sweresomuchfun brandloveaffair,neutral
heading buffalo trading cold boston colder buffalo maybe caribbean next time,positive
team offering inflight access journal content,neutral
course u know would like lay bedofroses long theyre mint colored brandmance,positive
ur asking heavy gun know iwoulddoanythingforlove brandmance lovesongfriday,neutral
well mine sure arent anything write home,neutral
smart make angry mt we’ve partnered bring free digital access onboard,positive
ooh good one speaking miamore know iadore loving lovesongfriday,positive
well im sure im bold lol saying didnt believe p,neutral
love song lt thanks,positive
let say idontwannalivewithoutyourlove itwasminttobe bestinclasssocial thankyou travel business,neutral
team offer inflight access journal digital journal,neutral
would nice see service instead drive hr like charlotte atlanta,neutral
currently dancing terminal love stevie,positive
thank jetblue jetgreen jetred blue favorite color jet blue make better,positive
already ticket shes totally beach right flightlanding sunscreen feelsgood,neutral
please start offering route location,neutral
chair selfie everyone look flawless proud phl crew blueheros”,positive
jetblue treated right disabledtraveler thanks hassle flight,positive
ceo battle appease passenger wall street waterbury republican american,negative
im looking every day watching deal specific date fare finder doesnt help,neutral
flight booked heading california team march cant wait expowest,positive
totally would outside view even camera ready haha evenmorespace evenmoreview,positive
dont really know mean isnt best firsttimeflyingwamo old experience likelihood addtl delay nt,negative
sent curious see kind comp get,positive
cant wait hear back regarding internship opportunity 😊,positive
dont fly nashville,neutral
❤️ jetblue flt fll sfo tke hr late flight div phx amp got hr late flight done,negative
si month old nephew last night flight mega delayed evening starting w delay,negative
challenge accepted first crew member send pic chair get free ticket visit u wager isitsummeryet,neutral
whats good address send feedback email,neutral
thanks credit hr delay tell customer service mean lot thankful,positive
going bdl dca flight yesterday today every single one getting delayed,negative
said let cross finger happens departing,neutral
ceo battle appease passenger wall street lake wylie pilot,neutral
ok cool need listen dre snoop en route la would shame,neutral
basically stole glass cant drive see class theyre answering phone call thanksjetblue,negative
thank always amazing customer service bring disney princess half marathon,positive
weve delayed almost hr take jetblue ive good luck today really frustrating,negative
ceo battle appease passenger wall street waterbury republican american,neutral
trivia contest win flight question rt follow amp ill send answer enter via,neutral
definitely thanks,positive
im makingloveoutofnothingatall brandloveaffair lax,positive
something theyre telling u,negative
thats weve told however would work youre going overseas bottom line passenger feel there,neutral
weve runway hour water pressure low taxiing back maintenance,negative
thanks head hour delay sarcasm patienceiswearingthin woof,negative
hi wanted see new route planned year newark love flying guy hope,positive
sign trueblue twice happens everyone around,negative
mechanical failure isnt boston fault,negative
oh totally look par admiral club way slide u couple pass,positive
boston,negative
thanks bae,neutral
i’m going miss hugely important meeting constant delay itscostingmeincome,negative
gr mint crew flight lax theyre mintalicious truebluelove shelleyandmarcrock travel air,positive
thanks offering service guy,positive
flight delayed gtgtgt,negative
say im lostinlove wour brandmance wemosaictogether mint love,positive
nervous sunday flight baltimore boston suggestion need boston monday,neutral
guy rock,positive
would great never thought id sort whod really make flying experience bearable,positive
sorry report stuck tarmac held notwheelsup,negative
thanks gent phone fixed bosmco flight fee waiver flyfi forget name,positive
airway hit new week high jblu sleekmoney,neutral
bit steamed conjunction wmy new hour wait first sat bought bit tea ive settled,negative
thanks hope dont look like complainer ive written good experience wyou past making terminal,positive
wed love help shanese bryantmelton hardworking grandmother dc go miami bucket list flyitforward,neutral
signed trueblue booked flight keep getting error try link tb account whats deal,neutral
success good work jetblue team,positive
hope plane appear leaving nearby terminal gate,neutral
great flight great view,positive
beautiful ride thanks,positive
perfect probably need coffee stay awake night,positive
appreciate youve done end make right still unhappy initial incident calling,negative
ceo battle appease passenger wall street waterbury republican american,neutral
line may extra long security slow seems employee quick blame customer dont arrive hour ahead,negative
better holdon everythingsgonnabealright brandloveaffair truebluelove travel business,positive
error message paper ticket cannot serviced online please see jetblue crewmember assistance,negative
food place open jfk,neutral
ccndjp send screen shot system error email address provided,negative
inconvenience understatement like torture clearly going wrong path jetblue,negative
dont cling safety card safety really issue flight would landed immediately,negative
catch name sure jason know,neutral
waited line time told crewmember there update hrdelay disappointed,negative
phone agent cant see flight see online cant change ticket even paying frustrating jetblue,negative
flight forced return ny malfunction land countless air strip surrounding chi,negative
haha need apologize 😁 ill flight booking problem sooner late flightr love jetblue,positive
oh disney bound workhard playsoon,neutral
ceo battle appease passenger wall street,neutral
denverboston flight bostondenver flight plane visible snack crumb seat upon boarding,negative
felt bit like adding insult injury since well terminal seven hour next flight,negative
guy get rid hip hop station sirius xm,neutral
knew hour sounded odd missed flight hit jfk hour early gate attendant told u,negative
well time going happen safety come look like ill look another flight sttimeflyer,negative
airway continue various commercial relationship lufthansa,neutral
u said min take told hr delay amp possible cancelled flightlation u plan rectify frustrated,negative
cant wait ill one cant contain 😄,positive
hope wanted early flight avoid airport chaos late flight,negative
big thanks ricardo olavarria reagan airport fixed ticket made sure made friend wedding greatservice,positive
really thats good hear thanks update may make business meeting,positive
spent winter nny mom jetblue take home fl via bos mon miss hubby kitty warm countingdown,neutral
hey chance update flight hartford dc,neutral
update anything know issue front wheel locked,negative
flight dca delay im erring side safety inconvenience people connecting flight,negative
dc thinking summer new nantucket service broadway world,neutral
time brandmance go upwherewebelong,neutral
team offer inflight access journal broadway world,neutral
pdx jfk suuuuper hot,positive
ceo pilot among ardent fan wall street poughkeepsie journal,neutral
june yet 😊,neutral
airway hit new month high jblu wkrb news,neutral
eta flight orlando morning,neutral
using jfksea summer first flight ever mint seattle core config,neutral
much trip warm island,neutral
dc thinking summer new nantucket service,neutral
ok thing happen frustrated change schedule see tomorrow new rescheduled flight,negative
sjc jfk departing pm tonight change whole schedule get sort refund,negative
airline better system inform client flight cancelled flightled last min 😒👺 schedule,negative
havana cuba share love photography leave picture behind well deliver muchneeded item flyingitforward,neutral
slowest boarding process ive ever experienced rude customer service agent,negative
need get act together phx,negative
shes something,neutral
team offer inflight access journal nassau news live,neutral
love bae jetbae,positive
probably anymore,neutral
look forward getting resolved touch,neutral
yes best case scenario get gear late flight friday early saturday camp start tomorrow toolittletoolate flight,negative
ca weekend attend training camp thanks sending gear fl look like trip waste nothappy,negative
yup said would flight change fee plane minute apparently,neutral
portland maine,neutral
making stay jfk late flightr let rebook without making pay,negative
definitely,positive
stranded passenger arent helped get another flight,negative
dont remember date monday night back nyc heartbroken,positive
ugh always know way heart 😘🙌,positive
team offer inflight access journal digital journal,neutral
cancelled flight flight last minute,negative
im sitting plane many predictable mechanical problem still onboard getting bad,negative
thanks help,neutral
flight jfk pr got door open frigid temperature icyflight,negative
poorservice poorcommunication waitingsince bag frm flight jetblue,negative
bag hv posted board flight carsl switched carsl comedic watching passenger run frm othr,negative
one man baggage office say dunno help,negative
luggage flight waiting hour bag jetblue poorservice,negative
going arrived pm one bag unloaded flight,negative
service baggage jfk incomprehensible employee know luggage frm flight lax nyc hr wait,negative
thank guy brilliant customer service,positive
yes course left airport kept looking claim still open,negative
stewardess cant work wo galley light back nyc change light fromthefrontseat jetblueblues,negative
great thank let hope could please notify flight leaf jfk thank,positive
flyingitforward pereira colombia help kid cartago street deliver lot clothes picked donate,neutral
great get buffalo able leave get jfk there issue still buffalo airport,positive
sorry misunderstanding term exactly mean,neutral
every channel supposed watch scandal free flyfi sweet,negative
left apt hr ago go boston sjc im still nyc please bring back nonstop flight jetblueblues,negative
going flight buffalo jfk figured anything temperature tower yet,negative
never received credit inoperable tv sfo gt jfk flight week ago never got email,negative
far less painful coming avis 💙,positive
thanks ill like get new tail njb njb boston red sox livery share talk send weekend,neutral
look capture uvf,neutral
im ready see njb n njb island weekend capture,neutral
flight attendant angel awesome kudos,positive
washington dc,neutral
thank loyalmosaicmember,positive
pilot stated year flying never experienced anything like gettingoffplane,negative
get plane wait another hour someone read temp tired,negative
flight jfk buf,neutral
thank much 💙💙,positive
awww thank b glad hear made day amp one last question idea tail operating flt maro,positive
appreciate quick response one go outside check temp leave buf currentlysittingontarmac,negative
min tell u cant check temperature least hour back gate wait mosiacfail,negative
sky flight bos sfo awesome crew helene rock,positive
time reevaluate nyc carrier,negative
bringing guitar bring carry,neutral
whats going flight many free trip get epic inconvenience,negative
departure time keep getting late flightr ill lucky im home,negative
love jet blue,positive
come youre responding everyone else wtf,negative
anything found cleaning plane dc would baggage office even something small,neutral
bring dog board,neutral
think treat onboard enjoy flight 💙,positive
😃cool,positive
maybe ill go cleveland instead,neutral
yes always treat fly guy 😊✈️,positive
thank really would preferred jet blue guy best seat business,positive
hi im trying find flight middle east,neutral
patronizing response legitimate issue,negative
yep hour logan gangway broke cabin crew stuck plane arrived passenger request butt massage,negative
love flight there always delay unfortunately,negative
yes thankfully catering got loading frustrated supposed,positive
butt hurt,negative
thats told half hour ago,negative
hanging almost hour,negative
took forever catering get flight delayed ticked right,negative
absurd waited min flight attendant assigned flight late flight dont others,negative
safety first lovejetblue,positive
delayed flight bummer,negative
austin saw water bottle amp snack desk waiting passenger im flight booking problem next flight,positive
theyre busy awesome trying get u asap ill deal,positive
well way half tv channel static 😔,negative
idea novemberdecember travel open,neutral
airway corporation nasdaqjblu update say lufthansa market bureau,neutral
thanks much ❤️✨ relaxing flight,positive
alright,neutral
landing february avgeek warmweather,neutral
happening flight fll sfo delay reroute,negative
shut turn tvsmusic,negative
dc thinking summer new nantucket service syscon medium pr,neutral
excellent guy best,positive
although wasnt totally answer looking appreciate prompt response,positive
guess ill wait another hr hope rate go amp reasonable finger crossed cutting close travel date,neutral
discount volunteer firefighter,neutral
well fly huntsville al id take either nashville birmingham,neutral
confirming rate wont go look like cant fly jetblue time around cant afford price,negative
trying take stuff seat front bugging throughout flight didnt feel safe,negative
oh yes hope expand airport soon fly see family year,positive
member since looking travel next week couldnt book right away due snow im bos,negative
thanks jb 💙,positive
thank love anxious flyer,positive
exact flight love jetblue really want fly yall thats little pricey basic mint bos sfo,positive
dont want seem crazy already asked twice,negative
flight want book one day went purchase next day amp price doubled inquiring chance may go,neutral
sent email hour ago asking question still response need answer hopefully flight booking problem flight,negative
said delayed due mechanical issue im looking something little specific,negative
im get plane think deserve know mechanical issue flight delayed,negative
give update flight mcogtjfk theyre saying mechanical issue disclose,negative
walked gate ask desk gate,negative
flight orlandoridiculous wait high school band board notbabysitters whrsthecoach,negative
offer hot tea coffeeat gate guy make wonder ever flown airline ☕✈👍,positive
awesome thanks,positive
dc thinking summer new nantucket service digital journal,neutral
service agent mco great enough working right,negative
keep going back forth able board great agent savannah,positive
get semantics mean within extent period still technically dictionary,negative
giving false hope ever getting home,negative
st flight morning flying toddler plane heated comfortable temp boarding start itscold,neutral
thatd nice hoping rack enough mile take trip seattle enjoy perfect latte city coffee,positive
want enter family pooling contest say website please enter still,neutral
vega san francisco baltimore san diego philadelphia far im frequent business traveler,positive
course supposed say logan login,neutral
reimbursed everyone flight portion ticket still love jetblue best american airline,positive
jetblue never disappoints,positive
😢😢 rt“ oh unfortunately code must entered time purchase order qualify points”,neutral
quick question pay second bag online airport,neutral
cool announce flight delay everyone checking hour delay bdldca staff offering help,negative
hi claim point flower order purchased totally forgot put promo code,neutral
whats hold flight boarding shouldve taken place minute ago,negative
yes slc,neutral
waiting half hr package whats wrong guy,negative
long ago trip taken place still get credit didnt apply trueblue booked,neutral
thanks help jetbluesofly,positive
able access using drop instead clicking tab,neutral
trueblue page work chrome safari keep getting blank page lick trueblue tab site,negative
ahoy loyal allyoucanjetpass holder anticipate direct u flight havana cuba jetblue vacation,positive
point offering flight next day expect pay hotel cancelled flightled,negative
excited first flight w today delayed though give flight number boston dc,neutral
mosiac,neutral
probably find ticket,negative
offered flight paid changed itthis nd time done ruin cruise plan,negative
okie doke knowing fix,positive
check awesome bag flight carry decision,neutral
cant dont acces phone rn iphone broke would rather change late flightr,neutral
cant flight need late flightr one need change flight guy changed cant time,negative
wish would make austin tx hub missing “only” airline biz travel since moved bos,positive
sent,neutral
little vino wouldnt hurt 🍷,neutral
airway receives new coverage analyst bank america jblu legacy,neutral
crisis averted flight bos fll boarding let hope new pilot arent clarence oveur roger murdock,positive
bag missing landed hour ago help,negative
thanks julian login getting onto earlier flight back dca,positive
apparently substitute pilot flight bos fll cant found info avail counter,negative
landed mco still dont bag supposed give disney magical express ami livid,negative
ceo battle appease passenger wall street waterbury republican american,neutral
fault social medium awesome people know everyone working hard get u way,positive
requested here selfie somewhere rockys milehighselfieclub,neutral
short stop jfk iad,neutral
flight ha one employee said reassigned another said left want warm weather,negative
seems friend speak highly well need find decent priced way go yvr sea overnight,positive
take fraud seriously,neutral
want add flight mexico air canada exact situation none problem ive jet blue,negative
mean take time write physical letter fraud department doesnt email telephone right,negative
capital one explained false fraud alert jet blue representative issue new tkt wasnt resolved,negative
thanks,positive
en route airport rebooked ticket refunded,positive
repping bruin cleveland rock n roll hof amp christmas story house jetbluebruins,neutral
didnt work called jet blue mexico address fraud alert capital one line rebooked,negative
actually said fraud issue never resolved issue new ticket phone,negative
called jet blue get explanation make sure would happen future told write fraud dept,negative
made safe sound thank safe travel,positive
arrived airport told ticket refunded name fraud alert,negative
card company explained issue phone mexico purchased new ticket phone,neutral
jet blue cancelled flighted ticket amp never reissued,negative
credit card company accidentally marked jet blue ticket fraud corrected mistake reposted money,neutral
screwed last time glad give business jetscrew awfulcustomerservice,negative
alternative absolutely respect loyal customer year im done,negative
thought waiver change fee travel boston weekend,neutral
pooling gifting completely different shouldnt charged send point disgusting,negative
would charge money transfer point someone,negative
flight attendant wendi flt newark orlando 👍👍,positive
doesnt help fly specific day,negative
noting perfectly fine attitude dealing flyer stubborn demanding unwilling accommodate,negative
there many choice yall south border know every airline equal lowest price best value,positive
looking arrange nice flight sea laish comparing cost something direct yvr,neutral
sent suggestion comment via link provided,neutral
sharing public fly time year sitting tarmac fll staff worst ever met,negative
love,positive
ever consider coming memphis need trueblue service fare badly,neutral
whats w flt brother fiancé sitting board min w tech issue,negative
flying soon nyc airline airline ive flown youre still 😊😊😊✈️✈️✈️,positive
giving u free movie apparently dunkin donut coffee safety hazard thingsyoucantmakeup switchsbux,negative
long someone remembers put plane right really lame excusegeez much better coffeeneeded,negative
else could possibly take place coffee hourhope pilot wasnt relying aircraft caffeine needcoffee,negative
whats lack coffee flight told someone forgot load coffee onto plane ineedcoffee,negative
utah think thanks,positive
yes princess trying get glassslipperchallenge wdw,neutral
never delayed tpa bdl better safe sorry 💙 lovejetblue onlyblue jetblueforever,positive
dont get wrong love flying tv free bag descent fare recent plane problem annoying,negative
great flight crew flight bos mco,positive
appreciate flew january check engine light came right take computer,negative
thats love jetblue truebluememberlife,positive
awesome thanks ill give call late flightr today appreciate help,positive
traveling w rifle hunting trip pistol large rifle case wasnt clear freq asked question,neutral
thanks th bday saturday aviation themed surprise party,positive
hey guy flight booking problem system ran first middle name together time flight booking problem going tsanightmare,negative
cancelled flightled flight amp given week apply travel bank credit another flight amp credit transferable,negative
thanks sent dm,neutral
travel bank credit issued company fraud acquired credit family friend charles kravitz see account,negative
talked manager offered pay x cash originally paid nothanks jetblue ripoff flyunited,negative
😂😂😂😂😂omg bored amp read convo seems like jetblue point,negative
cancelled flightling ticket best friend going vacation never told u jetblue fixthis ripoff,negative
apparently pilot made announcement engine trouble losing fuel quickly,negative
grandma ellas th would love birthday greeting flight crew stewardess eastern airline,neutral
trying charge u dollar cash ticket paid month advance isthisreal nevertoldus jetblue neveragain,negative
please get service started offer good route lile florida upstate ny vega etc,negative
cancelled flightling flight sending ticket telling buyer jetblue allowed,negative
resolution,negative
best airline name ever whenever see want get plane blue sky amp sea deliver promise,positive
gettin fancy mint lieflat nice work menu lobstermac bloodymary jetsetter,positive
making great first impression first flight minute boarding gate agent still cant assign seat,negative
flight delayed connecting boston possible switch flight make connection,negative
love cancelled flightling ticket telling customer flyunited,negative
ticket confirmed sent find today cancelled flightled ticket month ago never sent email jetblue,negative
would good know month ago cancelled flightled flight leaving tomorrow telleveryone jetblue neveragain,negative
rather trying resolve customer issue option offered paying cash airport write letter justifythissupport,negative
im flight booze served min give lostrevenue angryandsober bachelorpartymishap,negative
ive used guy year experience never ever use,negative
manager telling u write letter upset ticket leave tomorrow getting cancelled flightled without notice,negative
guy lucky love,positive
maybe stop telling people wrong info customer service call,negative
customer service bad updating point use next point wont flying point system almost sham,negative
ruining vacation left right would thought airline cancelled flight ticket without telling buyer,negative
better find way get puerto rico tomorrow morning besides charging u three time cash originally paid,negative
spent hour morning hold w customer support want confirmed flight taken care,negative
look like talked customer service,negative
claim w customer protection notify customer delay cancelled flightlations diversion nottrue,negative
processing error send full flight ticket confirmation flysouthwest,negative
thank guy awesome,positive
flight leaving boston seattle right flight,positive
definitely,positive
tell paid amp confirmed flight cost cash airport hour flight ripoff nosupport,negative
okay awesome thank,positive
worst booked oct w email confirm amp never informed cancelled flightlation instructed mail written letter,negative
didnt info infuriated way previous rep treated possibly work jetblue rep,negative
excited saw fly ionlyflyblue,positive
ta site thelodge fun day,positive
mine sadly yea fly fi awesome,positive
hung get name took accountability keeping hold min next rep able track name,negative
free wifi make television working staticy ithelpsabit,negative
phone rep min transferred asking worse rep ever,negative
ready go disneyworld princesshalf,positive
possible way contact fraud department mailing physical letter telephone email really,negative
brazil volunteer teaching english amp spanish poor child skill improve chance better life,neutral
flight moved back booked said arrive say 😢,negative
thank jetblue credit nice save,positive
would go back aruba flew jfk bestplanesever bestflightever,neutral
bluemanity love great time flying,positive
case making jackass allowed favor sayget right care lessme vacation true seeampeter scott,negative
would go dallas see grand baby miss much feel like piece heart,neutral
false agent let u extra leg room upgrade upgrade mint poor business practice badcustomerservice,negative
tried helpful really dissatisfied flight booking problem whole trip jet blue time around besides flight,negative
yes minute spare fyi employee amazing keep good work,positive
rqstd upgrade mint lax told used point turn bcz used point trueblue,negative
going get wifi plane,neutral
oh yeah great flight mexico wonderful crew thank,positive
get help hotel booked issue,neutral
trading customer experience short term sad previous loyal customer,negative
hi dmd info,neutral
flight fll sfo speed line even though paid coffee flight non stop unscheduled stop,negative
concern cancelled flightled flight due cold weather nj saturday cancelled flight degree,neutral
wasnt service credit voucher received tv working accepted next flight pillow,negative
gain altitude skywest hit turbulence jblu skyw investor business daily,neutral
good morning sunshine tailfinthursday,positive
wheres selfie,positive
ceo battle appease passenger wall street,negative
airway reveals bluemanity livery travelpulse,positive
unveils new bluemanity livery usa today,neutral
mark th year bluemanity plane design,neutral
haha thanks jetblue👌☺️,positive
could get free flight vega since bday😏☺️,neutral
im flying miboston icelandair iceland hour check bag way,neutral
know lot baggage want know really enjoyed inside jetbae,positive
every crew member dealt orlando incredibly rude im actually pretty disgusted jetblue right,negative
thank much wasnt sure since know limit ozs excited fly jetblue,positive
standard protocol call security onto plane cry baby,negative
finally starting come minute communication acceptable letting today,negative
found someone ask answer landed almost minute ago,negative
hey thats sexy tattoo got left engine jetbae,positive
flight bag havent come landed minute ago,negative
thanks stbernard taking time read page find info supervisor felt insist tho showed previous comm,positive
gnight checked po amp supervisor unaware policy sucked guide internet v unfriendly,negative
jua jfk ask desk incredibly helpful thanks,positive
hour delay sitting plane still wanna charge beer nah im good,negative
tell day fly direct buf fll fll buf,neutral
customer service agent jorge orlando international rude disrespectful never want deal bullshit ever,negative
cri,neutral
closepwcs please tweet this🙏🙏❤️ fly jetblue every time btw😏,positive
huge favor🙏❤️,neutral
friend,neutral
simply minor mechanical would say,negative
tweet closepwcs get word out😢,negative
mother overheard personnel ask attendant passenger really knew going attendant said,negative
btw name samantha everyone flight,positive
happened w bossan mother onboard amp crew evasive return bos first time,negative
“ jetblue relate flightd time ” wont school cancelled flighted cold,neutral
thank,positive
say owe,negative
want pay parking fee orlando airport app told mom flight landed lied,negative
u cool,positive
amazingly awesome customer service reservation agent tonight helping correct mistake love airline,positive
th annual marthas vineyard african american film festival august attendee deserve great flight mv,positive
yr site trouble mobile check,neutral
told u minute almost minute ago,negative
fll lga getting old th flight week th significant delay,negative
submitted feedback good way handle baggage customer,negative
love theyre cute,positive
there large family bird inside fed purpose,neutral
sure thing,neutral
work google chrome internet explorer,neutral
believing minute got delayed rd time,negative
there schedule change tix change destination airport sister airport like ewr jfk,neutral
delay perfect time learn swift programming,negative
statement lufthansa incentive offer digital journal,neutral
best airline world,positive
would go anywhere jetblue go,positive
anywhere,neutral
wow guy answer people wow care love jet blue,positive
thanks appreciate prompt response,positive
put airport click update tell put airport,negative
doesnt best fare finder work,negative
dc summer help local youth get ready return school math refresher course flyitforward,neutral
good luck thanks,positive
really nice though snack fridge…that get take stuff like dorm common room genius,positive
currently new robotic lovedoll reminded heavily bit themhence excuse say huxleyesque,neutral
third jetblue flight less week late flight weather reliability going downhill,negative
many allergy want know bring oz bottle benadryl flight along epipens,neutral
feeling,negative
buffalo flight late flight,negative
anywhere away snow globe warmth sand palm tree,neutral
u suck big donkey ball,negative
good deal march looking fly orlando,neutral
tell like pick get bump first class,positive
jetblue sofly wish firststari seetonight,neutral
waiting flt chicago hasnt aircraft left buffalo yet,negative
dont think ill testing water dime,negative
cmon flight delayed annnnnd cant give pick im tweet,negative
flight full,negative
client asking kid need email address get tb acct true,neutral
walked hall carousel found bag sitting still word crewsignage still updated,negative
headphone jack working flight,negative
absolute madness west tell like,neutral
triedconsiderable confusionno announcementno sign update,negative
jetbluebos whats luggage flt dcabos pax waiting min bagsno show carousel sign updating,negative
thx pointer im good big monitor advice pick come western conf nba,neutral
fight get credit value bag got skytrax jetblue corpgreed nevertakeno,negative
airway corporation jblu loses news airway wallstreet scope,neutral
amp asked wanted tea teaampnot coffee im gold united amp coffee nvr think x,negative
ur wed bwiboston flight pm really need better scheduled almost always delayed,negative
ill pas along advice guy rock,positive
id fly airline actually gave crap flier outside generic apology jet blue terrible jetblue,negative
austin jfk,neutral
big board say arent leaving 😩,negative
he sch tmw aa would love find earlier one yall possible he fll,neutral
appreciate actually responded travel way much tell coffee basic option,negative
dad vacation sxm got delayed day shoddy service earliest fll gt sxm flight trying hep,negative
report updated info dont know reach without super long wait hold main number,negative
cant say airline right sincerely miss bestairline,positive
whoa tag still saw tweet flight jfk chicago trying get home see little brother wrestle,negative
airway corporation price target update stafford daily,neutral
would go italy visit relative see house dad left passed,neutral
id go australia enjoy land always bucket list flyingitforward,neutral
hi possible upgrade mint seat already booked ticket thanks,neutral
left coat flight morning overhead bin reported seat thx ticket,neutral
daughter college game denver one set parent 😢😢😢,neutral
ok ill book jb jfk book ath thank,positive
need flight ath pdx coordinate airline,neutral
put bottom ur baggage report fun jetblue skytrax,negative
u want helpful save trip westchester cty jfk plus parking info photo,negative
yes thats true bit pricey look love guy,positive
heading jfk principle alone deal w lost amp damaged bag jetblue jetbluesucks jfk badservice fail,negative
u gear grinding jfk baggage office told need bring bag back right close claim,negative
sell open ticket sick relative may travel moment notice sad true,neutral
flew san francisco fort lauderdale last year fantastic time would like go back,positive
u say safety highest priority doesnt extend property totally nut,negative
allow payment apple pay patriarc,neutral
flyingitforward affect one small family four would make huge difference life,positive
glad u happy bag traveler entrusted u w property amp u return damaged amp thats best answer u,negative
id go portsmouth nh take care friend son take daughter boston surgery flyingitforward,neutral
worst postpone trip cant accommodate guest like neveragain,negative
hawaii get somewhere warm amp find good flyitforward,positive
thx confirming yr team awesome thanks prompt amp helpful response cheer less snow everyones future,positive
prfriendly tweet dont help drive accountability hope mr hayes take note,negative
great idea cometoaustin,positive
would go la vega gorgeous go every year fly guy vega gorgeous amp much there🌴,positive
like marie harf go iraiq find isi spread good offer resume service isi order find job,neutral
flyingitforward id fly port au prince haiti help ongoing earthquake relief effort still lot,neutral
dmed thanks much addressing quickly,positive
done also look like opened flight vega sunday 💙,positive
say lufthansa incentive offer impact share count nasdaq,neutral
wish ground operation expedient twitter response team delay got extended,negative
w upgrade unsure cant switch someone around called hr advance reason,negative
dm,neutral
keep asking enter valid email address info saved worked hundred time,negative
trueblue site broken moment,neutral
em window seat tomorrow,neutral
airway corporation register high short interest wall street pulse,neutral
chance summer,neutral
mint service nyc san diego,neutral
cant change true blue point cant get phone,negative
mom wanted change seat along sister two different reservation idk,neutral
aw okay thanks,positive
cant pay buck xd,neutral
best seat e board early ready set go,positive
true there new livery new website,neutral
shouldve one flight instead lost bag add insult injury,negative
im set fly bad first date giant metal bird machine even brought snack,positive
im trying add flight badge account dont see option help plz,negative
okay new screen laptoplarge amp real nice amp wifi appreciated thanks god tiny lil man middle seat,positive
cheated im sorry ill never given wife worst start honeymoon ever,negative
feel nice weve got going let swap fool make better,neutral
yes hurt feeling walk mint fella dream happythem,neutral
dont talk friend like thefutureisweird,neutral
incidentally sheila jfk deserves raise shes awesome,positive
id like spread grandpa ash naples italy lived serving yr flyitforward,neutral
deleted tweet one wonderful employee swooped helpfaith restored one good one 👍,positive
statement lufthansa incentive offer stockhouse,neutral
lot people scratching head looking screen ignoring passenger,negative
thought thing sent,neutral
whats going lgafllpoor communication gate agent,negative
fyi android app set applicable nexus please fix phone tablet cheer,negative
order,neutral
foodallergy community want continued loyalty need better perhaps training,negative
insensitive foodallergies lifethreatening unsolicited uneducated opinion inappropriate reckless amp dangerous,negative
thanks fb message telling wait day im waiting,neutral
airway see significant decline short interest jblu wkrb news,neutral
plan offer direct flight jfk daytonabeach florida starting next february…,neutral
thank opening conversation hope make right,neutral
checked yesterday looked like something change,neutral
oh thought,negative
ceo battle appease passenger wall street waterbury republican american,neutral
bos ord,neutral
thanks line moved quick already done,positive
follow,neutral
nope none found,negative
may need minute layover min delay first flight,negative
may make connection need find option yet one,negative
nope currently sitting gate,neutral
name angel seriously cool truly fantastic service,positive
extraspeed line closed tampa give,negative
sent email,neutral
thank,positive
also emergency exit seat thats huge win,positive
friendly engaging personable handled clarifying question baggage fee well took interest,positive
dont know confirmation number name flight attendant supervisor,neutral
would love respond link supervisor tore ticket refused give name hid badge,negative
hey dre seatac check need raise stat dude gave amazing customer service made feel valued 👍,positive
respond friend cant respond directly,negative
ceo pilot among ardent fan wall street poughkeepsie journal,neutral
magic eight ball never steered wrong,positive
wanna help reimburse money cause band lose,negative
guy know musician sensitive safety instrument flying good reason,negative
ask teach marketing university gladly consult customer service treat passenger,negative
love respond positive tweet ignore problem w customer ask nola musician shameful,negative
im game youre buying,neutral
thanks,positive
mark th year new bluemanity plane design sun sentinel,positive
call made inflight crew fact asked u didnt bring,negative
last week bought plane ticket round trip fl amp fun look price today went nothappy,negative
youre welcome 👍👍👍,positive
ever looking intern,neutral
greatest airline ever 💕✈️💺 truebluepoints jetbluemember,positive
free wifi board best thing thats happened since sliced bread,positive
middle seat sfo gt bos fun keep getting credit would much rather working tv,negative
disappointed werent allowed bring aircraft approved carseat empty plane cool,negative
beatriz susan gate mco,positive
handled question like social medium pro good practice transportation system run friendly ai,positive
maybe supervisor find international checkin ftl hasnt moved minute yet employee picked pizza,negative
third flight row wife tv working,negative
wonderful thing,positive
personal email contact complaint know,negative
whats website cant access flight info,negative
thought,neutral
flight booking problem flight dc visit easter weekend started difficult ended well guy big fan,positive
i’m getting “it depends” vibe fair enough,neutral
flyfi thank seattle udub come,positive
know bar wish,positive
great flight orlando hartford week ago great get time arrive early,positive
increase charter service cuba travel agent,neutral
guy continue impress crew mco gate helped family seat issue professional,positive
loving free wifi legroom ✈️ seattlebound,positive
missing point flight left hour late flight allowed late flight still charge hr,negative
get leg room tonight b,neutral
nd time flying jetblue year armrest tv controller doesnt work agianand thats main reason fly jetblue 😔😓😤,negative
thats said last night though,negative
two team serve cinnabons flight bonsinthesky,negative
anything flyfi,positive
hey guy remembered lol bos flight delayed turn heat feel hotter pr,negative
celebrates year anniversary new livery,neutral
spoken rep im allowed check bag tsa checkpoint guarantee talking someone,negative
min line stood drop bag,negative
credit replying i’ll look forward hopefully one flight home tonight,positive
great flight always thank great crew flight travel jetblue,positive
got txt min sched dpt saying plane arrived jfk late flightr txt w dpt gate change dpt flight,negative
allowed drop bag flight running min late flight turn left hour late flight,negative
youre killing got smitten trueblue,positive
son left ipad flight jfk fll monday called left message heard back seat,negative
min response time im impressed im official trueblue jetblue get social,positive
thanks listening doesnt mean dont appreciate,positive
taken care dropped call total half hour wait love jetblue,negative
thank incredible customer svc gate flight mint experience magic,positive
thanks next see slog jfk city go,positive
social medium take flight fly likeagirl brand lesson learn smm brand,neutral
lekvhg want see cost would change flight,neutral
stood last night im giving second chance im boy tweeting airline asking fly home,negative
waited min got disconnect,negative
huge thanks crew flight flew dca sju monday night snow could plane,positive
cant make change website still charged dollar using phone,negative
planning btw excellent service crew dca sju sxm,positive
yes yes great trip thanks lift,positive
hotspot free wifi make happy jfk itsthelittlethings,positive
agent iad compounded problem making announcement jetbluemess,negative
head page longer exists,negative
deal,neutral
think well need selfie proof,neutral
wonder thats pilot tweeting back legal tweet fly plane front stop suddenly,negative
gorgeous day hope flight back tomorrow pleasant thanks,positive
say update dont work dont get paid jet blue money flight argh,negative
news gate option,negative
okayim actually tea kinda guy anyway thanks,positive
well im glad got sit airport place else id rather,negative
guessing call someone,negative
scheduled,negative
iad jfk still hasnt boarded whats today excuse gonna get work,negative
every time fly jfk even speed doesnt work waiting min nogood,negative
change flight already printed boarding pas,neutral
always pleasure ☺️,positive
lovely,positive
dump amex nassau news live,neutral
drop new video upcoming project thetakeover produced yponthebeat rt,neutral
end partnership american express,neutral
mark th birthday blumanity paint job blog,neutral
ceo battle appease passenger wall street,neutral
change air traveler investor,neutral
finally taking lasfllsju letsgo,positive
anywhere warm cause freezing nyc,neutral
client got zero year career never thought possible suitcase worth thousand italian clothing robbed,negative
flight fly way mind taking ocean approach sleep,neutral
mention fact paid extra fly jetblue thinking reliable,negative
even went airport phone hr help everyone said different thing,negative
people kept saying due weather flight going directly boston even flight,negative
understand everyone said different thing flight late flightr night one u got take,negative
disappointed flight back boston pr cancelled flightledrebooked next daydelayed one compensation,negative
great trip today thanks crew flying u home fantastic,positive
celebrates year anniversary new livery digital journal,neutral
awe guy great cant wait travel soon,positive
yes announced take youre thank,positive
also thanks prompt reply im really impressedand youre brushing much appreciated,positive
booked orbitz email correct there middle party,neutral
since ive angry tweeted airline apparently read mind could bitch thank credit,positive
jfk airport right,neutral
thats pretty nice flight credit automatically given flight also wish lounge could sleep,neutral
valentinesday email point amp clever thanks amazing jetblue loveisintheair,positive
claimed happy way treated,negative
ripped suitcase yelled attitude geraldine employee baggage centerworst airline jetblue,negative
shout crew flight headed back big apple kept glass half full whole flight jetbluejfk,negative
make sense suck though ill stuck airport hour late flight meeting,negative
thank help quick response,positive
new ceo seek right balance please passenger wall daily journal,neutral
flight ewr fll,neutral
hi know pastor homeschool mom might like spirited em contact prefundia,neutral
dont know u define controllableirregularity,neutral
gate agent said original plane got deicing fluid engine created short took plane service,negative
big shoutout crew bosgtjfk amp jfkgtroc amp gate crew c bos amp jfk long day delay made better,positive
hour delay supposed land pm still boarding epicfail,negative
first airline use applepay flight airline,positive
hope system wasnt hacked cause someone elses passport info reservation amp couldnt get boarding pas,negative
thanks u hang tampa airport forever today really awesome experience,positive
new ceo seek right balance please passenger wall alaska highway news,neutral
honestly i’m glad didn’t cancelled flight flight i’ll driving home,negative
bag delivered item stolen first look kate spade bag bottle spiced rum wtf,negative
im disappointed flight cancelled flighted mostly excited listen song im blue flying jetblue,negative
friend picture phillip heller jfk ifc said delicious,positive
flight delayed x still taking time amp greeting seat yes gum amp garbage,negative
awesome thanks thanks quick response guy rock,positive
sent,neutral
app reminded flying fll week chillycvz thankgoodness family friend sunshine,positive
sure email screenshot link,neutral
wanted say flight attendant fitz best tonight flight bwibos great guy made flight fantastic,positive
bag supposedly boston,negative
received invitation participate erewards legit jetblue double checking bc site looked different,neutral
dont know one would tell coming would guess thats change flight,negative
get sunday due weather ok monday theyre busy crazy,negative
email way,neutral
supervisor humiliated u uncompromising completely blindsided,negative
offered pay tix airport bc never told reservation didnt go told could pay pp,negative
right completely pissed,negative
ive shampoo winter coat deodorant flatiron rest stuff since sat,negative
sil bought tix u nyc told gate cc declined supervisor accused u illegal activity,negative
dispatcher keep yelling hung,negative
call still warehouse might going tonight,negative
couldnt sun supposed mon pm today,negative
flight dca bos heat ohno bundleup leastthebeverageswillbecold,negative
yep tomorrow,neutral
“ unfortunately thats available option current system sorry guy thats certain fail fix plz,negative
received horrible customer service lax reservation cancelled flighted without notification despite confirmation number,negative
flight cancelled flighted need file claim credit im entitled per yr bill right issued,negative
take info beginning cut call back medical practice frequent flyer,negative
definitely new favorite airline,positive
try thanks else fails old fashioned method tomorrow morning,positive
date cant update via google play,neutral
issue mobile boarding pass app keep crashing try accessing thanks,negative
becomes first airline accept apple pay future travel experience,neutral
well new baggage fee fare structure reduced legroom turned every hated carrier u congrats,negative
thank excellent customer service resolved issue quickly,positive
yes well operating outside terminal targeting vulnerable passenger better thief,negative
thats option u help fix wouldve made change earlier given accurate info,negative
well saying flight going cancelled flighted amp changing earlier missed chance get tomorrow,negative
tell employee,negative
even responded quicker via twitter fail still hold hoping one book flight fail,negative
ah yes put bag floor instead overhead bin one trip safetyfirst sarcasm,negative
exactly leave note,negative
accepting apple pay mobile enterprise,neutral
guy really bad fail someone better call wife back get handled wait hold,negative
fail wife phone asking switch flight time mid switch get disconnected cancelled flightled new time call back,negative
thats great thank,positive
tried u towed think ill flying terminal risk fine corrupt police official,negative
selfie flight jfk orlando,neutral
ticket issued whilst delivering customer,negative
understand policy targeting passenger good business addressed security,negative
always fan maybe next time ill fly real customer service,negative
agree frequent tweeter discount could fly see friend 😀,positive
understood could go put standby list hour prior flight,negative
whole plane hoping better luck return flight sunday,negative
im penalized packing lightly bag paying extra seat,negative
dropping passenger small baby infant san juan terminal unloading baby officer writes ticket,negative
tv wifi spotty nice feature x country flight still wont keep u away lovejetblue,negative
technically could drive jfk put request tomorrow flight,negative
pay extra space forced put backpack seat bag flight unprofessional,negative
b morning boston beautiful san diego really bummed satellite broken,negative
knew done gate correct time gate open,neutral
philly lost read program customer get hot tea great crewmembers top notch info amp book,positive
flight njb here looking blue kid departs enroute,neutral
punta cana enjoy weather n see wife family,neutral
glad see going fix please dm confirmation check,positive
lost business enjoy profit,negative
would drive hour jfk board jetblue vega instead closer hartford airport cramming seat planeno,negative
sure tsapre work airline jetblue different,neutral
call thank,positive
yes today flight full said gate,negative
departing flight boston heavily delayed flying tomorrow morning,neutral
still love guy get vega already ☀️🌴✈️🍸🎲,positive
gary serving u fll airport counter really true blue make feel home even jetblue flight delayedl,positive
way switch earlier flight jfk even checked bag,neutral
flight delay horrible planning jet blue jetblue,negative
insane craziness ive seen jet blue today newark delayed hour waiting pilot jetblue,negative
hi upcoming flight west palm hpn flyfi,neutral
tried lovely customer service thank,positive
happy accommodate peanuttreenut allergy flight st online cover air provider,positive
always happy help,positive
landed thank anyway btw flight staff flight wonderful despite full day heavy load,positive
delayed arrives,negative
highlight delayed freeconcert,negative
whose performing,negative
nd bag st bag full,neutral
flight first officer even airport wow unreal staff waited boarded announce delayed,negative
ceo battle appease passenger wall street,positive
tsapre work every airline pay good money spent min phone fix zero success,negative
thats right game set match,neutral
yes time need one call help change flight cant online thanks,negative
pls send tech baggage office poor guy trying print claim amp cant need get home upgrade printer mfps,negative
take place simply cantlike nonstop st lucia,positive
flight njb blue la la departs enroute san juan international airport,neutral
make happy hope arent empty promise,positive
dropped x past hour,negative
seriously want work jetblue social team rt,neutral
call we’ll hook,neutral
ive called x amp waited hold min time disconnected time enraging need speak someone help,negative
usa help line accidentally booked flight thursday instead wednesday want switch,neutral
wellpriced flight oahu could best friend,neutral
dont need anybody else,positive
idea plane flight coming thought flight jfk wouldnt explain delay,negative
spoke rep phone suggested voice concern via email u site moment ago,neutral
pls find bag need get home frustrating hope bag somewhere leaving jfk wo luggage,negative
tried calling multiple time wait finally connects get hung,negative
airway see significant drop short interest jblu mideast time,neutral
yet notify im new 😊,neutral
dont worry im gonna share row 😁,neutral
first base already like style,positive
hold min couple ring mailbox set yet customer service forwarding cell phone cmon,negative
home airport count badge system tb account say flight ive taken year,neutral
bag check cut minute original departure time estimated time shown online,neutral
know guy jet lol love much help brother hot weather great nightlife hour flight,neutral
airway add new charter flight cuba travel wire blog,neutral
aww guess need book flight somewhere warm asap suggestion,neutral
love traveling jetblue cant wait go paris oui oui nyc awesomeee,positive
customer service ment anything would try quoting policy never effective customer service,negative
thank possibility change,neutral
good,neutral
thanks upgrade😉 far good keepitup,positive
thank like quick response twitter,positive
could beginning bluetiful relationship lifeneedsfrosting,positive
apparently,negative
delayed flight,negative
continue button generated trip plan trip page regardless far along flight booking problem process hint end,negative
mark th birthday painted blumanity paint job,neutral
would fly washington dc see actual constitution declaration independence honor u navy friend,neutral
name tailfin,neutral
new ceo robin hayes battle appease passenger wall street business savannah,neutral
“ we’re looking next flyingitforward flier dc tell u youd fly amp,neutral
haha youre everything right dont change thing slash twitter engagement make even cooler bestairline,positive
thank sent msg,positive
get email thought wasnt supposed reply those😂,neutral
applied job pdw could go follow id really love job ilovejetblue,neutral
connecticut❄️,neutral
would fly somewhere hotter puerto rico come lol,neutral
great smooth flight 👏👍,positive
would go rd time jamaica volunteer w risk youth flyitforward dc stpatricksfoundation rotary,neutral
airway short interest january jblu sleekmoney,neutral
would love fly best friend home pvd weekend 😊,positive
depart washington dc,neutral
remember im doubtful hopeful,negative
thank service credit positive thought,positive
ill give u chance dont think ill fall backtodelta,negative
great thanks,positive
responsible replacing,negative
new stroller travel credit doesnt help cover cost new stroller crew ruined therefore,negative
spoke baggage claim center gave travel credit responsible cost,negative
heard charge st bag tighter seat need loyal jb customer anymore,negative
im getting info website needing check alert would much beneficial,neutral
something going alert flight delayed several time parent im receiving alert,negative
love flying great service,positive
new ceo seek right balance please passenger wall time colonist,neutral
haha figured meaning there return flight charlotte like na week plus,neutral
rocking tim mcgraw hold music,neutral
thank livery culture crewmembers embody daily thanksdave,positive
tomorrow ric bos looking good better rescheduling,neutral
hard tell told wifi worked one side plane,negative
learning famous apology social medium marketing twitter asset jet blue,negative
learning awesome twitter management today social medium marketing class keep good work,positive
normally ❤️ late flightst flight experience worst hour runway wifi amp tv working properly,negative
doesnt matter directed principle matter gate checked stroller,negative
bluemanity brought tear eye jetblue commitment giving back crewmembers community aww inspiring,positive
day maybe,negative
it’s,neutral
well try see soon,neutral
like inflight snack im flying guy jvmchat,positive
awww r realtime appreciation jetblue rockingthetweets jvmchat,positive
good want extra peanut flight lol jvmchat,neutral
yes great realtime example thanks awesome jetblue jvmchat,positive
alittle money book flight way,neutral
haha didn’t disappoint well done jvmchat,positive
little month ago guy great thanks everything,positive
figured delay listed almost hr thanks great cheer,negative
flight say delayed estimated departure listed arrive airport late flightr,neutral
new ceo seek right balance please passenger wall weyburn review,neutral
glitch website flight booking problem travel amp checking nothing ur site amp airport communicated nightmare,negative
thank,positive
okayyyy huge iron way promise shenanigan,neutral
get copy last flight showing original time delay need work thanks,neutral
much paid fee plus hotel food change could flown reliable airline nojetblue,negative
ceo battle please wall st flyer,neutral
huge fan great brand people great things… guy rock happy share love,positive
dealing cancelled flightled flight since last night amp booked flightwouldve least liked see ella perform lol,negative
tough choice simultaneously business traveler best experience long time wishmyflightwaslonger,positive
thanks great service already lovejetblue,positive
didflyfi worked well free aboard flight,positive
telling got get another hotel foodso spend money guy made miss connection,negative
already spent stay hotel last night due guy rescheduling flight since cancelled flightation ive spent almost,negative
seems likely,positive
rude unhelpful suggested catch flight tomorrow supposed home today work waiting,negative
ceo battle appease passenger wall street,neutral
unfortunately hoping catch one sometime near future,neutral
flight delayed hour insane every flight made nyc,negative
ah wish good luck,neutral
continue,negative
ok great thanks great flight fyi im excited fly frustrated able check,neutral
want deal customer service agent practical knowledgeprovide direct contact,negative
got flight reschedule flight form pit fll flight mechanical problem delayed hour missed connect,negative
well lucky fly jbi guess would even squished airline 😞,positive
phone agent pls peggy pleasant informative delivered ⭐️⭐️⭐️⭐️⭐️,positive
hopefully next time send future itinerary next one planned im 😂😂,neutral
omg wish flight today haha there always next time fun lft,positive
request nothing rescheduling customer service bad attitude today badservice,negative
busy due storm customer service always point ever getittogether,negative
fine fly haha come random hemophilia need extra assistance,neutral
oh hell im waiting get hung speaking rudeservice people,negative
new ceo seek right balance please passenger wall daily journal,neutral
thank miss much link blog changed,positive
internal bleed foot flying next tuesday leeds come randomly,neutral
cant view seat selectionchange seat flight tomorrow look,neutral
whats link flyfi,neutral
today jetblue flight nycgtbos delayed app say time website say,negative
offer service daytona beach new york albany business review,positive
please provide direct email explain,negative
hear new thing plane flyfi check flight im going take,neutral
ceo weighs profit flyer registration,neutral
flight delay due pilot oversleeping apparently uncontrollable irregularity eligible delay compensation,negative
sitting plane jfk waiting take door open catering stocking delayed couldnt nicer,negative
really caring,neutral
worry delay minor dealt nicely captain flight way,positive
thanks flight leaf shes arriving airport early wedding vt sept grateful fly btv,positive
ceo weighs profit flyer registration,neutral
really getting nerve 😡😡 nothappy,negative
new ceo seek right balance please passenger wall greenfield daily reporter,neutral
better time call flight friday need change worried may hold,negative
one agent available speak,negative
dm possible arent following,neutral
fortunately staff like lynn deedee actually understand customer service simply nice,neutral
hung another waste hour time supposed book one way award flight badwebsite,negative
never received horrible service treated poorly richard p today excuse attitude amp ripping ticket,neutral
youre killing inside,negative
new like new love aa impressed subpar plane gate agent,negative
moved delta direct thank accommodation,positive
agree richard p literally ripped tixs face made rude inappropriate comment u family awful,neutral
flight phoenix deboards passenger going salt lake city cant resolve simple bathroom issue fail,negative
always fun get screwed earlier flight isnt full crummyservice whydidntiflysouthwest goodluckamericanair,negative
shout cathy vega airport checkin hooking u,neutral
oki know door close minute takeoff stop telling flight leave minute havent boarded,negative
finally got phone hour wait time,negative
stuck minute due lavatory issue beverage snack customer service flt pho fail refund,negative
issuing travel advisory clt thursday significant snow storm way wednesday night,neutral
ive hold change date ticket hour someone please assist unacceptable,negative
thanks making impossibly expensive change flight leaving less hr earlier reservation lesscustomer,negative
well miss gate agent rebooked boarding pas waiting landed time lunch amp beverage easy cheesy,positive
cant get anyone phone help award travelpurchased extra mile minute late flightr mile needed raised,negative
havent issued travel advisory charlotte wednesday night thursday inch snow,negative
need help ticket dm,neutral
deedee lynn great phx richard p jerk rude u parent reason,negative
thanks making miss meeting dallas dollar toilet 😊,negative
two tight connection charlotte frankfurt,negative
said way get plane leave would make connection fee instead earlier late flightr,negative
thank calling cheapoairchat,positive
ur response inconvenience matter u wanted sit xtra night city wout comp donotflyusair,negative
forgot password dont know username correct want use mile,neutral
question friend flight got cancelled flightled book flight leaving chs philly germany,neutral
yes confirmation number,neutral
know suicide second leading cause death among teen,neutral
getting sorted thanks,positive
sadly im currently booked one flight tomorrow changing,negative
certainly impression shes,neutral
standby far two u snow storm hitting iowa tomorrow could stuck two day,negative
thank,positive
know left something last flight literally run make connection retrieve please,neutral
cant check online flight tomorrow,negative
standing gate min trying go standby bc miss connection help fly u airway,negative
assured pleasant woman gate b albany ny life perfect id heard enough,negative
get receipt change fee originally booked mile,neutral
u didnt bother following booked understands cust srv provided lunch delay amp upgraded seat,negative
even offered fly another airport said couldnt explanation cant,neutral
travel advisory coming carolina bad weather,neutral
error w preferred status amp im able reach agent via phone travel friday need resolved contact info,negative
pilot forget log book waiting plane min alsonodrinkcartcomingaround,negative
already one person said couldnt anything another said didnt know first person talked said,negative
hour hold far,negative
rt nice another delay second one trip left engine leakingwhats next usair nothappy,negative
want love minute hold help understand switched loyalty program,negative
minute nice customer service got going,negative
minute hold far still havent spoke human never using,negative
email address page,neutral
idea upset frustrated right ill sure follow never flying,negative
person go number one standby list number twelve three hour super platinum diamond status,negative
forget reservation thank great leadership company ive cancelled flighted flight thank,negative
great job today team challenging weather delay flight charlotte travel friendlyteam,positive
airport snow removal method keep good work folk cessnas become,neutral
cant even accommodate u letting u fly another airport horrible service fault,neutral
saturday snow dc area excited flight cancelled flightled sad went missing,negative
love guy amp im gonna let finish ive hold hour trying book flight w voucher,negative
helpful employee changed boarding zone would space pump disciplined fail,negative
need talk person bag waiting hold two hour bag sb delivered last night online say found,negative
call amp wasted hr hold change coming divided award weather relate flightd flight yall disconnected x please help,neutral
dont want sympathy want someone make effort find bag,negative
spoke someone told breast pump arent medical equipment planned better,negative
referred back baggage service left airport seat,negative
thank much,positive
left personal stuff u phlbos hour ago went baggage told plane left call,neutral
first impression hard reverse horrible first experience never fly,negative
phone number email address customer service,neutral
going planned understatement flight changed werent family emergency id cancelled flight,negative
hour plane least got u direct flight couple hour late flightr united,negative
sadly didnt help meeting work today seeing presentation major strike,negative
eye looking pandu better chance bringing home,negative
bag still lost get anyone phone assist tracking update stopped,negative
thanks,positive
make reservation,neutral
didnt make reservation yet changing name dividend mile account,neutral
minute im trained cmon cant better,negative
qualify free st checked bag applied checkin using companion ticket,neutral
direct number dividend mile account info every time try get actually hung,negative
trying use chairman upgrade cert flt told option open seat thanks,negative
ive trying call since yesterday keep getting hung get,negative
whats charge oversize overweight,neutral
legal last name technically name change used wrong name,neutral
award travel ticket cannot since different last name simply need change,negative
hi dividend mile account accidentally listed newly married name opposed legal name trying book,neutral
ok thank you…i call spain u seating assistance,negative
check bag final destination even though bought separate ticket iad phl phl israel,neutral
day coffee amp working toilet read domestic airline whining foreign competition coincidence openskies,negative
much check golf club flight might oversized,neutral
i’m unable use departing flight still use returning flight,neutral
possible cancelled flight reservation online,neutral
ive hold rebook cancelled flighted flight two hour know weather huge impact anticipate,negative
hold hour believe overcharged flight need immediate explanation help,negative
thank although using mile card flight booking problem companion ticket booked phone,neutral
made thx,positive
still hold hr minsthank god chairman status status match,negative
phone line call isnt affected bad weather trying book vacation 👀,neutral
worst customer service cant even get rep gotta kidding,negative
maybe hold minute would amazing,negative
real live person talk person whose luggage lost day vacation wrecked,negative
clt departure delayed hoping make connection lengthy take delay endless taxiing clt,negative
im glad retweeted otherwise would ignore numerous tweet sent fucking amazing,positive
frustrating still gotten back bag sent ny mystery shame time,negative
never travel u airway flew la dc last night nd time airline bag didnt arrive,negative
haha worry guy best spelling name correctly,positive
like call iv trying since yesterday one answering,negative
csr phl suck flt get cxd get rebooked next day standby hopeful,negative
hello anyone behind twitter account badcustomerservice,negative
keep getting hung please respond book ticket wont able buy one unless speak someone,negative
hey yeah last time got phone call flight cancelled flightled dca bos,negative
prepared weather want find take train phl catch connection,negative
deciding wreck vacation losing luggage cancelled flighted flight go maneuver,negative
see board tomorrow,positive
hold minute calling flight delayed type service acceptable,negative
hold hour something could done less minute availableyour site ux awe full,negative
drop fee rt make sense eu airline charge charge reasonable,negative
understand still able view reservation online,negative
another fiasco national forever jet gate flight rdu,negative
good know phone customer service still impaired due bad weather week ago jetblueanyone,negative
ok day trying book flight ur system still say due weather…call back late flightr outofbusiness,negative
thanks ruiningmy vacation best could done without,negative
honeymoon delayed day gas cap screwed flight frustrating,negative
policy need serious revision baby fortunately choice choose,negative
still ignoring question usairways consistently providing poor customer service,negative
hotel still dont work folder business casual clothes worst,negative
oh got right agent kept putting hold still didnt fix problem,negative
reflight booking problem event im flying attend waiting jetway driver still tarmac,negative
baggage team recording tell bag still hasnt found delayed baggage link web conveniently working worst,negative
trying week use,negative
give free baggage mess,negative
gate traffic dca flight arrived earlyconnecting flight leaving minute several u stuck hold plane,negative
really feel like company need evaluate policy amp realize transfer possible ticket,negative
know probably way get cheaper airfare ticket flight leaving hour 🙏,neutral
seriously see ive spent day multiple hour hold hang hour,negative
waiting flight right thanks,positive
add tsa pre number existing reservation,neutral
please someone call,neutral
back gate opposite wheel im sure well get thete eventually thanks,positive
r u aware wait time talk sale agent always minute unacceptable least employ call back feature,negative
amp flight cancelled flightled yesterday delay today robbed daughter day grandparent thanks,neutral
connecting charlotte houston mechanical issue determined qd take checked bag,negative
dm please regard update lost bag please,negative
need retrain u lead flight attendant gate agent arrival mke horrible attitude toward helping customer,negative
youre batting every flight ive taken delayed worst airline ever,negative
know customer service thank starting week vacay amazing note thank sarita,positive
arent updating flight statusdelays,negative
theyre also saying clt flight delayed youre showing system make impossible figure,negative
nope announced headed back gate,negative
pretty sure didnt actually take,negative
well horrible flaw system hour past day ive wasted ive got job amp family crazy,negative
sitting foot open gate,negative
wasted another hour life hold insanity another way use voucher payment online,negative
whats wrong plane flt,negative
two broken airplane two day late flightr im stranded funeral missing last semester college 👍,negative
day amp still luggage chkd statusawaiting asgmnt driver since yest,negative
flight clt phl st listsomeone else got spot rude employee coach wouldt give id said cute red head,negative
asked needed take yellow tag said told expect personal apology unacceptable,negative
since jan flight disrespect clt flt pm feb dca asked herba question,negative
nah flight next week inside chairman day window still havent released last open first seat,negative
flight clt morning snowing head airport,neutral
ive hold min trying change reservation,negative
uk citizen uk number could try,neutral
spent hour got nowhere entire experience epicfail,negative
changing flight explanation still dont confirmation disappointed service,negative
nope yet,negative
make sure never use incompetent airline luggage delivery hour,negative
flight cancelled flighted saturday luggage airport today im supposed delivered pathetic,negative
thank allowing spend money vacation buying thing already bought,negative
thanks much ruining vacation really couldnt done without,negative
like im trying leave earlier fun dont want get stuck dc bad weather rdu,negative
flexibility part would nice love theyre flexible amp trying take,negative
excited ill flying syracuse interview dallas friday fa position goal amp dream mine,positive
thank reaching hopefully request fixed remain loyal customer,negative
doesnt take day respond already open case,negative
great crew flight phx yvr tonight friendly efficient awesome job,positive
people going answer call,negative
pilot forgets show work ricky j gate agent give customer attitude usairwaysfail,negative
make reservation well make excuse usairwaysfail,negative
thank empathy story luggage thank reaching,positive
utterly unreliable didnt schedule pilot u flight seattle flight delayed usairwaysfail,negative
yes valuable time lost,negative
dont like lied bad weather dc md va ive stuck ca day shouldve home owe,negative
yes landed take another hour go min drive assured would,negative
disappointment bag arrived kept hr without option iah,negative
cant get back lost time,negative
flt rsw could extended courtsey waiting min u gate closed r face ur fired,negative
thanks however feel like system failed solution,negative
bag landed day late flight sfo pm still dont flight,negative
thanks much got thru phone amp everything fine love website amp app thanks working,positive
thanks nothing bought two tix disney friend cant go eat plus new,negative
hi im lga luggage clt told come back tomorrow collect guy want cover taxi fare,negative
instead fair treatment got nasty letter lady senior management illness forfeit mile like death,negative
year ago lost mile bc physically unable fly period submitted doctor note,negative
ive never treated badly,negative
im glad airline going swallowed american american always pick phone solves problem,negative
three month mile havent credited one going read email sent,negative
email get canned response take day mileage get credited three month mile,negative
tweet get response email dmsccom,neutral
helpcomplaint form website used matter applies actual ticketed flight,neutral
one pick phone day opportunity leave voicemail,negative
instead mile credited account open request merge account denied,negative
hr early send email share experience dont want blasting,negative
open credit card earn mile wont credit mile account restore forfeited mile,negative
took mile account told could restore paying opening credit card,negative
mile account informed id forfeit bc month inactivity,negative
automated one care understand problem im,negative
screwed big st flight hr late flight made nd flight csm daryl wouldnt let plane,negative
houston hub aa employee bag made pa oops problem,negative
charged card time one airline ticket card security hold,negative
yet see shortly,negative
ive flown u airway least five time every single time like action speak louder word,negative
flight bhm delayed hr connect flgt left u clt motel,negative
membership privilege anymore son army short window see help,negative
honestly quickly possible ive hold sine pm everyone answer send someone else,negative
done process initiated saturday morning cant get info website issue amp inadequate phone coverage get update,negative
yay glitchy tracking system bag made destination laguardia like app said,negative
really one book dividend mile travel literally hold since pm pm noexcuses,negative
yeah know doesnt get money back everytime fly something bad happens,negative
grace god made “ dont power hope make flight”,positive
everyone sorry dont need meeting tomorrow charac isnt nearly enough highlight shortcoming,negative
worst pay take first flight round trip otherwise theyll cancelled flight whole flight,negative
important wait hold get hung computer disappointed,negative
thank u wiil write call travel agency,neutral
terrible service,negative
disgusted poor customer service u wrongfully remove gt mile dividend mile live person,negative
please hold flight u phoenix im weary traveler stuck another flight tarmac issue,negative
live person speak day dividend mile wrongfully took mile account,negative
frustration result multiple experience late flightly currently lost luggage want talk real person,negative
cust svc mean nothing disappointed trying since speak human get bad weather bad service socialtantrum,negative
yes pay another flight get tomorrow since werent anymore tonightnot fun,negative
well thats problem considering need book flight tonight weekend anything,negative
bougth mc caren jfk agency delta airway delta refund money usairways doesnt accept refund,neutral
fault bought online get twice buy twice fault bougth ticket jfk mccaren usairways,negative
u cltgtsfo first desert snack basket incoming time what’s,negative
thank,neutral
transf held min b agent answered helped time got person fare id seen gone get supv,negative
actual worst zero respect passenger im officially done flying,negative
worst customer service line ive called time today able talk real human,negative
wasnt issue someone finally helped phone there website error wont let process request smh,negative
say call travel agency say cant refund usairways didnt accept,negative
fing hate,negative
travel agency said usairways accept refund money dont understand dont u refund,negative
yes amp already spent k card amp paid annual fee k mile shown want fly au gt atl,negative
use skyscanner travel agency called u said call travel agency,negative
finally spoke someone email refund dept love guy hour line told dice suck,negative
yes delta,neutral
well thought hour ago found seat,negative
flight bosclt awful experience exit row seat narrow could move leg unacceptable,negative
yes answered put back hold check request min late flightr nothing,negative
good hold hour,negative
expedia reserved ticket usaw flight issued responsivethoughts,neutral
worry flight attendant took care,positive
thanks getting back called number earlier option leave vm ring busy tone,neutral
ive hold hour well customer service department weak,negative
minute hold reservation,negative
breastfeeding momma watching story country better work faster response,negative
dividendrewards urgently need speak c rep k mile havent shown amp ive fulfilled reqs flight booking problem flight today,negative
ive hold hour bc cc mile arent showing mediocre combo cc amp airline switchingboth,negative
premium dividendmiles cardholder unacceptable hangup customerservice call twice putting hold,negative
bougth ticket fligths twice dont refund money big problem company refund money dont u pay back,negative
beyond ridiculous steering problem delay u neveragain wonder sell,negative
hi im trying speak someone book travel minor phone keep disconnecting please advise website wont allow,negative
pre schooler develop app thing crash every single time,negative
bad weather excuse following established luggage procedure noclothesnoinfo,negative
hold going minute spending hour delayed denver cause broken plane thanks guy,negative
failingyourcustomer one one,negative
look like long trip cancun philly hour late flight seriously,negative
yet another delaymissed connectionand customer service attitude wow,negative
unusable fund book usairwaysfailscustomers,negative
bring guinea pig small pet carrier onboard flight,positive
noservice good luck trying reach human twice sat hold min neveragain,negative
every single time fly guy delayed least minute every time flight clt nola,negative
ok flight attendant talk nasty passenger go get drink restroom shocked listening,negative
good work flight crew chairman recognition even coach many missedupgrades late flightly whats,positive
changed flight time trip bumped amp great experience never flying u air never,negative
cant wait never fly always delayed always lose bag rudest people planet southwest best,negative
sent email customerrelationscom work,neutral
sat ramp min missed connection one seems concerned usairways,negative
difficult work baggage claim dont answer phone,negative
lost id plane trouble finding contact lost found cleveland hopkins airport please help,negative
better intel said plane due flightaware app say,negative
likely flightaware say plane still durango hasnt departed,negative
little late flight suck rt oh mitchell agent happy offer available option,negative
hii travel question could please follow dm,neutral
didn’t,negative
general announcement,neutral
whats going u airway flight diverted charlotte,neutral
i’d suggest proper information dissemination staff timely amp relevant schedule prevent future,neutral
patient especially first time never fly,negative
seriously every flight past day delayed every single one terrible,negative
want heard discus many issue trip,negative
whats flight gate agent plane phx b nice customer service,negative
embarrassing,negative
i’m still disappointed apparently ok flight attendant isn’t current policy argue traveler,negative
yes know industry procedure baggage thanks helping 😉 impossible connection started,negative
agree per captain issue happened boarding amp sat plane almost hr,negative
despite tailwind… still late flight,negative
character enough convey issue directed emailmailtocustomerrelationscom unmonitored bad,negative
thanks sent dm baggage issue,positive
able locate insane trust pay look thing lost,negative
yet flight attendant argued exec plat benefit,negative
please stop asking week place bag size check itfits,negative
toe whether im going make flight back boston tonight,negative
need check candy w working flight iah phx usairways reason always choose rude,negative
explain come get free upgrade u exe plat exit row seating wout paying confused,neutral
yes ground crew finally showed plane could depart late flight,negative
delayed due tail wind need jump sea leaving time arrives chance hold,negative
submitted request would appreciate call eastern thank,neutral
need email customer service help question please provide email address,neutral
significant number folk connecting minute hold would make many happy,neutral
help,neutral
anything done make flight attendant aware aa member benefit embarrassing argued happened,negative
question need talk someone email give email address thanks,neutral
well certainly nothing happening front scene noaccountability disappointing,negative
hour tarmac charleston still cant get response week unacceptable,negative
customer service best rachel took great care u phx airport,positive
amp plane grandcayman,neutral
never fly u airway,negative
strike againlate flight crew trip maintenance worth extra trip less hassle fewer delay,negative
follow dm,neutral
get bumped pm birmingham delayed pilot scheduled dont enough hour together fail,negative
yes thanks took forever,negative
far delayed goes… look like tailwind going make good news,negative
horrible travel day w airline flight birmingham cancelled flightled w notification couldnt get,negative
asked sop said “it now” yet flight nothing policy,negative
i’m asking… non upgraded flight attendant came amp greeted amp thanked business bc exec plat,neutral
hr traveling welcome u back home u hr layover get watch going wrong destination,negative
really embarrassing asking complimentary drinksnack detailed amp argued,negative
disappointed service received travel nc past day lost baggage twice,negative
question downgrade include losing first class get money back,neutral
given,negative
said could move thursday flight free call number hang,negative
even going acknowledge bumped flight weather arizona,negative
moveup policy really suck united hour policy status wanting move,negative
great management twitter account thank,positive
impossible change buy preferred seat via app,negative
good understand terminology merger brings new verbiage,neutral
priv chat help chairman reroute,neutral
new marketing song let u know think,neutral
customer service department intent ignoring email query badservice usairways,negative
help chairman flight phx connect sjc miss connection reroute please,neutral
airway joke never dealt worse service,negative
great called fucking phone number hung,negative
found thank,positive
thats lie,negative
also explain checked u airway site amp picked standby st put list,neutral
customer service recording say busy assist hang great touch poorservice,negative
lack customer service shined need step get lost baggage delta return,negative
operate flight without maintenance issue flight inout dca cancelled flighted getting old update fleet pls,negative
took away st class seat love chairman preferred assigned row seat b middle seat,negative
patience connecting flight need guy every time travel every single time,negative
plan changed u call bein able park time plane w hr layover n b able make ur connection seriously,negative
receipt conf thur flight call help literally hung bc wait time help,negative
practice give st class seat u air employee giving chairman customer sitting coach,neutral
thank resolving issue direct flight sfo,positive
would help flew bigger plane tlh team mate made training,negative
ok thanks,positive
trying get plane phx rno gate saying flight downgraded,negative
put hold number loooooong time help lostandforgotten,negative
never unpleasant travel experience life might get flight till tomorrow insane,negative
direct flight sfo leaving airport please put one,neutral
awesome door close minute flight leaf minute plane got wth,negative
ill check get airport thanks,positive
ticket counter people helping want charge money even horrible day,negative
ha flight ctl delayed going miss connection please transfer another airline asap,negative
thanks reply good note pilot nailed landing seriously kudos,positive
flight ctl catch pm flight sfo empty seat flight wasnt offered awful service continues,negative
fly back charlotte different airport guy flexible like airline,negative
checked standby st class find list merger pain,negative
great flight delay thank,positive
hold minute better time call getting ridiculous,negative
exchangecredit policy worthless shadier white house dissatisfied nine right,negative
honest question way ticket charlotte hub lax nd biggest city usa almost,negative
one downgrade flight,neutral
im shutting data flight want response time land hour,neutral
happened u couldnt get u home next day flydelta flysouthwest flyjetblue theyareallbetter stillnobags,negative
never fly,negative
exhaustion traveling n runnin thru airport tryin rent car n killin family anybody road,negative
offering give bag usually force passenger state shock,negative
power trip felt completely threatened unsafe angry derrick bussey dca would like reiterate,negative
thank putting flight leaving late flightr original flight booked,negative
would willing give benefit doubt say misunderstood went,neutral
look flying rock time bird plane nah never mind rock,positive
doesnt take account cost rent car drive home,neutral
even single unreasonable human planet earth excuse treatment,negative
supposed business belong customer humiliating,negative
way treat woman want someone contact explain make acceptable,negative
citizen fly airline constantly offended derrick bussey im cry airplane im upset,negative
really know leave someone stranded funeral prop guy really making perfect monday,negative
friend telling gate attendant stewardess going notourfaultyoudontuseyourgatesright,negative
allowed carry suit bag carry bag suit bag hang like jacket would soft sided,neutral
owes tammy winstonsalem call center keeping customer,positive
jetway felt disrespectful never treated way particularly trying good c,negative
disrespect cannot even begin explain issue woman literally yelled pulled,negative
happens isnt located,negative
want speak someone immediately shaking rage offered hate check bag derrick bussey treated,negative
bag fee golf bag domestic flight,neutral
okay u cancelled flight change flight good u cant logistically figure plane come time,negative
thanks asked change cost desition nade computer late flight,negative
hi guy general enquires email address please thanks david,neutral
actually cared would one thing sound like dont like told lousy service,negative
idiot kept time plane tarmac hour forcing u minute,negative
cust svc let slip previous cust svc lied supervisor amp corporate ph change tix thx,negative
following,neutral
sorry didnt realize wasnt following,neutral
please fix reservation phone system weatherbackup could possibly bad day goodgriefpeople,negative
made thanks help,positive
huge prop parizad checkin sacramento help friday get u home airline delayed,positive
additional charge golf bag club shoe golf ball thats piece luggage check,neutral
flight voucherconfirmation code enter checkout page flight booking problem pls help,negative
rock hit plane delay never easy day u airway ya never fail let,negative
fyi ill writing registered letter ceo line shameful treatment reaction got,negative
guy cancelled flightled two flight yesterday checked bag huntsville went missing philly,negative
apply ur credit card automatically get companion certificate wait,neutral
customer service failure aside one would think guy would care inaccurate manifest im sure tsa would,negative
find funny responds dont customer service worst wedontcarebecauseyoupaidalready,negative
get b guy door say door close minute back yet know fact people short,negative
flight rebooked want change seat upgrade st class help phone,negative
need speak customer service agent today pm unfortunate incident discrimination today,negative
slowest baggage claim ever,negative
dont blame weather rep counter cost entire day weather printed boarding pas late flight takeresponsibility,negative
late flight,negative
delay due refueling control thats true never want fly u airway,negative
shout diane eyw helping get u home today instead tomorrow even little late flight,positive
made huge relief thanks help,positive
getting u rest bag please received help,negative
im trying get dad wheelchair one answering dulleswe tried call back onmultiple time,negative
boarded waiting take hopefully,neutral
thanks hope maybe put good word,positive
u feb arrive hr late flight checked car seat missing replacement available yet arrive hour late flightr,negative
guy lost luggage,negative
u feb kim say leaving minute paperwork done wheel hour late flightr,negative
u feb hour plane u airway representative kim enters deteriorating picture unhelpful assurance,negative
thnk responseall flight full couldnt get tmrw cancelled flight go wother airline,negative
u feb ground power short third time weary german passenger deplanes make jealous auf wiedersehen,negative
u refuel weve sat long pilot announces truck look left actual announcement,neutral
thanks bag went wrong hour dca san weather issue acceptable,negative
trying chg ticket staff member leaving org flywere nonprofitcant make exception,neutral
speak human need find bag delayed website telling different thing got hung x,negative
u one water run planet smallest water bottle applaud looking environment,negative
u nope getting hour plane pilot announcement one water run planet smallest water bottle,negative
u wait gate opened back go good maybe get,neutral
u uh oh gate truck come u,negative
u returned gate get mel sticker oh look heard pilot clue mel sticker anyone,negative
spent hour phone got,negative
u lost ground power three different time grounded endlessly without air light entertainment,negative
u pilot started flight announcing arrival gatwick heathrow moment concern aboard,negative
u stated issue one around close said door strange hearing pilot long period,negative
seat flight last night worst seat ive ever leg room dividendsmember,negative
one worker rude u tell dm cuz wont good publicity,negative
u stated issue plane moving cargo door open plane umm ok little strange,negative
flight delayed missed connecting flight stuck philadelphia night hotel voucher thanks nothing,negative
u stated issue kept plane ground allow connecting passenger flight board fine understand,neutral
speak human compassion wrote email discus experience received generic sorry email back,negative
take look f seat filled someone upgraded friend instead following rule,negative
back line terminal phone guy couldnt help one person front min wait,negative
understand im resorting twitter help available gate occurred phone afterward,negative
going miss connection due another tarmac delay u need flight home today please,negative
im expecting reimbursement unprofessional decision u feb check full complaint box,negative
whats deal flight dca phl boarded time left gate min late flight sat tarmac,negative
stranding student trying get birmingham clt overnight wo help better,negative
really need help asap please make quick thx,negative
well going help ivebeen hold hr amp client want ff nbr record he elite waa,negative
hi lost father wheelchair every time call get voicemail dad need go home please dm,negative
segment delayed gnv gt ctl ctl gt jan jan gt ctl ctl gt gnv year flying guy way go,negative
charging take flight lol last time fly,negative
yes say bag delivered local number say open asked main cust service got hung,negative
row flight today youre looking specific run home depot wd need,negative
seriously buy wd operating flight geg phoenix every seat squeak w every shift still ground,negative
would happily wait terminal near food restroom non irritated passenger,negative
let passenger board issue hour amp pilot doesnt know well leave,negative
anyone help still hold,negative
oh yay gate agent decide deal upgrade list bump whoever closest,negative
site show ontime flightaware site show delayed trying decide get ice catch flt phx,negative
absolute worst airline woman inconvenienced due maintenance issue stuck care given,negative
flight amp customer relation extremely disappointing faced many problem type apology towards flight joke,negative
sitting phl rude customer service agent,negative
flight get paperwork inputted taken hour sittingontheplane hungry,negative
hold customer care wonder someone pick phone pm,negative
flt get gate den minute waiting information,negative
lot fun removed top list manually readded bottom thanks club agent thanks lot asha dca,negative
delayed flight wilmington made miss flight charlotte figure take arrive time,negative
wow unbelievable treat customer puerto rico airport 👍,positive
usually sorry doesnt involve moving people middle seat removing upgrade list guess thats club perk,negative
dont worry used initiative arriving much earlier planned,negative
nice try gate making traveler traveler put bag size guide oversold sorry minefits,negative
horrible service wrong plane arrived many confirmed passenger could get flight paid due lack seat flight,negative
trying book award travel leaving redeye sunday night midnight book date sunday monday,neutral
booked flight mnth ago seat confirmed small plane arrived allowed board bcs seat horrible service,negative
frustrated checked bag logan given luggage ticketnow luggage lost amp ownership,negative
breathing heavily super helpful thank,positive
aye nothing automated system doesnt work properly anyway got somebody,negative
okay great thank,positive
rebooked connection delayed,negative
meeting california luggage,negative
number agent gave call say open main number go computer saying delivered,negative
way get call center answer oneworld award whenever try system say busy disconnect endless hold,negative
put luggage plane mine deliver like said show claim closed online,negative
take money requires day process refund auto attendant hang usairwaysfail,negative
long reply,negative
bag policy say stroller car seat need bring car seat stroller call detail,neutral
customer service like never seen kudos organization,positive
intentionally buy flight hour layover kind airline would charge fix wow usairways,negative
get hold customer service ive called multiple time amp hold min hang,negative
time bracket call fix problemive attempting fix contact information issue day,negative
called number said one available take callguys insane,negative
cant book flight online phone customer service usually great anything help,negative
worst experience ive ever flying rude delay cancelled flightlations lack update wasting time,negative
contact via fb message twitter dm text,neutral
called x amp say high call volume call back minute international call way someone contact,negative
grrrrrrrr couldnt book flight via calling either,negative
delayed connection missed extended layover lounge pas phl,negative
another twist plot took miami return due unsecured cargo door stressful vacation ever,negative
reaching hardworking mom trying best,negative
great operation guy running mechanical issue taping piece plane together lol,neutral
thanks idea resolved id like purchase ticket,neutral
hi attach aa ff lxa reservation ekvm thansk,neutral
check online state status closed mean yet able reach live person,negative
system affected weather,negative
called able get rescheduled thank quick response today,positive
get aa frequent flyer number appear usair reservation frustrating,negative
im unable check flight bosdca havent heard flight cancelled flightedrescheduled update,negative
dont forget without customer would business epicfail usairwaysfail,negative
hi guy flight still time site app cant check thanks,neutral
hey since fed wknd day pas admiral club meal coupon free coke blank stare,negative
listed baggage claim number call number ticket use lady speed stick morning,negative
another dead end handle aa lampf gave failed already vm full lost,negative
houston gate customer service need treat people respect hardly people waiting chillpill usairwaysfail,negative
phone called number picked almost immediately,positive
yes made flight got workout,neutral
amp dfw psp thank,positive
thanks,positive
whats going website amp mobile app help,negative
submitted customer relation form await response,negative
height rudeness without question worst customer service ever experienced,negative
need speak somebody reservation talk human yet computer system put phone,negative
pick phone,neutral
premier provider missed connection usairwaysfail,negative
im sure people working hard system assist ivr prompting offering call back hold wait time,negative
thanks subpar travel experience even yet stepitup,negative
fyi customer service rep carol absolute delight pleasant rebooked lightning speed thanks,positive
struggling hold minute kicked back start said couldnt handle amount call,negative
call,negative
told call back late flightr,negative
cancelled flighting u airway credit card choosing airline experience week,negative
thank say website,neutral
cant make airport road bad dfw one answering phone website downhow reschedule,negative
pilot pleads let boarding begin full flight waiting th flight attendant denied mission control grrrr,negative
website isnt working cant talk phone check flight status dfw road awful cant get,negative
rebooked tuesday arriving late flight tuesday start class cancelled flightled trip,negative
flight going cancelled flightled every week might well business class,negative
dcabos cancelled flightled making u wait hour fly usair every week upgrade status proactively,negative
dominick l la guardia airport nyc give absolute best customer service thanku checking made easy,positive
congrats treating customer worst way possible know plenty ppl horrible experience w,negative
going manchester uk im going miss wedding going rebook chosen cancelled flight flight,negative
dm take offline would love info location lost bag help appreciated,negative
thanx isnt first rodeo done amp done yesterday result comm unless u count status bag lost amp claim filed,negative
give u air philly talk real person acarlcom,negative
would nice offered flight credit especially since im staring empty overhead room,negative
power outlet seat youre gonna keep u siting forever,negative
would appreciate call regarding horrible experience gate agent hold min hung,negative
understand im attempting change information identical tell call,neutral
going flight phl phx min estimated departure nobody board update,negative
bag still missing,negative
seriously doubt still sitting inside gate,negative
customer service dead last wk flts delayedcancelled flighted bag lost day last nt flt delayedcancelled flighted meal voucher,negative
flight u ricdfw cancelled flightled yesterday amp hold w cust service pm est hour answer,negative
taking dont private jet bora bora time land im calling oprah,neutral
call number listed sure next friday get real live person line,negative
thanks cancelled flighting flight today missing required training happy customer,negative
strike three guy suck,negative
day row buying suggest review policy w respect unaccompanied minor seat sun,negative
ok app doesnt seem working use mobile site,negative
wife flew italy recently bought ticket via finnair flight operated usair didnt get dividend mile credited,negative
hour delay phomia airline bad getting worse foolish american merge treat customer like crap,negative
hour late flightr still email work supervisor need documentation approve last minute vacation day request,negative
hour hold got rebooked new flight yesterday asked new itineraryconfirmation email sent,negative
here sitting hold hr flight cancelled flighted disconnect twice fendurself stranded diverted,negative
cancelled flight flight tampa philadelphia today due runway condition yet tonne usairways flight landing today explain,negative
phone system working bumped time need get mco,negative
flight plan delayed tuesday due computer crash,negative
phl bgm cannot believe happened x two week,negative
maam door close min prior departure min laughter agent,negative
plane left agent door closed early,negative
called time redeem mile point cant get advertise mile make hard use,negative
arriving flight scheduled depart door closed agent,negative
need speak live person ive recording told sat wed luggage yest,negative
thanks information,positive
need move reservation due weather middle part u would like change departing airport,neutral
couldnt thankful orf dca crew ground air today help sick kid lost bag,positive
thx delayed checkin noon flt mia forcing take late flightr flts delayed cincy miami hr fast,negative
getting extremely frustrated w phoneonline service merging frequent flyer mile,negative
already spent min today handling minor child shame treating year old girl like,negative
someone help travel issue today,neutral
first pilot late flight maintenance exactly happened two week ago unacceptable,negative
nothing usair cc point email stated would charged thanks reply,neutral
never fly u airway american share nightmare story many others know fly,negative
never treated poorly airline life military family alot flying,negative
burned lot time cell minute working flight issue hopefully fly home morning,negative
would rather plane get exposed nasty contagious virus work wth get flight changed late flightr date,negative
amp weight restriction carry luggage find measurement weight restriction tia,neutral
worked bought rental car failed get location paid get,negative
ive hold minute counting unacceptable,negative
discovered flight cancelled flightled yesterday pm finally notified u flight cancelled flighted,negative
appalled departure messed return supposed fly alone two sick kid,negative
tweet day get live cust rep make sure world know dont care customer health,negative
thank,positive
called say runway clearing problem thing,neutral
decided good sport give guy another shot flight delayed,negative
hold hour yesterday wo speaking agent hold w phone min let bashing begin,negative
flight dfw cancelled flightled today,neutral
add ktn existing reservation,neutral
please fix unproductive check process check station people working total mess,negative
,negative
im supposed fly dallas help get new itinerary,neutral
clt baggage crew deserves kudos run make connection bag still made customerservice,positive
thanks,positive
denied mom flight needed breast pumping part full flight please fix asap freeflight,negative
relied u airway mistake awful customer experience,negative
thank website crashing,negative
hold hr flight cancelled flightled amp anthony beyond rude helpful theyre weighing,negative
nightmare ever end found flight today delayed due ground handling delay affecting prior flight,negative
alright please give scott f bdl bonus excellent customer service,positive
youve got get weve got excuse usairwaysfail,negative
im referring email like tell people get upgrade otherwise know already,neutral
first luggage got stuck different city get back today amp one employee stole pair glove,negative
reserved flight companion certificate mail certificate verification thx,neutral
flight schedule quintana roo mexico reflect newly adopted time zone change est,neutral
sure know pamper customer strand abroad badcustomerservice fendyourself youareonyourown,negative
maybe drive usairwaysfail,neutral
suck pas saving u usairwaysfail,negative
thank apology,neutral
help refund phone guy couldnt help website wont let submit reply,negative
take late flight whole new level,negative
“ o” thank elaborate response,positive
guy screwing trip thanks nothing lazy,negative
refund system,neutral
seriously ridiculous shouldnt wait hour luggage land wtf,negative
thats case sent email link ill show,neutral
waiting min far luggage wannagohome,negative
time tweet tell horrible youre attendant flight lga feel jail,negative
hello anyone,negative
forced section check carry would packed differently check bag even allow pissed,negative
raleigh chicago firstclass upgrade must flying aa screw usair elite bailed airline,negative
flt hr late flight baggage hr see delivered suitcase wet inside amp nothappy,negative
get hotel ur agent nothing help top sent luggage wrong flight,negative
take late flightr flight booked corporate disney travel dept agent offered little help,negative
computer system went ok understandable agent make worse helping anyone else,negative
employee responsible social medium content yes u probably care however action last night say otherwise,negative
flight get minute early goodwill gone bag arent minute late flightr,negative
wow awful customer service,negative
merging american negatively affect quality integrity longer fly,negative
many agent working handle thousand call,negative
best amazing follow please🙏🙏🙏,positive
flight delayed miss connecting flight please help alternate thank,negative
thank asking,neutral
three hour wait counting waiting reservation phone serious,negative
happy note crew wonderful cant say enough great thing pilot he u,positive
mess caused computer system flight hour late flight gate u est min wait,negative
storm storm customer service joke hour wait time speak someone never fly airline,negative
guy luggage san jose supposed deliver hotel hour ago please contact,negative
ive flown figured worth mile lifetime first last ever flight u airway,negative
pls get back tallahassee one ever stranded gainesville long😒,negative
miserable airline loss revenue reflection go extinct merger delay inevitable,negative
point merger go business turning profit anymore,negative
love give feedback link fill personal info form guy best,negative
finally got ahold agent another hour thanks follow recommend call back feature,negative
ringling brother barnum bailey keep eye peeled clown car,negative
mention fact flight delayed computer,negative
cannot add frequent flyer number website help,negative
get plane wait hour half speak someone reflight booking problem,negative
please dont trivialize joke slow day slow experience,negative
agent phx customer service desk hour ago line people long,negative
sorry doesnt help midnight pst hell still hold minute customer service line,negative
like thought america u airway start operating rule communist russia,negative
guy nice give route jet blue southwest least treat customer properly,negative
nope apparently way guy business guess im flying southwest blue,negative
keep thinking massive practical joke someone gonna appear thin air take reno tonight,negative
there people line one agent,negative
way im planning ive ben waiting line customer service phxfor hour,negative
already planning local boycott washington dc area,negative
legitimately say would rather driven cross country flown u airway,negative
despite fact see answering people twitter mundane q refuse answer,negative
guy worst airline ive ever dealt notification keeping customer updated terrible service,negative
hey guy thanks answering thanks keeping hold hour customer service pm pst,negative
progress good luck patrick,neutral
he fine really like picking seat,positive
worst airline ever travel,negative
lazy inconsiderate unprofessional airline ever traveled,negative
pride service concern wife everyone else flight dont care,negative
u horrible people say sleep,negative
who charge company wife missed connection ca sent luggage another flight,negative
call hung,negative
got message site call flight gave hold hour,negative
usairways lost passenger today upholding promise excellent customer service,negative
yet staff philadelphia failed send luggage home alwayshappensthere angrytraveler,negative
ok th try todaygiving minute hold time terrible,negative
number email thats purpose sending tweet,negative
thank ill next time,positive
still say cant check flight information incorrect everything entered correctly,negative
say estimated leave hour ago hasnt left yet thanks useful information theworstairline,negative
customer service horrendous way employee speak customer lack care problem flight,negative
mom sit hour waiting flight ultimately cancelled flighted give tuesday morning flightno compensation ugh,negative
anyone airline know job,negative
worst airline time😡😡😡,negative
denied standby bc checked bag cvg phl take delayed hr late flightrexcept u lost bag cvg,negative
reminded today fly,negative
look like bag rescued thanks,positive
ive trying get book reservation system let day ridiculous,negative
worst,negative
making folk run gate c b explanation zero cart transfer elderly handicap phl,negative
waiting airplane total hour take flight todaythis usually doesnt happen,negative
given option new flight cant get plane phlmia year eventprof worst travel experience ever,negative
doesnt let u stand flight due checked bag causing u get hour late flightr get phl amp bag didnt make,negative
arent merged marketing department would u believe maybe get home,neutral
absolutely worst experience life phl hr failed departure gate zero communication help,negative
soon call customer service speak representative disconnected,negative
trying call customer service since pm hour disconnected spoke one,negative
give u information attitude,negative
looking help recover item left airplane evening,neutral
attendant gate enjoyed watching flight destination take horrible attendant give u,negative
stranded miami without updating departure board cancelled flightled flight,negative
absolutely terrible managing delay delayed undelayed delayed time office hour,negative
rude unreliable horrible company equally rude unreliable horrible employee stay tuned,negative
phl take hour offload bag especially taking min get jetway get plane landing,negative
flight philly gt mia bwahahaha delayed hr air min turned back around usairwaysfail,negative
im tired paying luggage amp less stellar customer service notafanofyourmerger,negative
heard debacle dca happening new orleans flight wewanttoknow,negative
think little weak sauce zero inflight entertainment hour flight salt lake philadelphia,negative
flew good weather landed another technical issue gate improve service lose customer,negative
stranding customer reflight booking problem answering phone way treat platinum member,negative
made reservation online didnt receive confirmation email bank said transaction went u help,negative
worst flying experience life flight scheduled departure pm phl hr late flightr guess,negative
issued memphis travel advisory tomorrow winter weather coming,neutral
update flightits three hour delayed thank,negative
partner w different hotel phl clarion proving difficult amp customer friendly,negative
truly dissapointed flight delayed going miss connection expected rebook flight,negative
kind screwed day least outbound save stranding,negative
nightmare trying get costa rica phl today stuck miami one answer number,negative
ummmm think u air computer hour flight hour late flight,negative
comedy error continues cant get gate broken truck way fail,negative
instruction say call im said,negative
since loyal usair customer sure make meright want get home amp back work,positive
fact get notified hindered ability look alternate flight snapped,negative
youre really fudgin delay 😡 justwantmybed,negative
discovered billed u rescheduled flight cost second day lost work,negative
today usair cancelled flightled rescheduled flight amp notify u except possibly home phonenot helpful since co,negative
cant get phone,negative
thanks ruining last night vacation worry flight yall dont record,negative
janet amp denphl flight cancelled flightled saturday usair rescheduled automatically amp notified u email additional cost,positive
hr trying reach real human finally hold hr synch reservation,negative
idiot took plane amp gave someone else fudgers flight philly orlando,negative
missed flight rude csr flight till tuesday answer twitter help rt youre hope,negative
delayed hour trying get give u update please,negative
always nice customer service manager threatens customer standing understaffed line last hour,negative
passed hour mark onholdwith call gave morning,negative
lost amp found wife lost phone philly amp followed web instruction call answer,negative
help seat assignment people flight phx hnl seat split anything great,neutral
followdm please,neutral
dinner reservation minute ive trying get since breakfast onholdwith,negative
clt please send one cust svc rep cust svc counter assist line door,negative
help ive hold almost two hour trying get home,negative
please call late flightr acceptable neither hold hr onholdwith,negative
sitting gate min u give,negative
wouldnt need wait hold hour website worked correctly please respond,negative
get answer question holding hour x getting message said arent taking call,negative
hell overbook plane knew people actually seat assignment inept uncaring piss poorplanning,negative
worst service reagan int rarely post company service annoyed weather relate flightd…incompetence,negative
hold hour getting hour hold morning answer help,negative
farmy phone wait time longer oscar coverage whatcustomerservice,negative
chairman preferred lifetime mile u air reward firstclass upgrade usual,negative
flight operated nma arrives following flight reagan national,neutral
minute delay take minute wait checked bag really,negative
ive hold minute terrible customer service messed reservation,negative
wont help get luggage back im teen trying change world dc flight usairways,negative
southern hospitality luggage delivery service sav awful great delivering empty promise luggage hrsampwaiting,negative
st flight u air plane mechanical issue wait minute help customer service help management,negative
flight missed due mech issue food voucher transported different airport rental reimbursement 😡,negative
dont control stupidity room plane come better mess u,negative
interesting forward compliment never complaint world worst airline goingforgreatnessfail,negative
flight delayed crew availability give im getting tpa hr past scheduled arrival,negative
airport dca airline mess flight also cover hotel cost dca hr,negative
line min mechanical issue caused miss flight rep upset people,negative
entire flight crew flight bos phl wonderful job making experience totally suck 😊,positive
someone please answer call waaaaaaiting,negative
holding luggage hostage flight,negative
major issue getting boston crew exceptional let see thing roll philly,positive
ive trying set phone interview day hoping position wont filled link doesnt work,negative
email,neutral
call find rebooked tomorrow ask number email day info,negative
u airway dont care customer worst experience today u airway wife toddler,negative
thanks whole team ontime flight despite inclement weather,positive
rude staff said dont care market place food youre going vacation work nice huh,negative
happens frequent flyer mile earned merger complete aa,neutral
got stand list earlier flight dca status checked bag supposed thanks,negative
flight keep getting delayed late flightr late flightr,negative
idea flight miami leave second time,neutral
contacted got automated response wont give code,negative
yea give cent dollar,neutral
really letter say discus serving drunk drink doesnt help current situation,negative
great thank,positive
mean might care sister assaulted one flight,negative
top dozen ppl missed connection one person customer service abysmal,negative
often airline easy work needed change flight time attendant mke made day,positive
possible someone drunk bring wheelchair keep serving,negative
service phl abysmal hour runway waiting gate information anywhere missed connection abysmal,negative
worst customer service ever let people assaulted flight nothing,negative
providing pilot flight new feature merger efficencies,negative
know flight pilot coming thanks,neutral
guess ok people sexually assaulted flight nice customer service,negative
please help need plane wait go elmira tarmac hr baggage took still thru custom,negative
usair returned phl due issue fire detector happens next,negative
ur specialist said would talk stewardess serving drunk drink really help,negative
wrong boston plain leaving tonight son need get back state college pa,negative
two hour hold talk agentthen disconnect trying two day wtf hire csrs u make,negative
dont pilot clt ✈ ord least another hour earth would board plane make sense,negative
flight please get u flight plan already issue st century,negative
fail inbound flight arrives scheduled outbound departure still time,negative
thanks three cancelled flightled flight making u go raleigh charlote lexington philly istead raleigh philly,negative
rant cont top rescheduled flight tpa already delayed bad,negative
advise whats happening departure delay clt,negative
provide info checking stroller car seat cost restriction need bring seat stroller,neutral
delay mechanical issue weekend flight ridiculous tweet long delayed,negative
another great flight funflightattendants thanks showing dad wonderful customer service flt lax phx sundayfunday,positive
happening sitting philly hour pls take care flight chicago least least u know solate flight,negative
pm w answer flt still time ground hr w gate need help pls,negative
plane scheduled come time actually happen bozo dont room u incompetent,negative
reason avoid like plague glad see merger working well dumb,negative
word accommodation passenger u arrive charlotte lot tired passenger,negative
thank couple easy hassle free flight today professional friendly staff made everything easy,positive
hire smarter people system keep crashing instead mooks man airport godelta,negative
flight keep telling min take hour first time best lie brokenpromises,negative
wrong guy inability get plane philly time pilot gave u answer b,negative
guy worst flying philadelphia two jetways available time planepisspoor,negative
received two reservation checkins two different flight one flight tomorrow morning need assistance asap,neutral
wheres luggage waiting hour flight,negative
cancelled flightled last part ticket confused email received whether value remains someone ask,neutral
suck philadelphia let u plane phl,negative
pissing thousand east coast customer delay longer flight fail,negative
please people hold flight phoenix san jose pulling gate scheduled depart,neutral
hour counting kind travel voucher get,negative
weve waiting gate hr waiting stow luggage,negative
thats h waiting get bag hm flight delay plus hr delay way never flying,negative
stuck florida flight service suck nofood nodrinks nohelp,negative
cant gate agent flight provide update seriously ridiculous long people waiting,negative
ivr hung high call volume need help call,negative
tweeted apology enough delay fiasco none insult gate agent worse except mark n bad clt,negative
sorry philly shouldve told,neutral
pilot flight didnt show departure ⌚️ amp there broken computer next time flying alwayslate flight,negative
pilot say going take minute maybe system came back online,neutral
flt elm still gate still make thru custom,negative
according costumer support website holding money hostage cant anything,negative
way tell gate going stuck tarmack intl flt flt going elm gate f,negative
suck delayed mom flight x cancelled flightled delayed flight todayall mech issuesshe sleep airport,negative
routing system go ground long haul flight think failover plan,negative
didnt give wifi password smh,negative
sitting gate flight hour due computer backup plan place,negative
cancelled flightled need locate baggage,negative
need help locating bag arrived denver last night midnight charlotte flight haydensteamboat,negative
phltoslc happening,neutral
going computer flight grounded airline suck much unansweredquestions,negative
hr late flightr finally taking off😂😂😂,negative
holding passenger hostage computer crash customer friendly let u plane get u moving,negative
hold hour,negative
pilot tell u airway flight across country stopped due computer system failure,negative
flt landed half hour ago single bag yet baggage claim hate much right,negative
one please answer phone,negative
word delay reason twitter aflame flight tracking computer crash rumor true,negative
stuck gate charlotte nc waiting release paper fix broken computer system,negative
sitting gate flight hour due sabre backup plan place sabre cannot fixed,negative
cancelled flightling dont want put u hotel night guess,negative
get beer please flight,neutral
really hr delay virgin island even food voucher,negative
worst ever dca customerservice,negative
nd february row stranded u try return cancun contact info way rebook badcustomerservice,negative
printer problem causing u sit runway min get together,negative
nothing like back back delayed flight let hope one isnt hour like last time,negative
please help find luggage since youre one lost customer service suck,negative
happening reagan airport dca long line four people working checkin unhappy dca,negative
check bag bag handler broke suitcase stole camera bag returned trash bag,negative
hopefully crappy service improves u become angryairtravel winterstorm,negative
people working counter dca massive line poorly played winterstorm,negative
whats going clt,neutral
lost bag land hartford p tonight delivered danbury ct tonight,negative
idea geek plug server way phx,neutral
contact awful experience flight bufclt,negative
nvm bad hour half thanks,negative
crappy flight due delay rude staff member im happy report paying check luggage ruined,negative
always letting 👊,negative
please keep emily gso airport ticketing staff amazing,positive
dont understand cant get missing mile flight dividend mile account… help,negative
cant seem find pilot pm flight never seen anything like drunkpilots,negative
really meal voucher hour flight delay virgin island,negative
automated message say line busy join queue stuckintheloop,negative
hi suggested contacted u via phone sent mail original ticket amp result,negative
stuck ramp dca u air computer system crashedeverywhere,negative
flight flight hell,negative
gave hour hold still need receipt last time promised never arrived help,negative
prepared claim bag lost many valuable carry hand u aa,negative
told deserved delayed booked last flight hear inconvience missing flight,negative
update computer outtage affecting flight national northeast eta resolution,neutral
flight worst experience weve ever flight regretting opening air mile card hotterandlongerthanhell,negative
hello never received confirmation code flight though confirmedso say automated reply idea,negative
hour phone waiting call back find luggage shameonyou,negative
whats going ive sitting gate minute,negative
am phl today flight attendant downright rude hostile made hour flight even worse,negative
hell put u hotel youve stranded u message say mechanical issue weather usairways,negative
wife left phone flight awe friday february th upon landing minneapolis get back thanks,neutral
whats deal flight computer network,negative
anyone actually work dividend mile department,negative
flight philly system wide tech issue,negative
huge system problem dcamanual check flight boarded sitting gate due system issue frustrated chairman member,negative
epic fail clt ystrdy wcancelled flightled flight staff communication amp refund unused portion tix keep classy guy,negative
tryng rsrv flight phone past day keep getting automated message call back,negative
got int flight intentionally rude staff made horrible hr flight unsuitable plane,negative
plane bos clt min still gate crew say systemwide computer preventing paperwork info give,negative
hold today connecting passenger coming delayed flight,negative
provided best service today thank much,positive
guy please give update sitting tarmac flight yet website still say time,negative
flight cancelled flightled buf today waited line hr amp cu service rude flight tues need get roc,negative
seriously keep trying seven hour corporate policy usairwaysfail,negative
name rett cavan gofundme page going take last breath tonight airline care money,negative
would let u switch different set flight could spend time family pass away,negative
month old suffering rare form cancer customer service agent compassion disgusted,negative
best part hearing attendant give voucher person next hotel bgr guy saying dont,negative
horrible cust service exp dia today wife waited hr plane bf flight cancelled flightled still waiting bag,negative
really good deferring responsibility,negative
thank much asking u pay switch different flight could spend time dying nephew,negative
could worse airline experience rude unhelpful got yelled at😳 need help,negative
please help bag way get customer service since morning help,negative
real staff behave offensively flight please look message want particular,negative
glad people put coat storage area though would super unfortunate leave floor,neutral
lax connect term term min layover due delay usaa realistic held,negative
good luck getting cool,neutral
left item plane bosphl friday ive called phl u airway amp left msg return call point,negative
great way kick someone cancelled flight noon flight rebook one two hour south tomorrow,negative
thanks making check bag space empty flight attendant dirty look,negative
apparently computer crashed bwi update flight moving,negative
made bahamas work luggage didnt know travel happens anyway get helpinfo,negative
hr late flightr still home hotel rental car etc yr old happened customer service first priority,negative
saw online fee wondering way pay ahead time instead kiosk,neutral
cancelled flight flight ny time make decided sampgs theyll cancelled flight return flight thanks,negative
yall need get together,neutral
hold gt min rd attempt get receipt showing change fee upcoming flight please help,negative
everyone flight lax rdu enjoyed waiting hour amp half baggage claim bag,negative
need corporate office number please dealing number,neutral
cstsvc phl honor ur system reality rcd change hpn extra hour phl get cle,negative
usairways raleigh nc baggage carousel staff aggressive towards people waiting hr bag flight,negative
flight delayed time arrive bhm,neutral
hold hour book using take flight voucher online,negative
get baggage la rdu,negative
worst customer service flight always delayed,negative
going make wait phone long time least turn ad eating away soul,negative
despite mechanical issue many delay followed cancelled flightlation still getting vega thanks great gate agent,positive
u airline la rdu holding onto baggage hour already everyone still waiting,negative
weve learned never fly u youve lost customer group hundred company,negative
spoke rep nh pa poor communication bag still sitting philly train staff,negative
thanks worst customer service face earth loved hr hold along w cancelled flightled flight,negative
tried reaching guy im running time patience want flight honor want confirmation,negative
bereavement discount airfare grandfather passed need attend funeral week,neutral
six hour even gate agent got fed left u line front empty desk stay classy u air,negative
lose pilot,negative
ad phone system waiting rep annoying thing ever especially waiting min,negative
missing connection due delay la supposed,negative
might cancelled flighted mechanical issue hour late flightr people still waiting zero information please send help,negative
hour agent keep waiting,negative
hard unload bag order arrival min counting flight,negative
policy tell customer cant help im sorry unacceptable,negative
thank correctly interpreting last tweet non sarcastic delaying flight yyz terminal dance party,negative
cant help dont put people hotel miss flight policy,negative
friend kphl told rep woulda gone home tried tomorrow,negative
ann marie lga best ticket agent ever excellentcustomerservice,positive
wasted day vacation problem one two plane waitinginphilly flight,negative
unacceptable way agent gate treat paying customer,negative
mad love nyc,neutral
like usdelayways another long paperwork relate flightd delay friday charlotte today philly letsgoalready,negative
customer service clt terrible flight delayed jfk hour get clt horrid customer service,negative
flight phil update supposed leave minute ago sitting airport wonderingirritated,negative
flight aircraft gate crew hour late flight destination come,negative
please someone contact regarding missing bag day online tracking show nothing,negative
delayed blue sky whyisusairalwaysdelayed,negative
ill never fly due emotional amp financial stress caused one staff member error,negative
bag,negative
thanks incurred u approximately dollar fee due staff member screw neveragain,negative
aa gate supervisor asked superior name response received ceo americanairlines merger,neutral
hr wait far customer service yes bad weather air traffic controller answer phone,negative
aa gate supervisor emplid allowed flight aa leave jfk sj feb wo customer made final boarding call,neutral
thanks bad make two day train trip look appealing,negative
got kidding info dca bgr phone line tell call back late flightr,negative
pretty ridiculous phx sky harbor employee working check sunday afternoon min amp counting,negative
really hoping dont get charged flight couldnt handle influx call bummer,negative
hold hour please help,negative
promise help nvr fly wu even pay fly w sum else badcustomerservice,negative
yesterday delayed six hour wlil explanation paid lot fly wu amp u treat ur customer,negative
nothing issue fly wu whats wthat travel vacation awful,negative
update passbook pass gate change,neutral
customer service fail today experience ensure best never utilize,negative
ive hold min cancelled flight reservation afternoon another way web tell call,negative
suggest failure make huge donation charlotte nc provided great customer service today unlike,negative
concerned gate attendant c afternoon nocommunication nocrew,negative
nd plane forced get due mech wait rd need housing meal stt need help b arrive stt please,negative
need actual person customer relation refund call dispute charge credit card,negative
nd attempt call u airway dividend mile minute help hung usairways b,negative
dont need link getting person u say u dont know bag lost nonstop phx jfk,negative
absolute crap week,negative
got transf dividend milesneed change flight grandma passed need change ticket asap update wait time,neutral
trying get partner pnr spent hour hold know snowing somewhere awful,negative
phone hour waiting customer service got wrong fight information cost u hour trip frustrating,negative
say luggage hold almost hr hung x,negative
cancelled flight every flight dont,negative
reservation phone number working called x last day haven’t gotten,negative
gold dividend member cant get anyone phone handle cancelled flighted american flight tonight 😡,negative
really nigga ur fuck boy,negative
sympathize reweather issue time get tough call folk two hour hold minute fix fail,negative
told supervisor wont guarantee empty seat standby passenger flight cancelled flightled sell,neutral
plane ground longer air u,negative
failed day long blame,negative
whats contact number corporate baggage office phoenix,neutral
hour counting hold,negative
cancelled flighted amp rescheduled flight amp still getting update amp cant find current flight account,negative
hour plane knowing maint issue ahead time announced another min r plane,negative
according dca seems recovering nicely yesterday snow cancelled flightling flight,negative
cancelled flightled flight avail flight phl today u said sold buy nd ticket u need refund,negative
seriously service issue right decide tweet unbelievable,negative
flight sitting gate min w door open since arrived still jet bridge someone help,negative
new fa dfw clt morning great job well done,positive
board plane knowing maint issue u,negative
livery back day,neutral
waiting day atl since flight cancelled flightled standby told seat group show late flight get phl,negative
link doesnt work,negative
spent hour line trying get flight home tonight cancelled flightled hour late flightr even snowing dca,negative
flight leaving hour mechanical delay need lodging voucher meal tonight st thomas see,negative
care elaborate cha dca cancelled flightled evening,negative
help im falling one plane,negative
worst flying experience guy need better,negative
going miss connection flight home delayed gate agent get u planeso frustrated,negative
never flying guy customer service awful,negative
telling man there flight next hr standby nothing option trying get sick child firevan,negative
missing connection due delay told looking good tmrw either stuck clt help,negative
ur employee named van ticket counter philadelphia extremely rude father trying get home sick kid missed flight,negative
im stupid ive done web development yr issue confirmed support website,negative
offer provide u hotel anything flight hour away,negative
hang i’m starting think personal,negative
painless effortless flight indy phl flight attendant tory fantastic give lady raise asap,positive
character yea right thanks patronizing,negative
min delay mechanic replace rivet min late flightr turn mechanic wrong size rivet min pathetic,negative
would love could get wife home sometime soon stuck orlando stuck philly long,negative
churn rate increasing second,negative
ive hold reservation desk hour help,negative
service philly unacceptable look better service✌️ yr old shouldnt hard time,negative
phl btv today made deplane sunday dont know maintenance available,negative
thing nondelayed flight na get shit together get,negative
todayno reason anyone approve merger airline reason fear losing business u,negative
look better service,neutral
customer service philly deplorable rude amp unprofessional gate agent delay amp cancelled flightations takingthistothetop,negative
flight dfw cancelled flightled today,neutral
look better service✌️,negative
mobile app horrible need major overhaul,negative
get better employees✌️,negative
stuck tarmac min phl waiting someone load baggageridiculous,negative
next time promise ontime departure stick instead stuffing u sweat box air,negative
ive trying contact hour already yesterday waited hour today,negative
yes horrible snow seriously hire people answer phone competitor call back number,negative
whats pet policy,neutral
final count hour minute hold told need log u airway website nothing else done,negative
come scoop,neutral
hr counting today alone like dont thing accomplish today keep holding,negative
link work pls nothing complete frustration w usair last hr,negative
link doesnt work mobile,negative
used aadvantage number connected usairways booked ticket friend benefit account,neutral
quit cheap hire call center employee shouldnt take half day call,negative
cancelled flighted rescheduled said id pay earlier flight next gate today proactively offered,negative
inconvenience people freaking nut guy two kid strand airport fail,negative
delayed flight phil stt look like well miss car ferry john lodging help housing,negative
another blatant lie,negative
round two worst airline ever,negative
trying get representative hour aboout cancelled flightled flight simply given,negative
cant believe advice call customer service hold hr morning finally gave,negative
pretty upset drove philly mhtt still info bag whats deal,negative
airline hrsminonhold,negative
thank responsive amp found alternate travel home,negative
luggage content destroyed outbound trip last weekampinbound lastnight philadelphia careless,negative
plane sitting one going home usairwaysfail,negative
dont bother dont pick phone worst customer service going,negative
overload small plane extra baggage take poor execution minute delay,negative
might possibly worst airline ever think time brush customer service sorude,negative
embarrassed u air inability manage weather delayshandling example,negative
bag flight clt jfk landed last night midnight,negative
impressed customer service everyone unhelpful incredibly rude,negative
minute moved two foot bze 👎,negative
hold hour minute whats going,negative
theyre even accepting call come,negative
worst customer service ever,negative
three hour delay miami london none flight today delayed put another flight,negative
extreme weather miami pick phone hire people,negative
hour minute hold counting thanks help customerservice brutal,negative
uh yeah flight boarded amp hr late flightr still sit update dca,negative
get home syracuse cancelled flightled flight one routing three u sitting charlotte,negative
three hour flight delay phone min counting,negative
informed three hour delay pick phone get another flight,negative
need hire people,negative
try call reservation line someone answer phone hold hour,negative
hubby hr layover dfw fm cxld flt pls help get home sooner room sby bwi phl today,neutral
e land without nose gear houston,negative
customer service line keep telling call back late flightr disconnect talk someone flight,negative
tried calling yet another delayed flight told phone line couldnt handle volume hung twice,negative
know youre dealing weather hot mess pls send reinforcement,negative
hr wait amp really bad exp luggage wont arrive w really go back la airport pick arrives,negative
thanks friendly u airway staff helped get booked various flight get home today almost,positive
flight sitting fully loaded hour air conditioning barely working,negative
hold two hour pick phoneeeee,negative
rd time cut minute hold chairman desk wth supposed rebook cancelled flightled flight,negative
wheres bag line deep dca agent say call say talk agent abysmal customer service,negative
dca bna told need hr worth maintenance supposed leave sigh,negative
announce delay pvd knew captain already delayed flight coming frustrating,negative
update flt gate expected time departure,negative
travel day suck malcome k gate rock guy brand want replicate approach style,negative
hold four hour never got connected came airport rep essentially told everyone else screw,negative
cancelled flightled flight put flight next dayi need help somebody robot please much appreciated,negative
hold hour system hung twice hour holding trying correct online flight booking problem error unhappy,negative
hour airport sure would like talk someone,neutral
one answer reservation phone line need book travel companion certificate get,negative
suck even know meaning contingency plan,negative
black hole phone system,negative
using monthly minute hold asshole,negative
mean posted usair empl direct anyone accepting call contact usair rebook greatjob,negative
rd connecting flight delayed still cannot make amp still unable speak real person,negative
finally spoke person despite mind boggling wait time rep pleasant helpful kudos,positive
chocolate flight please melting,neutral
worse experience clt dc oversold lost carry luggagecancelled flightled connecting flight nyc flydelta,negative
color confused would need call update procedure policy see connecting,negative
packed carry reason thanks making check hoped better customer service cle also nothappy,negative
sadly theyve tried airport agents…no flight theyre stranded phl chance hotel,neutral
service suck,negative
past tense help it’s even miserable usual clt,negative
first flight cancelled flightled connecting flight delayed completely miss next connection response hold hr help,negative
dont know luggage seriously,negative
waited customer service minute phone wo response hung end since battery died due waiting,negative
f denphx impressive lack concern hr late flight flight attndt wrecking havoc customer travel smugsmirk norush,negative
phone hour waiting without answer 😩,negative
member staff phl gave u excellent customer care shame couldnt said past hour,negative
got rebooked woke tried call twice got hung worst customer service,negative
glass wine hit altitude,neutral
maybe anyone answering phone would please call back late flightrfor hour good enough,negative
worst customer service ever rebooked tues seat available mon wtf contact,negative
hour got disconnected,negative
calling day,negative
u costing get home today reason send receipt reimbursed,negative
f denphx serious display poor customer service exhibited flight crew today newamericanairline cheapslogannotmotto,negative
thanks cancelled flighting flight tomorrow reflight booking problem another one usairwaysfail,negative
chance u help family rebook flight cancelled flightled,negative
flight den phx flight attdt decides stay downtown hour late flight entire flight delayed better get fired,negative
aggravating zone boarded overhead empty forcing bag check better loose bag flt,negative
minute baggage claim sign luggage flight usairways incompetence overwhelming,negative
thats unusual mean screwed never admit goingforgreatnessfail,negative
horrible customer service flying miami philadelphia sent charlotte cant get charlotte,negative
medical issue late flight yesterday need change flight today hold hour still,negative
mellani b whole team columbia sc absolute superstar incredibly helpful,positive
u hate delay u amp holding hostage goingforgreatnessfail,negative
please thank mellie cae tammy baggage claim clt excellent customer service day complaint,positive
friend stranded kphl representative wont even give food vouchers…any help please,negative
possible dont call back service automated message telling u call back late flightr unhelpful,negative
want icecream baby,neutral
major complaint want address wyou hand luggage courtesy checkin whats best way,negative
um knew storm coming didnt useless air staff accordingly u idiot,negative
cant control weather control customer service without luggage hour amp still yet speak human,negative
collectively since friday ive hold customer service hr issue resolved frustrated,negative
automated message isnt helpful impossible speak human right desperately need luggage,negative
told get percentage every plastic bottle sold around yout departure sectionturn heat,neutral
reaccommodation number lisa liza raleigh helpful,positive
hour friend rebook trip korea cancelled flightled connecting flight chicago idiotic,negative
least make run want yo buy fresh diet cokenice bizness plan marketing right,neutral
customer service atrocious,negative
option use twitter people working u clue tell go b,negative
help regarding flight kphl would much appreciated,neutral
friend stuck kphl getting help anyone guy contact please,negative
expected wait time speak someone via number,negative
family friend colleague never fly usair bad weather happens good airline seem communicate better,negative
inlaws flight cancelled flighted tonight u auto rebooked flight tuesday doesnt work help reflight booking problem,negative
almost half hour hold cell phone battery dying thanks loyalty platinum member,negative
going minute hold,negative
u guy suck,negative
keep suggesting people call end hold hour seriously dont better method,negative
customer service joke first mechanical cancelled flightation weather hold since human pls call,negative
handled found tkt floor dropped someone way i’m wheelchair get podium,negative
foot gate phl ground crew cant make,negative
cancelled flight flight phl delta flew flight time time cancelled flighted reason,negative
agent wont hold connection arriving late flight min departure time min late flight flt gate c disappointed,negative
one coming line hold hour u help provide conf code,negative
worked w tiffany h cust service desk charlotte helpful patient still stuck great,positive
cant wait find poorly handled situation shameful,negative
hmmm flight even really exist create last night get people back usairsucks,negative
lie continue waited another hr get boarding pass flight supposedly created today cancelled flightled,negative
hold hour cancelled flighted flight understand delay dont understand autoreflight booking problem tuesday help,negative
hour hold time momentand counting disgrace,negative
busy,negative
thank glad home lot delay plane flight crew didnt show frustrating,negative
people kind hardworking infrastructure given horrid massivefail failphone fail,negative
flight leaving cvg gate agent computer counted passenger paper feel safe,negative
need confirm please help,neutral
return car clt skip flgjt back tonight gso clt pick clt fll told yes,negative
big problem fll clt got clt fly gso cancelled flightled rent car get pop funeral,negative
hold minute trying rebook cancelled flightled flight really,negative
flight today cancelled flighted phl dozen flight still going hold hr need get job interview,negative
brother missed flight traveling home funeral cant get call center help,negative
flight cancelled flightled hold hr reschedule need help taking way long,negative
feel almost everyone hate,negative
waiting figure unacceptable,negative
flight cancelled flightled due weather condition arrival city uhi dont think,negative
plane mechanical issue cant get get new flight missed connecting flight,negative
good grief flight cancelled flightled hold since,negative
answer bloody phone,negative
need get together indy ticket agent line door felt bad ppl missed flight,negative
got fing kidding usairways hour hold listening yall selling loan valentine flowerssmfh,negative
one question book one way ticket award travelpoints,neutral
upset customer service simple question phone system disconnected day today yesterday,negative
flight cancelled flightled amp chaos abounds good humour please give free everything appease,negative
rebook another airline flight cancelled flightled reimburse need get home today tuesday,neutral
reserve seat aa flight transfer ord evv,neutral
passenger sitting plane two hour flight cmh flight left usairwaysfail worstairlineever,negative
gf hold hour call dropped help need flight,negative
never heard back would help chance could bump flight time closer pm today im flight,negative
good morning,positive
overbooked sxmclt delayed deplaning extra passenger missedconnection forcedovernight clt lodgingfood disappointed,negative
need figure scheduling worstflightexperienceever getmehome,negative
claimed flight cancelled flighted phl runway good delta flight exact time taking time,negative
min hold drove hour get delayed bag want pick sju,negative
i’ve hold minute time want answer phone would great,negative
seriously flight cancelled flighted auto rebooked tuesday hr min hold nothing renting car want refund,negative
lost bag cant reach human delivery driver say wont give u carseat return loaner hv loanr help,negative
flight mco canld amp resch opt depart tom u air allow cng return day sat sun wo penalty,neutral
trick getting hold queue ive calling since thursday keep getting call back late flightr message,negative
many thanks reply,positive
instead tweeting customer apologizing dont pick phone,negative
really appreciate easy way get another flight mine delayed hr mechanical reason,negative
bag supposed delivered nyc last night missing since thurs someone call,negative
took hour book flight yesterday due system error paid extra due time lapse,negative
hold flight dsm dca cancelled flighted know fly,negative
almost hr min hold idea much longer,negative
real life exercise crisis management failed miserably compensation would go long way,negative
ten hr late flightr still army cot airport waiting flight poorlyhandled usairheads,negative
good news weve located crew made contact flight supposed leave minute ago usairwaysfail,negative
hold hour trying reschedule cancelled flightled dcabos flight anyone help,negative
also onhold message trying sell valentine day gift week late flight sound right usair,negative
stranded north carolina trying figure option cant get anyone talk,negative
point dont need sorry need revers agt pick call maybe make flight today,negative
sad experience today family southwest direct mco loyalty usair vacationing boy today,negative
anyone answering phone today listening damn message minute,negative
literally hold since estplatinumeventually hung amp back hold understand weather ridiculous,negative
job well done philly employee running checkin today tabitha helped u emergency amp vacation saved,positive
hd hr min since flgt dca msy cancelled flightled still trying get hold minssss,negative
cant control weather control system process people attitude anotherfail,negative
far ontime flight vacation,negative
got hanged trying get agent help,negative
look like lost another customer stranded clt vow never fly smoothtransition,negative
working tight cx theyre delaying flight twice sec,negative
flight got cancelled flightled charlotte hold hour pls pick,negative
hold hr min ridiculous,negative
dont hire people deal call volume absolute garbage incompetent,negative
unfortunately patience wont get boat leaf pm hold watching flight fill,negative
happy trying get home cancelled flighted flightamp hold hour help crazy,negative
wow flight cancelled flightled slept floor airport flight delayed,negative
fell asleep call placed midght guess still hold,negative
phone hold since midght fkn hr hold unacceptable,negative
hr wait time unbelieavle unaccpetable biggest airline world failback call center,negative
company actualy put people weird situationsyour hostel voucher fakesnow ok lie please,negative
truly worst experience weekend delayed rerouted x boarding flight say flight time,negative
ok guess weather rough trying sort missing airmiles day suggestion,negative
disaster flight missed passenger count since done manually really,negative
ever think hiring agent come dont think hour hold little ridiculous get clue,negative
xna tsa precheck would nice system knew,negative
sound like planned better since weather surprise completely unacceptable wait time,negative
hour hold change cancelled flightled flight completely unacceptable,negative
weve hold hour wife flight cancelled flighted,negative
forgot call copilot stuck plane phl looking fwd stranded clt day flight fails,negative
airline also delayed bag u hour amp refused ship local airport disappointed stillbagless,negative
ever lost luggage infant year old customer service never answered phone ive tried night,negative
worst experience cancelled flightled flight voucher luggage ramp broken ramp charlotte,negative
worst experience ever,negative
manage place family plain none sitting next one yr old,negative
suggestion hold hr flight pas departuredealing w ny weather need change,negative
meant fly sat made tues cant afford stay hotel another two night,negative
checked flight yesterday bumped tuesday flight unacceptable agent speak,negative
flight de moines cancelled flightled unacceptable booked flight tuesday work commitment hr hold,negative
hold minute,negative
hold minute,negative
hold hr one phone hung x another reach person weather condition make excusable,negative
claim flight cancelled flighted due weather destination delta cancelled flighted flight route,negative
flying orlando philly charlotte lynchburg saw advisory philly wld like fly orl char,neutral
duh baggage claim hour counting flight amp,negative
exactly ive disconnected time,negative
hr hold husband decided sleep shift dont miss phone rep reschedule,negative
cancelled flighted flight told call rebook hold minute still waiting,negative
hold hour calling since monday flight today need help worst noexcusesaccepted,negative
hold hr trying reschedule flight anyone please help u,negative
first available flight tuesday flight today booked flt available buy online,negative
guy suck jfk tonight oh morning,negative
hour hold still answer horrible,negative
need two night hotel phoenix get back philly plane equipment crazy,negative
tough night two minute call hold delayed phoenix two day one aircraft ready acceptable,negative
hold minute need help usair wont help,negative
appreciate auto rescheduling cancelled flightled flight nothing sooner tuesday fly alternate loc,negative
sitting runway hour leave airport wo luggage ur st day,negative
weve hold hour trying reschedule cancelled flightled flight anyone please help u,negative
thx taking way cancelled flightling st flt delay nd flt u top losing one piece luggage usuck,negative
hold hour flight tomorrow really expect sleep night stay hold,negative
think ok,neutral
flight cancelled flightled guy arent answering phone,negative
ridiculous flight two hour rest wasted,negative
hold almost hour trying rebook cancelled flighted flight world,negative
seriously cant tweet let people know youve got customer hold hour,negative
thanks,positive
pleading car service stay hr past pick left family ok water cracker,negative
grt flight phx last week tonight terrible hour taxing give u water cracker compensate,negative
flight landed hour ago still havent gotten gate whats hold uppp 😭😭 imtired wannagohome,negative
voice concern cant get home month old waiting taxi gate hour,negative
abandoned boston bound flierssomeone management need saveface showup,negative
tell professor dont show classwrite midterm im stuck flight home 😠,negative
u air ppl anywhere phl directed stranded pax kudos phl employee getting work midnight help got,negative
buy safety ticket online youll refund whichever ticket unused full without penalty,neutral
hooray ive hold hour ive never loved southwest,negative
worst earth would merge wont flying either time soon,negative
three hour hold disconnected conf ebhset need home sunday interview,negative
guy need much better communication,negative
guy awake need help delayed flight get protected late flightr flight phl,negative
help suggested time could call avoid long wait time,negative
hour holding change flight phone whats,negative
link worked u could take care please contact tech people get working,negative
ive hold since pm need reschedule cancelled flightled flight morning departure tomorrow please help,negative
download jeokoo american app air traveler,neutral
obviously corporate definition patience need reviewed pleasehurryup answerphone reschedulemyflight,negative
need help flight weather funeral tough combination hold hour please,negative
ive hold since pm many customer service rep seriously,negative
well really didnt like would airplane fiousairways 💁,negative
yes well five hour hold folk please tell typical trying understanding,negative
please train mechanic teach bring tool fix plane leave hanger,negative
charlotte staff need prayerdisappointed response mishap lotttttttt pissed people,negative
thank leaving yo grandma stranded connecting flt could wait minute never fly,negative
hello four hour since plane landed flt phx jfk hr tarmac waiting gate plus hour bag yet,negative
“ please reach crewmember assistance apology long wait” generic,negative
please employee called time flight crew finish maintenance u depart,negative
better get free flight,negative
hour hold answer guess synergy merger really planned,negative
still waiting rep show min waiting freezing weather waiting cab,negative
try hour get help contingency plan non existent,negative
delayed depart bc ur flight attendant wasnt landing took hr get gate another bag,negative
hour hold safe say one working,negative
every time call im hold min get disconnected way someone help,negative
surely way help cant really afford another hour pls follow dm,negative
hold hour still answer really run business,negative
keep dropping call wont even let stay hold busy idontwanttocallback,negative
never made reward reservation becuase one ever answered phone online one made got cancelled flighted cant change,negative
real person help customer service poor im mercy someone since flight disappearing,negative
intend tovery much follower well,neutral
customer service nonexistent terrible dozen waiting bag placed flight staff anywhere neveragain,negative
even alternate option allready fulleven hotel voucherno room philly,negative
utterly frustrated hour hold call disconnected need amend flight booking problem help ow emerald,negative
ok thank helpful youre favorite airline,positive
provided option since better sense weather hoped could suggest,negative
airline rather poor right slc waiting take suppose take hour minute ago,negative
get new plane got plane still tarmac ru going compensate,negative
hit hr typical wait time right drive hm airport service desk,negative
going anything help stranded traveler flight communication anyone u dumped,negative
question flight took friend stuck needlessly another city,negative
week,neutral
wronganswer talk cheap customer service action making thing right customer fail,negative
hour change flight cancelled flightled,negative
wont give u hotel food least suggestion option making metro city ticket,negative
actually landed bwi minute ago stranded friend help failed big time one,negative
hold one hour waiting reschedule flight much longer expect,negative
fine wondering money went,negative
landed bwi instead plan make home dc suggest get home,negative
stranded bwi two diversion cust service transport dumped terrible customer service,negative
member news medium awful service last day wont go unnoticed,negative
wife sick yroldtwins waiting line hr see agent phone agent said nothing til tuesday,negative
garbage trying book reward flight got cancelled flighted still cant get anyone phone unacceptable,negative
cancelled flightled flight baggage held hostage chl communication,negative
delay due faulty engine light great work guy coming hr sitting plane worstairlineinamerica,negative
yes tell way mod plan call number,neutral
book award travel etihad dividend mile,neutral
hold min flight got cancelled flightled rescheduled monday unacceptable,negative
hrmin right end sight,negative
fam thats supposed fly currently hosp try speak human yr phone sys cut pls hlp,negative
flight u going compensate sitting tarmac min missing phx bos connection,negative
whats going passenger diverted clt fll phl flight left tonight,neutral
top check bag wait min bag come baggage claim thanks wasting time,negative
sit kitchen move stuff around needed im extremely disappointed service,negative
sitting tarmac min bc engine broken u going compensate passenger worstairline,negative
fault flight delayed begin shouldnt check bag there bunch space,negative
extreme inconvenience make ppl check bag there lot overhead space left lie youre fault,negative
stuck runway hr min due weather phl nowhere find accurate info bos,negative
hotel voucher everyone get one mewhat arrived amsterdam snowstorm,negative
yep except delay due hasty unwise decision pushback plane plow done fail,negative
far worst airline history ill never ever fly garbage,negative
pullin sh delaying flight smh,negative
flight landed pm still plane help,negative
trbl experience hr tarmac inch snow phl hanger open amp pile snow terriblecommunication,negative
flight passenger stuck plane philly gangway cant hear pilot,negative
hour counting waiting get gate philadelphia icing cake miserable flight experience,negative
help say payment denied money taken bank say trip coming,negative
help flight cancelled flighted cant call phone doesnt work europe please help say im booked want confirm,negative
happy w app late flightly last time flew wouldnt let check time checked went late flightr say never checked,negative
get thru hold hour,negative
flt en route dca bwi diverting rdu phone service suck website conflicting,negative
change flight hour crazy please help,negative
get thru hold hour minute normal call lost,negative
weather doesnt excuse poor customer service lack info staff fact staff havent turned,negative
please help hold hour cant change flight im stuck,negative
hold hour whats number speak someone unacceptable need change flight,negative
guess happened vega ended philly sexy,neutral
waited two hour phone book get mi family member ill time essence,negative
depart departed phx due land dca around pm,negative
cant stress enough awful agent flight knew ppl delayed flight way min compassion,negative
certainly understand hold delay wx reschedules ive hrmin estimated wait time,negative
cherry topflight runway landed time min still didnt get half luggage,negative
likelihood phl bdl actually leaving tonight hour delay far,negative
brother amp family stranded clt tonight bc gate e agent wouldnt hold plane two minute driving bad weather,negative
hour unacceptable wait time thanks nothing sure never fly,negative
thanks guy got hold someone really awesome service appreciate,positive
understood simply feel staff entirely truthful situation,negative
happy wife th bday trip would like fully compensated flight,negative
delayed philly since sitting ontarmac since pm flight plz contact donaldarobertscom,negative
worst trip ever wish pilot wouldve let plane pm st delay pm still sitting runway,negative
first class service u phlmco today flight attendant f didnt catch name top notch,positive
far call back,negative
oh well ill get cancun eventually,positive
standing line people looking,negative
cannot book redeem companion fair without speaking agent v family emergency unacceptable,negative
least get response tried gate person sent wrong way cust srvc cust srvc found,negative
thats clever clear need agent min hold counting flex workforce highly possible,negative
hey folk hide luggage cancelled flight flight angry people luggage,negative
get update flight dca,neutral
send luggage house👋,negative
eyyyy cancelled flightlations flight booking problemss reflight booking problemss yall got flight tonight tomorrow amp fc upgrade thx,positive
thanks letting know hour delay hour hold,negative
please respond ive hold reservation line hour minute would really appreciate,negative
im flying since plane getting stuck drift hour weather issue,negative
hold hour min trying find luggage flight cancelled flightled luggage,negative
never mind could told gate way could delay min,negative
im going miss gmas memorial didnt flydelta,negative
really u land philly hour flight wait hour behind plane got stuck,negative
app website trash af,negative
best pleased service far third gate still guarantee correct one,negative
dont want clog alreadycrowded line special meal request someone dm sort vegetarianproblems,neutral
also add weather condition terrible expecting inch snow advice,neutral
im flight dia ontario tomorrow morning access airport via taxi shuttle,neutral
update real informationstill waiting tarmac philadelphia,negative
mean pm id vega id allowed original flight,negative
bravo handling msp phx today delayed late flightr cancelled flightled missed surprise th bday reason tripnever,negative
well depending policy make determination airline selected travel,neutral
still waiting another crew member cabinfever,negative
hey hve cancelled flightled flght amp hold min nw rebook website working u give insight dm conf,negative
landed flight chance making flight phoenix au,neutral
need help air clt phl conf dmqf need confirmed bna bumped day need home,negative
finally leaving home nc lodge respectful complaint mechanical issue cleared runway hourwait nocrew,negative
hold way long best level service provide one hour long,negative
thank,positive
sitting cesspool germ ground phl hour,negative
hour gate,negative
dont think guy could mess thing never flying,negative
waited hour luggage line long left airport flight cancelled flighted luggage go hold hour far,negative
strand bag philly last sat strand philly sat thanks bullshit,negative
look like im already delayed miss connecting flight philadelphia undelay flight,negative
husband tried use dividend amp companion fair emergency transferred amp put hold two hour gave disappointed,negative
wow wouldnt say,negative
bf stuck clt day lounge offering free weather suck amp want cry tequila shot,negative
“ dont like hear sorry taking long get through” stop sending generic response,negative
suck flt late flight min missed connection thanks buck middle seat next flt,negative
worst experience time never ever ever travel ever,negative
wasnt flying airline tonight however friend present help flying united could learn,positive
long departure gate stay open make connecting flight rdu flight,neutral
cancelled flightled flight paying hotel,negative
something wrong phone system call someone dont play recorded flight notification u late flight,negative
im flying summer able leave miami airport hour stopover,neutral
plane crew professional courteous gate agent flustered,positive
hell terrible gate agent three hour wait gate,negative
made change online couldnt checkin online call hr hold btw shouldnt charged,negative
ticket agent gate providence airport rocked tonight especially kristy sorry correct spelling,positive
shoutout kristiesp gate pvd today shes rockstar tremendous help tough situation promotethatgirl,positive
nervous flight tomrw key west friendly customer service,negative
calling left turn answered phone instead rebooked usair flight,negative
thank help today loyal u airway customer appreciate responding tweet,positive
message want issue refund someone else use seat tomorrow flightcancelled flighted custservicehasnonumber,neutral
already pleasant flight london charlotte u made fantastic amazing attendant thank much robert,positive
wont even refund flight cancelled flightled horriblecustomerservice,negative
call dropped amp call backanother minhour another rep worst c ever online phone amp person,negative
vega,neutral
fly somewhere warm im tired snow,negative
hell u left alliance joined world beyond smart move time start looking carrier,negative
apology thin dont even offer hotel voucher stranded customer,negative
told min wait amp theyd call back already min horrible,negative
certain flight cltnyc notion cant rebook customer hour absurd,negative
cancelled flight flight versace biceps wouldnt stow completely seat front,negative
disappointed toll free number terrible customer service flight cancelled flightled would like get home,negative
change fee request month ago one hour phone team i’m told day backlog awful,negative
flt last nght cancelled flightedmechprobs flt cancelled flightedsnow finally flt home st cl empty amp wont let sit,negative
hello world record attempt amount ball point pen collection please could help pen,neutral
traveling infant lap anything need notify,neutral
youre killing sche flight board min mine arrived gate side airport genious,negative
empty seat open st aa upgrade u gold member would love consistent policy,negative
woohoo still flight happy hear theyre air cried must preggo hormone thx,positive
status show delayed waiting takeoff depart certainly didnt pm,negative
youre right fun especially dont much choice lol curvygirltravels,negative
help u figure correct six digit confirmation number,neutral
rebooked flt isnt monday dont get voucher hotel never u airway,negative
thank whole crew rocked bad weather diversion pilot keeping u well informed customerservice,positive
aa mile usair flight booked american,neutral
hope get opportunity join team job opening,positive
flt ewr cancelled flightled yet flts nyc usairways still flying,negative
flight sf nyc made philly ur customer service telling refund last leg offensive,negative
dm please,neutral
need seat assignment one leg family return flight please help via twitter pm,neutral
thank always good follow,positive
problem person airport would help,positive
okee doke,neutral
thank bwi keep seeing different stats delayed awaiting take delayed,positive
nick flight awesome please reward way kept u smiling bad day travel customerservice,positive
told return call human,negative
guy need help reservation tried calling im told call late flightr please help,negative
sitting plane philadelphia minute waiting get plane great service,positive
cancelled flighted flight due weather problem wait luggage hour must delivered,negative
comin clutch sending charlotte home h u except wayne u real g thankjesus thankme,negative
pregnant lady hoping amppraying hubby flight bwi get ground id like get baby,neutral
ok thanks,neutral
every time try line disconnected bc system say many call glad screw matter much,negative
another hour gone amp sit snow seriously,negative
already travel living help take week repair pay ship tx,negative
said open one,negative
found check info please dm help fix,negative
booked hotel night find room midnight say bag plane cant,negative
ridiculous delayed husband flight amp made miss connection told leave bag sent,negative
tweeting team informed problem never sent bag yesterday,negative
tell policy preboarding small child still thing,negative
baggage system hung twice many caller need find husband bag,negative
havent eaten day either lemme get cc buy burger across terminal dobetter,negative
looking forward waiting hold hr reschedule flight bunch idiot work airline,negative
big thank ticketing agent ute v dulleswashington outstanding guest service get rebooked,positive
guy straight suck as,negative
still effin waiting weather delay engine trouble lack crew shitting,negative
love guy,positive
mile expire could take someone day respondi mile lose i❤usair,negative
trying week book multi city award trip cant book online im told call back time,negative
paying fly damn plane one announcement crew let know wanna refund,negative
beg differ thing booked wrong still fixed get act together usairsucks,negative
cant control weatherflight attendantcan control thisgreen acu bag hr amp counting yep thats,neutral
cancelled flightled sch departure wasnt snowing yet flight still leaving fail,negative
half assed plane falling apart one tell family love dobetter,negative
th circle hell right dmv noshadetothedmv,negative
thanks seat doesnt recline im shocked im asked serve everyone drink plane dobetter,negative
three week since specifically told would get call back folk az keep patient,negative
unbelievable consecutive day cant get person hold hour still going,negative
cutting pregame time go,negative
cant wait trip thanks getting,positive
whats seat assignment policy let u choose seat change u two week late flightr,negative
yes february bad weather happens every winter guy dont business sense forecast im loss,negative
called twice recording say delivered apt,negative
dont time taking amtrak home call partial refund,negative
hour hold finally cancelled flighted ticket sticking allow easy online cancelled flightsrefunds,negative
hold time book award travel gold status hour counting day calling usairwaysfail,negative
cancelled flightled flight paying hotel,negative
team member dca tamara r name awesome employee like,positive
thanks getting u ur plane awesome flight attendant making u smile difficult travel customerservice,positive
baggage lost last night call u airway bag nobody answering phone badcustomersrvice whereismybag,negative
flight cancelled flightled cant reach anyone phone ticketing agent safe assume wasnt rebooked,negative
bag so itis lost hour poorcustumerservice,negative
flight look im hearing cancelled flightled departure im head,neutral
way reserve veg meal online flight brazil tomorrow ive onhold hour,negative
rebooked missed flightnever called didnt check email cont,negative
so bag,negative
hold minute counting month old change fee refund request funeral pathetic,negative
flight cancelled flightlations finally get flight get gate time amp youve given seat away seriously,negative
american eagle plane youre using clt rdu disgusting ashamed disgusting ew,negative
undermines intelligence customer ignoring complaint copy paste canned response usairwaysfail,negative
providing poor customer service responding complaint copy paste template flight unrelate flightd complaint usairwaysfail,negative
ive hold hour easier way cancelled flightget refund 😑😩,negative
enormous line customer service two agent kind service,negative
inexcusable behavior gate agent sorry isnt enough flight cltbna,negative
chose flight time sensitive arrival drop ball give clt good way lose business,negative
im trying cancelled flight flight within hr window hold hour alternate dial,negative
ive hold hour trying change flight come,negative
happens flight take cancelled flight thats issue dont want pay inaccessibility,negative
im assisting already rebooked agent rude unhelpful discourteous frequentflyers appalled unacceptable,negative
ridiculous clt missed connecting flight chuckhole runway shameful,negative
look flight trying book day gone guess someone got thanks keep failing,negative
one clt know runway issuesmy inbound flight one delayedconnection left without menow im stuck,negative
flight rude rude rude service awful,negative
contact info upgrade using advantage mile,neutral
upgrade,neutral
cancelled flightlations pbi pax dca sent different line aal awe help,negative
still need stay hold,negative
flight lexington afternoon playing big game tonight dobetter,neutral
hey based number retweets like fb post nice know im alone frustration guy,negative
seems airline without dedicated line status member,negative
flight nuw arrives following flight,neutral
learned although travel policy waive change feeyou still charged reservation fee,negative
star aligned connecting flight delayed clt made thanks glad know someone listening time ° mobay,positive
one cant use american mile,negative
cant sapphire member reach anyone phone,negative
gold desk quoting rebook due weather buy first seat flight hold min,negative
prepared hour hold time,negative
sadly word dont represent company action talk cheap,negative
trying cancelled flight flight urgentlyget hung twice sweet refund policy,negative
sean keep mind callplan hold hour,negative
policy regarding largesize passenger cannot fit single coach class seat,neutral
owen f dca gate rude,negative
worst customer service calling month book flight poorcustomerservice usairwaysfflyer,negative
hold minute amp counting cancelled flight reservation booked within hour conf code fdk xzmscw,negative
thanks hour flight pit phx zero entertainment guess quarter million mile delta,negative
get extended hold time due weatherbut hour hold counting help,negative
official time call hour minute must add minute reservation agent extremely professional helpful,negative
im currently missing basketball game due lost bag policy terribleservice wheresmyrefund,negative
flight attendant jerk 🐳,negative
easily ridiculous experience trying spend money company,negative
told software bug told call back system busy handle call clown shoe,negative
hold reservation min already worstairline,negative
rd issue plane fuel leak let u know soon decide getmeoffthisplane ineedabeer,negative
friend hold hour still counting,negative
anyone know hold time usairways reservation,neutral
flight dca clt stuck waiting clt atc cmon faa missing flt clt mbj hope rebook,negative
trying checkin online say callnow ive hold hourswhat,negative
long going make u sit plane repair could least get beer,negative
ive hold approaching hr issue changed ticket online frustrating,negative
hold hr min willing hang long answered min u yet,negative
whats point email stating didnt get bumped st class know im first class booked regular ticket,neutral
hour minute want know im still queue,negative
check st louis rude even tsa nicer,negative
disappointed least could give u access admiral club hour flight wedding,negative
paid upgrade first class went admiral club phx airport turned away flight cun mc,negative
please post wait timehave hold two hour,negative
saying friend missed flight clearly sat next plane amp youre cancelled flighting flight home wtf,negative
anyone even responding social medium awful,negative
big thanks gate agent fltkeeping u informed delaygreatcustomerservice,positive
im vacation last thing want anyone even answering phone,negative
fucking hate customer service ive hold morning trying figure cancelled flighted flight,negative
dca rsw cancelled flightled rebook charlotte cancelled flightled rebook self online,negative
find email address regarding reativation dividend mile nothing website,negative
baggage drop phl bc incredibly backed unacceptable service,negative
glad hear curiosity cause flight pattern,neutral
trying fly frm dca srq visit family member hospice cancelled flightled someone assist,negative
dont want reservation change adding service going public get help,negative
follower please note taking customer service call responding helping via soc medium dontflyusairways,negative
checkin shitshow agent behind counter tried send wrong destinationrude,negative
sitting runway phl last min correct weight flight arent system jobfail,negative
idea thanks,neutral
guesstimate hold time cant change flight online min counting,negative
trying change flight due nyc travel advisory online system cancelled flighted entire flight hold hr,negative
yes manner done harsh affected already checked remorse weak alternative,negative
ok thank,positive
told work joke fail,negative
incapable seating yo mom together toddler row fail,negative
bumping people flight ten minute takeoff flight overbooked fail,negative
call window seat airbusseatfproblems,negative
number call modify reservation please help frustrating american u air merger,negative
youve completely ruined pro athlete ability prepare race wont help get bike need dr,negative
cool told cant reroute bag told leave last night need race,negative
quick let board plane sit runway hour clockwork scareways neverfails,negative
also get excited he going unable contact destination get talk,negative
flight fracat odd zigzagging movement frankfurt everything ok,negative
pretty hilarious want finish awful experience something make right,negative
u would think u going cancelled flight flight youd rebook seat something last row usairwaysfail,negative
online clearly state say call re already explained,negative
dealing w fam emergency told rebooked aa flight ord system need help asap,negative
got thanks,positive
umm define extra time,negative
international,neutral
oh yes load time running connecting flight delayed minute,negative
hey bag damaged flying yesterday,negative
landed phoenix board flight quickly vega time airport,neutral
left something recent flight today contact retrieve please thanks,neutral
flight four subsequent delay destroyed travel plan evening looking resolve matter,negative
pm still bag,negative
spoke representative moved flight earlier thank much follow,positive
congrats youve lost customer good made united weather change free min guy hr hold amp,negative
supposed call internet desk especially since reservation told directly call main number,negative
u lose flight plan ur flight crew faa timed thx havin u sit tarmac hr pathetic,negative
ive hold minute waiting talk someone flight tomorrow another number call,negative
despicable flight plan lost weve sitting tarmac hour min flight,negative
hey guy want say best flight ever thank much fell asleep actually wet dream,positive
help update ktn profile ticket book via aa amp info didnt get pas ive hold forever,negative
youre honoring mile traveled last year,negative
need check information regarding hotel shuttle routing flight delayed flight,neutral
eventually given flight memphis taken original flight bc checked father,negative
heck one get internet desk authorize waiver would involved hold another hour,negative
supposed discus matter computer badcustomerservice airline dividendrewards,negative
gtk mile usair last four flight good airline much improved billing issue seat legroom air service,negative
say call connecting get song dance weather weather bad day called day wasteoftime,negative
really tried alreadygot message available next idea,negative
im glad youre sorry im homeless night make feel secure,negative
meantime ill sleeping park bench dadeland st thanks guy,negative
ah given one shuttle voucher ever get back airport youll getting bill,neutral
wonder misery considered damage breach contract lawsuit lawyerup,negative
wait booked along hotel nearby sent anyway hotel manager disbelief,negative
dont worry found hotel min away got around pm problem,positive
point told sold voucher wasnt fast enough,negative
kind gentleman gate tell go left get hotel voucher ticket gate took min get,negative
story start two hour delayed flight make miss connection miami,negative
worry able read entire book holding themagicalstranger,neutral
best think lousy way run airline online way connect hold hr amp zip,negative
flight scheduled pmtold flight cancelled flightled sitting cold plane hour,negative
refuse compensate passenger inconvenienced wouldnt even rebook another airline disappointed,negative
tell waited min charged phone change fee even tho wasnt allow make change online,negative
team need build capacity,negative
write cr sure good itll customer service experienced horrible,negative
st x told travel advisorynow two hr hold amp disconnected fl bhm charlotte phl wont gohelp,negative
made call usair today merge aadvantage dividend mile time say call back late flightr timesenough,negative
fuck,negative
im dumping dividend mile card forgetting airline exists ridiculous theworstairlineever,negative
dirty damn plane take hour get plane cleaned refund miles😡 wasteoftime theworst,negative
worst customer service ive ever experienced ill never fly airline ever pay sleep philly fuck,negative
ever sit hold lose track time,negative
u air ashamed service hold hour help representative reschedule due weather,negative
hold hour frustrating suspect operator come day like winclement weather,negative
worst hold time crazy agent horrible accountability usairsucks,negative
kudos robin lostfound reuniting w ipad delightful work,positive
website wont let change online even though airline issued travel advisory hold minute help,negative
always go happened airbus boeing customer service,negative
trying change flight airline travel advisory hold min help,negative
help add aadvantage number known traveler number reservation,neutral
would less annoying road condition werent getting worse every min u keep passenger captive good reason,negative
experience exceptional service cherry denverairport greatservice professionalism,positive
literally worst flying experience life flown lot,negative
purchased upgrade flight week ago gave someone else received refund sop,negative
figure cancelled flightled flight past week coming home hour delay cart pull plane broke,negative
minute hold help,negative
transferred x pleeeeeeeease help,negative
,positive
flight treatment passenger atrocious hour delay deplane given direction,negative
corporatepaid travel april possible purchase upgrade first class,neutral
thank supervisor jeanine coworkers excellent customer service provided,positive
sympathy offered holding reservation monday night thats pretty awesome ask,negative
express disappointment reservation department treatment sailor dealing death family,negative
thats spoke already weve already booked another flight wsomeone else thanks concern wanted,neutral
talked supervisor jeanine couldnt help minute talking nothing,negative
thought worst airline nah guy far worse decent airline,negative
flew u air first time yesterday got propositioned flight attendanttrue story creditcardsales,negative
year naval service run travel department command,negative
u airway website double charge people book flight apparently ive never booked twice,negative
already tried conf via dm,negative
new slogan dont want arrive time pick u,negative
crazy treated mom poorly happy usairwaysfail,negative
werent able without reflight booking problem recharging amount plus fee help phone spoke agent amp jeanine,negative
send email detail late flightr thank responding,negative
last time use airline promise,negative
mention im silver preferred member fly every week always even meal voucher,negative
need change div mile ticket travel started due weather advisory told possible unless flight cancelled flightled anyhelp,negative
supposed get fresno pittsburgh pm instead im getting pm tomorrow,negative
im stuck airport fresno trying beat storm pittsburgh guy offered nothing horrid,negative
hello question phone line jammed,negative
u worst airline ever figure merger dontmakemegooutside,negative
follow experience,negative
incompetent,negative
next plane broken seat row another hour delay mad,negative
make purchase take money dont reservationexplain,negative
u paying incedentals noworstairline,neutral
thought u merged usairways suck worstever,negative
yes thank great job turning flight jan,positive
hour hold issue still resolved hope make flight hour every minute talk minute hold,negative
connection made thanks week daddyshome,positive
worst customer service experience ever today get together,negative
know folk use airline doesnt customer service ever matter really hate complain brutal,negative
im plane sure mean sitting one story failure another fly guy,negative
still waiting brokenpromises notnice neveragain tellyourstory,negative
team terrifyingly rude young mother amp baby trying check flight phx jwa help,negative
,negative
rudest crew member experience throwing shade calling customer reachingnewlows,negative
terminal e miami still worst smelly airport ever thanks nothing,negative
amp told asked many question bag might still flight easy check land seattle,negative
cancelled flightled original flight aruba way home told dont seat never flying,negative
go flight last week delayed already min think leave phl waitingagain,negative
misjudging deliberate strategy seen multiple time usair make staff life easier expens passenger,negative
delayed need extra min make would appreciate little help week,negative
stuck tarmac hour half told longer go hotel available land phoenix unacceptable unhappy,negative
happening worstairlineever also marie burroughs worst customer service rep ever yourairlinesucks,negative
technical issue inefficient computer triage system personality compassion operator sad example sad company,negative
suck ruined day vacation isnt even june,negative
maybe prepurchase meal email flight min short hour guess none offered,negative
yep check gmail promotion folder regularly,negative
bag ”l x ”w x ”h allowed carry,neutral
thanks nothing,negative
nothing tonight flight gogo internet way someone could send dm email,neutral
bad plane amp gate change lot exercise travelfail let hope plane work im tired,negative
good info already signed option none sound like applied missing email,negative
faster way get columbia sc making stay clt night delayed flight,negative
thank,positive
please get plane together go jetblue,negative
might went confirmation please wait form,negative
found tix security code working tried dozen time,negative
nightmarish customer service elite member im appalled,negative
never given number elite usair aa waited hour answer seat gone,negative
get bag e gate b gate charlotte airport pm flight late flight cause yall i’ll ride u life,negative
debit card dividend member,neutral
nothing important told wait line patiencerunningout,negative
redeem pas admiral club free visit barclay card membership bring companion,neutral
almost home east coast freeze headed phl connect avp tgif,neutral
someone please tell talk getittogether findurgrip,negative
insulting offer non required voucher goodwill offeringat least bag fly round trip,negative
travel advis nyc phil pa winter weather u air hasnt posted one yet still change flt wo pen,negative
im trying request missed mileage keep saying cant flight say call number,negative
flight carryon missingstollen plane left gate worst customer service doesnt seem anyones concern,negative
checking plane everyone board plane pissed,negative
used get email prepurchase snack time check got neither tomorrow trip get sent,neutral
link didnt work via mobil,negative
wishing luggage day pay way st thomas san juan spent extra mess,negative
im frequent flyer u airway im qantas still get notification thank,neutral
get,negative
run show airport boarding pas say u airway wait american line yousuck,negative
chance travel advisory dca weekend,neutral
yes thank appreciate u checking,positive
cant book flight prn website,negative
ridiculous planebroken cant wait board one home hour late flightr neverontime brutal paymytab,negative
yes sunday,neutral
since maintenance problem missing flight crew equal delayed due weather im confused since sunny sky,negative
keep calling help line keep saying busy help amp call back late flightr week,negative
would like watch video loyal customer really treated asking explanation hour delay,negative
lie said email delayed due weather sky clear city departing,negative
im enjoying flight far youre great job today tough thanks making flight comfortable,positive
look made right call cho please evaluate,negative
thats question question get past computer fastest know computer cant help,neutral
dividend mile credit card amp used book flight one bag free,neutral
checked day cho need added please evaluate,negative
hi flying myrcltord tomorrow weather looking ok problematic,neutral
u tell clt jan gotten gate yet tight connection clt mco,neutral
please hold u need get home tonight weather almost,neutral
followed,neutral
shavon customer service desk charlotte fantastic helpful smiling evn sound like long dayreward,positive
scheduled flight satmorrow choclt cho need added weather advisory please evaluate asap,neutral
another squashed flight share seat another passenger idea quality travel,negative
look another apology fly,negative
painful hold really minute change flight,negative
yep sent bag philadelphia instead miamii caught itthen told flight changed tomorrow wrong fail,negative
shall see next couple minute,neutral
right use shuttle ticket lga bos shuttle flight probably gonna miss pm,negative
need get human whats fastest way achieve get computer,negative
checkin staff phx awesome great traffic control general boarding,positive
batting four flight month four delayed,negative
sure dmed,neutral
amp also told comp upgrade etc reflight booking problem good enough usairwaysfail,negative
tomorrow missed meeting today amp pointless pay hotel today purpose trip screwed,negative
merging aa dividendmiles yield error exact step navigate phone menu get computer,negative
plane pbi clt knew frozen water also saw plane nyc take gate next door,negative
next flight delayed well charlotte luck,negative
talked reservation must congratulation friendly good usair airline fly,positive
trying establish policy thanks,neutral
fight delayed hr mco im stuck philly standby ticket flight solution needed,negative
sure carried bag numerous time style plane planning accordingly apparently account nothing,neutral
know like gate x nothini like nothin bout yo ghettofab gate usairways,negative
ive tried calling time past day keep getting told call back someone please help,negative
gate agent clt forced check bag z amp proceeded allow larger bag huge inconvenience travel plan,negative
vega baby doesnt good time vega lol,neutral
wife flying atlanta vega march th since couldnt get tricities tn,neutral
worst customer service ticket fee worth accommodate given circumstance bos,negative
see response obviously think service acceptable customerservicefail,negative
“ sincerely sorry sean reservation working hard answer everyones call appreciate patience” false,negative
absolutely,neutral
wasnt weather morning awe diverted back bos due mechanical issue far lost one day,negative
contact people still answer keep sending keep sending,negative
one appreciates sas gate agent gate c lga flight u irritated customer,negative
get stop sending email ex boyfriend account dont care many point,negative
seat phone iwas told getting error msg due paid st class upgrd told check amsound right,negative
waiting bag min phl bag claim,negative
awesome flight philly tuesday party row youre interested,positive
flight already think airline flight attendant actually emphasize vape still smoking,negative
call volume high best answer hang,negative
got able switch flight charge thank,positive
please start offering route location instead charlotte atlanta,neutral
welcome north texas u air american air employee housing education great opportunity gr state texas,positive
oh saw said nothing,neutral
yes lost whole day frustrating poor customer service,negative
saddens first tweet ever complaint customer service,negative
trying check online flight tomorrow tried computer tablet phone got error message device,negative
merge mile account site tell info dont match even though cant find difference,negative
yes go pick pay cab ride rude employee poor customer service,negative
bring mini bottle booze flight,neutral
staff lax really messed one failing scan suitcase tag,negative
happy start trip cancelled flightled flight poor customerservice,negative
nice try doesnt apply philly,neutral
policy around bringing breast pump board,neutral
thanks dc yet see keep link check back appreciate,positive
im glad spend hour try track basic information already available,negative
guy offering nofee change flight dca tomorrow afternoon,neutral
get ahold reservation supervisor,neutral
called btv desk information exists system dont make easy customer access,negative
awesome yes,positive
website give correct info said bag miami key west entire timei got run around day,negative
hold minute speaking lady airport counter gave,negative
want find bag wont go hassle trying claim suitcase usairwaysfail,negative
literally say case open good,negative
sorry trying add day vacation charge change flight,negative
melinda reservation greensboro nc absolute jewel thank shes amazing,positive
two woman workng phl bag check term c et fired rude pushy treating customer disrespect,negative
best gagent long time danny b u dfwclt appreciated date kept u irrops super professional,positive
good news got fixed,positive
dont bother wasting time send u form letter amp let u choose gift certificate worstcustomerservice,negative
thanks beareavement discount anymore book online,neutral
flight pushed back pm departure,negative
trip ur saving grace ur cheaper flight willing pay bttr service bttr airline,negative
horrible experience key west lost luggage called check amp told call back reconsidering flight back,negative
thank,positive
needed destination lunchtime today one could get u flight ive since learned one,negative
yes get i’m asking specifically feedback i’ve given,neutral
delayed im charlotte big surprise,negative
cancelled flightled flight person line one agent helping rebook couldve handed one better,negative
hold hour amp told done willing apologize stillnotonmyflight,negative
happening flight bos phl daughter fiancée stuck bos,negative
isnt funny apologizes doesnt actually take step go amp beyond customer notimpressed,negative
flight cancelled flightled rebooked pm flight time take ill spent extra hour dca,negative
weve sitting plane almost hour waiting fueled shouldnt done b got,negative
thank,positive
get free mimosa compensate flight delay yet thx,negative
reservation agent phone great job,positive
get ur act together start treating ur passenger w kinder sanitized plane take page perhaps,negative
joke stop losing luggage,negative
book using sort breavement program need get home pop funeral,neutral
ive hold min sort reservation sync message trying check whats wrong,negative
thank don’t understand feedback,neutral
idea customer service mean customer mess plan dont treat like big deal,negative
still hold hour minute counting platinum care problem checking care,negative
little help two gate agent trying rebook flight,negative
respect stress merger one rep reschedulereplane ppl already late flight youcandobetter,negative
flight fll told take train back pbi get car train pbi,negative
fly quite bit difficult communicate agent let people know whats happening arrangement made,negative
handled phone unfortunately wiped entire trip im displeased,negative
headed nyc clt funny hear phone ring entire plane groan happened twice,negative
made send bloody mary row,positive
gainesville fl,neutral
already let know sent complaint got call back finally asleep return call back,negative
thank valuing feedback,neutral
flight werent morning flight thursday monday turned tuesday,negative
spoke customer service rep rude curt transferred eternal hold sad badservice mergerdisaster,negative
customer service nightmare hold hour im platinum member aa feel like worthless,negative
never let every single flight get delayed,negative
sitting ground charlotte gate comms flight deck great happy friday hope make connection,negative
done,neutral
made never ran fast life,neutral
ive standing crowded bus past min dcapit help,negative
thanks cant flight cancelled flightled maintenance reason next available flight late flight,negative
yes rebooked next day wed thanks upset lost additional work day paid hotel losing,negative
call gate clt get flight,neutral
suppose need tweet everyone horrible airline take notice let try route,negative
fix asap,negative
felt could better making email feel little less “we don’t care we’re automated,negative
cancelled flightled flight back holiday gave refund ticket phl ewr really,negative
im logged flight booking problem need add api travelling state cannot see,negative
thanks helping reflight booking problem cancelled flightedflight yvonne anthony help u get tel aviv time happyfriday,positive
big thanks yvonne anthony chairman desk top tier customer service today outstanding service amp support,positive
plane degree burning completely illegal,negative
fucking kidding,negative
siting tarmac philly another minute lame sorry doesnt help terrible,negative
damn delay,negative
would nice pull gate still sitting,negative
app worst one airline cant anything original flight time gone useless,negative
completely wasted work day thank bad service bad friday,negative
also great tweet complainer inperson help need robyn f manch useless,negative
youll receiving long amp detailed complaint letter soon long story short never flying usair,negative
thanks making miss connection getting rebooked missing miserable day started day nothing,negative
need learn operation sit plane overnight gsp realize there mech problem delay flight hour,negative
flight delayed amp closed door tell u would leaving hour half bad bad service,negative
would give u option get plane instead sit hour half knew gate,negative
overflowed armrest leg sprawled refund choice grossedout,negative
appreciate prompt response,positive
nothing available male flight crew nicedismissive big guy standby probably didnt even pay choice,negative
well told sitting plane hour option getting,negative
want hang plane day traveling get work done turn right back around unacceptable,negative
doesnt seem likely bc team failed scan bag lax recycle bagtag number doesnt help usairwaysfail,negative
complete waste day trip work turned sitting plane day ridiculous,negative
given option get plane sit time longer actually flight,negative
plane moving ice moving end runway sit lga one runway open,negative
course weather joke beat degree phl ⛄️☀️,neutral
nothing available male flight crew nicedismissive big guy standby probably didnt even pay,negative
setting lawsuit way sit plane hour half,negative
thks u phl fll overall st class improved food phl fll crew super,positive
want sit plane dca lga hour half longer flight,negative
unacceptable im going day day sitting plane mention air,negative
moving plane end runway u sit hour half didnt even let u,negative
hi somebody avail help refund unbelievable phone w u hr day,negative
plus u airway need something left philly thaw,negative
ordered scotch amp water fa asked wanted full glass half yr old first time ever asked,negative
yeah mark like mile back also hour late flight thanks ton great service today,negative
got drink fa sat jump seat crossword glass picked landing lazy service first class,negative
paid choice seat choice big man next seat oldseatnocushion worstflight nohelponboard,negative
first class snack basket catered drink preflight drink coathanging st drink service min take,negative
told u last night ground stop ohare four hour obama landed stop blaming someone else,negative
delayed due frozentoilet medicalissue mechanicalissue dispatchissue weve heard letsgo,negative
able mean private conversation helping w luggage wont fit overhead,negative
trying make connection punta cana leave phl,neutral
worst minute delay boston weather relate flightd going miss connecting flight gassing plane issue,negative
worst still havent left everyone missing connection,negative
today flight philadelphia little disappointing unnecessary delay even snowing fl,negative
trying book flight using mile straight day min phone still havent talked human,negative
help reroute trip,neutral
gonna miss connecting flight delayed flying boston,negative
im finalstretch chairman execplat mileagerun k needed suggestion letsgo,neutral
flight waiting weight balance info past minute,negative
thank refunding baggage really appreciate,positive
thanks taking flight board providing update flight minute late flight,negative
going miss u airway always provided great service never let,positive
never worse experience life,negative
rebooked cancelled flighting flight crew expired boarding unacceptable started delaying pm,negative
hr stranded dcazero apology worst customer service faithful traveler year,negative
response doesnt correct fact pilot failed keep passenger updated,negative
dca pm still due mechanical issue lack snack plane absolutely worse experience,negative
almost hour late flight due mechanical,negative
never flying usairways horrible experience terrible customer service,negative
mobile boarding pas email,neutral
willsunday day away,positive
following,neutral
unacceptable knew pilot wouldnt able complete trip wasted time,negative
three plane flight still havent left ground bad service sad,negative
told offload captain hour terrible experience,negative
loaded onto plane hour late flight mind made sit minute,negative
load u flight captain hour could fly one consecutive period unacceptable,negative
offloading plane ridiculous,negative
“ excited fly u jb be” spring break,positive
still sitting nobody said anything whats,neutral
actually true get seat online big hassle policy totally dishonest misleading faa,negative
thank least tweeting back better 👌,positive
seems unlikely without crew board u,negative
thats incorrect four people last flight night bag horriblecustomerservice,negative
exicted flying yall soon,positive
choose seat free clicking button,neutral
fact making customer pay choose seat try convince using psychological trick color,negative
i’ll addition reviewing blog agent pleasant experience less,negative
new seat assignment service embarrassment airline customer worldwide shameonyou usairwayssucks,negative
worst experience ever guys…see blog tomorrow experience maybe help make better,negative
freezing bus circle,negative
please explain plenty time since im stranded,negative
doubt p amp r still held captive ground dca little communication front would b nice,negative
cost change ticket cost purchase new ticket,negative
sitting freezing bus nobody plane,negative
already spoke someone several time matter one sympathetic fly u home early complimentary,negative
doesnt want get home,negative
dont stand alone bought tix based usair confirmed flight good confirmation change anyway,negative
dcagthpn u r prof hostage takerswe stood bus plane minnow sitting plane mvmt amp announcement gt hour,negative
bet dont im paying customer know check flight delay thank,negative
cant even use return flight home change fee charge expensive forcing purchase new ticket,negative
oh great hour delay get sit plane another hour without moving flight awful,negative
thats st sorry received company least could fly u home early extra charge,negative
never flying guy extremely disorganized many delay,negative
buddy currently delayed hour counting dca way cae golf week compensation flydelta,negative
flight delay flight missed connection… help,negative
flight connect,negative
even simple google search flight number tell gate wont difficult sure disappointed,negative
yes sure guy dont know gate occupied keep u waiting,negative
wow mile program ripoffquick ticket fee hope end unemployment,negative
bos gt dca delayed need stop filing complaint faa consumer affair,negative
sitting tarmac waiting deplane minute level service ive come expect,negative
gladly take loyal customer money cause inconvenience nothing help fix problem caused,negative
least could make caused ruining people memory ashamed,negative
st late flight plane missing flight crew maintenance problem gate switched time call customer service,negative
due expensive change fee either airline chose could screw u stranded help,negative
cant afford international change fee rebook trip wanted go home turn cant afford go home,negative
fault policy say least got u destination really,neutral
ruined honeymoon causing u miss international flight stranded,negative
fa attendant phl pwm tonight fab asset team f great night team,positive
thanks overflight booking problem first class automatically downgrading upgrade min boarding ffstatusdontmatter thenewaa,negative
grandbabies week travel dc birth thank reasonable fare see saturday,positive
thank fare dtw dca much lower thank,positive
flight phl london sitting tarmac min wno update pilot give,negative
already four time,negative
minute holding seriously average wait time minute maybe maybe youre understaffed,negative
submitted refund request b st flight day ago need,negative
know thanks evaluate chairman,positive
seriously shared concern four time already avail geeeeezzzzz frustrated flyer,negative
hot food hour flight crazy couldnt eat phl bc original connection min late flight give phltolas,negative
seriously flight delay cinci philly due new ground staff miss connection man uk argue hotel wtf,negative
thank continuing worst airline didnt need extra hour sleep hour travel anyway,negative
guess respond compliment sorry cant think even one,negative
usairways disappoints cancelled flighted flight missed appointment promised refund lie,negative
minute hold waiting speak agent come usairways ridiculous baggagelost usairways,negative
unable locate baggage frustrating son clothes need zfv yyz usairways baggagelost,negative
already question still say progress day,negative
kidding bad customer service folk flew psp phx flight cont,negative
thanks getting rescheduled direct flight nola tonight minutesand hopefully hour earlier getting,positive
problem flight gainesville u airway clt miss connecting flight iad get another flight,negative
still rep talk day late flightr u r asking checkin flight tmrw refund requested deal w,negative
flight waiting minute rsw waiting weight balance clearance come let u leave,negative
marked completed im scared im going lose reservation money going refunded,negative
completed thats case still say progress paypals website reserved th,negative
contacted bank took money today also contacted said reservation,neutral
appreciate call flight delayed recorded msg tedious amp go amp vote text practical,negative
horrible communication delayed flight lga got email second w different delay time horrible,negative
thank finally got bag customer service rep wonderful,positive
pm flight phl sat snow expected able switch earlier flight without penalty,neutral
got bag today thanks,neutral
min hold time hang manager mike dividend mile dept tough justify sticking u air cc status,negative
never fails disappoint,negative
platinum flyer bought tkt aa also account linked cant check flight tomorrow,negative
person taking ticket rude delayed minute overfilled fuel plane,negative
flight seattle lb much fuel water lavoratories nice job guy est min behind,negative
flight phxgtord lead fa bill professional fa seen year flying usair ab card,positive
miss work taken philly i’ve flight bos —gt phl many time re seat,positive
vueloes vueloses sell cheap madnyc usairways trusted web scam,neutral
total lack cust service mom flying solo w baby flying w air,negative
pure anarchy flight slc people walking nothing packed bag arm full stuff getittogether,negative
knowhockey stick expensive baggage handler shouldnt throwing cart,negative
problem thing worked airport thanks,positive
word whether flight seattle charlotte connection held,neutral
please change direct flight ric jfk instead lga pleeeeease lga pit,neutral
tried doesnt help much reservation seems overwhelmed issue,negative
take lesson wait passenger connecting flight shame,negative
phone nbr refund dept,neutral
post travel alert website traveling bdl sunday morning,neutral
yes domestic flight thank,positive
bring copy photo baby birth certificate flight feel uncomfortable traveling real thing,neutral
would like see similar phl,neutral
thanks made safely,positive
say connection good stillbut another reflight booking problem last thing need today,negative
tell talk delayed flight aa tell talk u ihatemergers,negative
holdup looking another flight,negative
going take hournot okay usair okay ruining everything,negative
delayed,negative
min hung always awful call reservation,negative
guess take chance amp keep courtesy free seems cabin always full,negative
hour late flightr lost conection 😡,negative
heard monterey airport closed due thick fog update,neutral
min hold reservation line embarrassing aa platinum member,negative
love change lounge cheese veggie olive addition cracker snack mix,positive
thanks another method also would nice appears design flaw,positive
yes every one every flight like need velcro something,negative
please secure footrest shelf business class airplane,negative
forgetting fuel realizing cargo add plane one way try mask delay,negative
gate team polite plane habitually late flight many case passenger waiting flight crew,negative
fuk u u airway yo shitty chicken salad sandwich overpriced u fuking make wait hr layover fuk u,negative
uncertainty know u run account u dont create policy undue penalty job reqing flexibility,negative
anyway get rebook help twitter,neutral
letting u go runway mechanical problem wewantcomps,negative
wtf going dc bos twice go back back gate leaving runway total b,negative
moving tarmac delayed unknown reason ill keep posted,negative
keep missing updated connection need make jax friend wedding strandedattheairport,negative
guy losing luggage suppose flight highly disappointed med clothes,negative
wanted connect discus sponsorship opportunity silicon valley day film festival,neutral
poor excuse towards front plane sandwich pay,negative
im patient im annoyed cant book travel online shouldnt make people wait phone,negative
u airway csr phoenix airport fixed problem,neutral
still yuma waiting go look like might miss montereyregionalairport need option please,negative
“ thanks feedback alan” thx help watch flt lve wopen seat wait hr nxt flt,negative
dont think u site allows unlike use u credit held,neutral
lol,positive
still waiting response,negative
call use credit fm prev cxl tix cant rebooked onlinerep called quoted k higher website,negative
basically stuck paying hidden fee bumped inferior flight jetblue come usairways merger,negative
change,neutral
oh irony dog spot barking waiting area right front please send cocktail coupon stat,negative
u air switching aa io app aa app much better,neutral
change ok time r open seat earlier flt chkd bag let someone fly standby,neutral
thanks gate agent state college pa able get earlier flight figure earlier connection,positive
think weird mileage,positive
flight clt bos,neutral
kid anxious husband cant sit current setup warning seat changed,negative
guy switched didnt inform chathes,negative
worst airline everleft without luggage day submit expense offer refund badservice,negative
app bad feel bad,negative
still irritated well planned booked return messed amp warning,negative
companion ticket benefit premier world mastercard still limited usairways flight aa qualify well,neutral
probably losing family world traveler customer due broken process hope fix,negative
one flight though nd leg kid sitting scattered aircraft,neutral
yes thanks never seen anything like come yuma time big disappointment still waiting,negative
hearing lot instead feedback get back home,negative
as backwards process using credit flight even trying get hold customer relation impossible,negative
destroying life eastern lively little event profit,negative
hour cross country morning flight food badservice,negative
u airway since back forth gatwick charlotte lhr bit sad nostalgic way,neutral
understood sympathetic get back shouldnt pay especially switched flight,negative
bought ticket month ago seat together havent changed flight kid seat scattered plane,negative
person check people plane board minute telling people exec benes honored,negative
problemjust funny nice day,neutral
yes travel complete flight clt cak feb,neutral
cancelled flightled due maintenance plane hour get shit together lot people unhappy,negative
year every time u air something happens sat waiting rescheduled flight hour say,negative
switched american airline flight choice charged bag thought yall merged,negative
flight cost happens fly problem come u time,negative
even airline scheming get follow obj lmaooo 😂😂😂😂,neutral
got philly monday got final destination south carolina wednesday acceptable,negative
hour still one yuma counter,negative
dm amp add upgrade list flt tonight,neutral
people line stupid heck,negative
people line waiting minute customer service representative,negative
feel sorry aa,negative
one yuma ticket counter minute people line terrible service,negative
“ reminder we’ll tweeting look ward follow back,neutral
amazing day delayed hr bc frozen ho plane sitting gate plane min still waiting flight,negative
end rt reminder we’ll tweeting join u,neutral
stuck philadelphia airport hour due maintenance dreading flight back home disgusting,negative
ill sincerely regret dividend mile good thing coming end,negative
thanks,positive
“ reminder we’ll tweeting join u,neutral
thanks telling flight time plane broken youre inferior airline,negative
know complain rt reminder we’ll tweeting,neutral
frequent flyer mile schedule interchangeably get credit,neutral
ive called resolve dividend mile issue week avail please advise asap,negative
finally answered rude didnt help,negative
dont leave,neutral
success made flight please thank crew great time recovery,positive
embossed badge patch superior one currently using,neutral
far good week sav clt boarded departure time first time week perhaps time departure,positive
accurate safety guide shown mp player usage takeoff landing,neutral
ive hold min counting cause charged credit card bag provided receipt said error awful,negative
party booked flight aug find much would cost change earlier fl,neutral
still sitting feel badly handled,negative
lilly sju check fabulous,positive
hold two hour got hung oh god,negative
phone hold min trying speak agent cant change reservation online sigh badcustomerexperience,negative
thats thank,positive
ive music hold hour trying get aadvantage membership merged someone please call asap,negative
flight full open middle seat want sit policy,neutral
daughter candice together baby,neutral
sorry meant flight supposed depart say issue,negative
moving seat bought month ago happens far often,negative
could change name dothatd awesome also plane smell like onion ring,negative
tbt every day,positive
whats issue flight jax delayed tonight,negative
got rebooked sent wrong gate traveled back b correct flight tiredampfrustrated,negative
youve got room earlier flight home charge get hero,neutral
question lady behave,neutral
dl send ethan new pant white revive laundry tab he great guy good crew he err single,positive
update flight philly la sitting gate close hour,negative
price honored ive waited hour hold make sure still get price originally started,negative
thank refunding bag fee look forward return today hope,positive
whats happening phl lax hr delay poor communication,negative
stuck phx overnight service getting worse flying southwest,negative
left u stay flight got bag suck run baby bag,negative
😂 passed frustrated hour ago asked get first plane sat hour,negative
another bad experience today frozen pipe missing connection,negative
course yeah travel gotten harder ask passenger switch fact attitude,negative
sky r sunny air cold cant wait get clt,neutral
never imagined would hard spend money u air stubbornly hoping someone come back phone,negative
found great price thru u air honeymoon website wont work hold hour told min,negative
flight phf clt terminal cant get plane yet need get iah flight,negative
hold two seat flight phx la delayed flight going arrive ontime,negative
im chairman st class flight today system cancelled flightled ticket kicked st,negative
ive hold minute get receipt know guy busy think time higher staff,negative
thanks hour layover la too👍 icing cake least staff courteous helpful unreal,positive
yeah expecting hour,negative
wish flying cancelled flightled flight tomorrow never notified u flyus ripoff,negative
mphx im still plane waiting waiting,negative
im trying merge freq flyer accts keep getting error message machine calling provided help,negative
hold captain late flighthis bag doesnt fit,negative
thats,negative
thanks slowing inbound plane didnt need worry eyw late flight great holz ahead cheer 😀,positive
turn seat cushion clean area please explain issue,negative
booked seat ended last row labeled occupy play musical chair min unacceptable,negative
phone support rebooked orig flt late flight made,negative
kudos phone support charlotte gate staff,positive
let say directly correlate flightd chance replacement case know would cost airline less,negative
afternoon conference la vega would rather plan ahead run thru airport attempt,negative
try stuck tarmac waiting gate may miss connection,negative
thought moving lot business first impression count glad mile cash,negative
chance making,neutral
flight delayedconnection help flight help via email,negative
hey letting know youre worst fucking service ive ever used thanks nothing,negative
flight u passing ft morning,neutral
ok worried something wrong flight consider flying earlier,neutral
part tried calling cust serv system hung twice system issue please advise,negative
wife trying check flight tonight rswwebsite allowing saying must go airport part,negative
lol thanks switch american,negative
preciate cant get plane speak w agent wont come plane knoxville,negative
good ideasshe traveling todayat airport need petition faa regarding silly name change rule,neutral
re went maiden namemarried doc maiden name hence problem,neutral
called reservation cannot change able put note re problem tsa,negative
im delayed tys likely gonna miss connection clt cun gotta get today help,negative
plz plz plz hold eyw phl gtclt sooo late flight gonna miss connection th gth,negative
btw upset usaiways promise,neutral
hate,negative
passenger maiden name ended last name online flight booking problem yes understand non transferable,negative
understood u airway getting tsa problem,negative
paid seat expect able use full seat,negative
passenger large put armrest using part seat recourse nothappy,negative
told coded upgrade clearly purchased seat mile refuse downgrade ripoff,negative
gate agent said booked full sorry ticket st class seat call customer service land,negative
empty st class chairman cant move due silly award travel rule trumping common sense customer service fail,negative
change correct last name via reservation already said cant change ticket name,neutral
youre airline thats open sooner confidence booster,negative
checked last night airport supervisor w boarding pas boarding today seat changed f happen,negative
new problemhad wrong last name reservation airway fixed new cant get tsa,negative
cardholder flying u airway advantage card frustrating,negative
received brochure mail touting benefit advantage card usa mergedbaggage included,neutral
paid ticket advantage world executive card pay baggage fee flying u airway wife traveling,neutral
worst trip little customer service,negative
testing patience evening shall say morning waited hour gate find gate agent,negative
flying manchester international philadelphia getting email delay information connecting flight,negative
thank cincyjust landedyou add frequent flyer mile account long incredibly frustrating day,negative
credit card statement received anything way look,negative
waited hold long shouldnt wait hold forever never received confirm st place help,negative
dealing w solve probs team created manch nh staff clearly cteam btw notevenjv,negative
,positive
unfortunately doubt consistently subpar service improve merger usairways,negative
thank filled claim hope bag tomorrow,positive
didnt cancelled flight flight loved another flight forgot bag,negative
done,positive
told ticket expired never recvd notice expired sucksi paid k mile amp tckt,negative
captain flight phxphl tonight hilarious greeting pointy end airplane haha thanks,positive
noticed dont believe saw confirmation flight bought week ago def paid though help resend,neutral
worst customer service still providing answer even drove back clt airport rude amp unacceptable fail,negative
plan support applepay board usairways mc would nice still use forget card,neutral
got phone usair cancelled flightled return flight missed flight way took care,neutral
run patience sitting bus without air front plane communication anyonemin,negative
delay cancelled flightlations double layover hour late flightrcould least get extra dividend mile,negative
“ appreciate shoutout roberto dm confirmation code forward kind words” sent,neutral
didnt take original flight suppose arrive last night pm today didnt get til,negative
sitting minute runway dca gate full early landing late flight flight,negative
flight let u plane please go gate absurd,negative
get full amount credited account u airway credit,neutral
trip row missing luggage like last time pay baggage transported,negative
lost luggage yay,negative
found flight want aa advantage applicable earn mile since youre merging,neutral
really frustrating endlessly waiting phl ground crew taxi u pm night taking long,negative
thanks calling p redirected flight p smoothoperation,negative
bad customer service experience help,negative
trying reach dividend mile extend ticket last day call get message call back,negative
really,neutral
airline misplace airline attendant reagan airport since pm cincy delayed trying find,negative
flight finally arrived charlotte booked luggage thru lga room flight mess,negative
hold hour still dont know bag wont refund flight wasnt weather,negative
,negative
wife flight change due weather cant checkin return flight fails possible usair cancelled flightled,negative
thank fixing hour delay,positive
yup minute limit waiting hold thanks nothing,negative
patience acceptable,negative
please follow dm something,neutral
flight hr amp ive flight attendant flight freaky coincidence plus side shes great,positive
landed safely everything worked,positive
explain hold hour im dumb using different airline wth,negative
used evening flight dcadsm early return middle work day inconvenient,negative
delay max,negative
sunday cant wait see,positive
well nofun nocustomerservice onhold trying make reservation nothappy,negative
shouldnt take longer get gate flight take minute flying time minute runway far,negative
attempting ckin flight day site unable retrieve detail called twice disconnected,negative
emailed week ago still nothing,negative
would willing pay anything change flight help,negative
yeah guy told call website booked booked website unacceptable,negative
still waiting captain report he called time get ground crewand still sitting runway evenlate flightr,negative
real mvp holding flight connecting philly tampa,negative
finally rectified flight situation thanks,positive
difference cancelled flighting reflight booking problem help avoid change fee,neutral
time today phl nice work thereisafirstforeverything,positive
likely lost business terrible experience many time stuck tarmac last min cancelled flightled flight done,negative
day cant find bag anywhere bc theyre saying never scanned amp technically never left lax,negative
ground crew dca already late flight arriving evenlate flightr,negative
told tough break unacceptable cant even tell bag,negative
ice cream front solid,positive
shout pilot fc attendanteliz u super strong crosswind landing eliz super job throughout,positive
telling dont correct tag luggage luggage apparently la charlotte ok,negative
software broken call customer support fix like said earlier yell developer,negative
double booked spoke c weve got plan fix still amateur mistake never happen,negative
nothing done online help bought birthday present trying able afford change,neutral
hey guy due horrible customer service issue way get checked bag credit,negative
delayed day weather top got yelled late flight notified time change welldone,negative
great experience first time flying u airway going forward ill probably taking business elsewhere,negative
loosing lot business using barclays cant believe cant apply card live iowa,negative
accommodated dsm flight tonight delay myrtle beach flight dsm back tonight,negative
far ive gotten six different answer,negative
oh certainly two pending transaction bank account really happy charged double,negative
got email asking checkin tmrw flight meant book someone please help,neutral
whats going ive hearing notfriendly please wait repeat im hold transferred idk,negative
captain turned seat belt sign people get walk around thats good,negative
im sorry well hr without bag cant get straight answer im call today,negative
yall need work online checkout system two bank transaction one ticket bush league yell devs,negative
wish way there problem wdeicingthree amp hour delay far amp sill sure well taking,negative
could ran usexpresspsa worth damn wouldnt stuck horrible clt,negative
run piece shit airline thanks ruining aa,negative
“ appreciate shoutout roberto dm confirmation code forward ur kind words” confirmation code,negative
finally back board door closed reopened need fuel think someone wd thought earlier,negative
secondary screening piece plane missing anything want tell u,negative
sitting tarmac pit min announcement sitting,negative
tsa precheck isnt showing boarding pas flight tomorrowhelp usairways tsaprecheck,neutral
appreciate actually monitor twitter please pas along feedback ive tried calling time day,negative
cant help frustrated hour call u end disconnection answer especially div pref member,negative
dont think ive ever u airway flight went smoothly,negative
please improve phone system going multiple prompt amp menu told call back late flightr major fail,negative
service leaf lot desired flight early short staffing mean wait tarmacthanks,negative
late flightr flight charleston leaving flight scheduled earlier thats wrong,negative
im delayed cha miss connection charlotte lga good,negative
added seven hour day far want take odds bag carousel kc notcool,negative
missed uncle funeral hope find another flight thats considerate,negative
last flight cancelled flightled im disappointed,negative
lost faithful customer,negative
time one able help,negative
marsha myrtle beach greatest deserves respect praise thankyouforeverything,positive
seriously attendant go awol min flight delayed dont lite match either,negative
joined silver preferred heard customer service great pity misguided,negative
bad practice disappointed airline preparedhonestly last time fly guy,negative
well worthless regular service bunch nothing idiot suck,negative
change well late flightr find flight scheduled isnt ready,negative
cancelled flightlations delay causing miss connecting flight another night home thanks pathetic,negative
thats understandable issue creating new flight without personnel iti changed plan accommodate,negative
thanks need locate luggage,negative
havent departed yet let get high hope everything schedule far,positive
thanks showing interest greenville sc,negative
app suck ball compared,negative
usairways flight late flight getting charlotte miss connector phoenix thanks last time ever fly usair,negative
thanks suggestion stop promo message bit run music amp msg say call volume high vrm,neutral
admiral club clt rude ignorant front desk staff fallen farthanks doug parker,negative
clt jfk nasty plane dirty seat amp floor rude flight attendant hopefully aa get cleaned disgusting vile,negative
paid ticket th still say pending normal want money account,negative
ok thank told ground delay due snow,positive
made cancelled flight car reservation came moneywhy reschedule time without crew,negative
flight cancelled flightled yesterday moved today stop dc flight delayed due lack crew u,negative
looking forward friend family time arizona,neutral
dont think already said one responds auto response wait auto response,negative
first class way💺✈️ headed,positive
started trying reach real person hour ago still luck,negative
u wife boston say snow right,negative
tried call customer service line kept que min please hold dont care,negative
see lie auto respond insulting email suck,negative
pple great job w madness however system need help appreciate hard work amp push b better,positive
thanks giving away seat another fine job,positive
stuck plane due snow boston actually snowing boston usair flight u,negative
ive waiting desk hold min countingphoto desk agent phone flattering,negative
thanks,positive
cancelled flighted flight time past daysand experience worstnever,negative
thanks betty working gate ilm lovely gate agent clt helping get home phx tonight instead tomorrow,positive
flight saturday mci clt there heavy snow predicted mci u allow change,neutral
realize weather day day flight keep getting cancelled flighted please prioritize ur passenger help,negative
help get response usairwayssucks,negative
team back home luggage wet partly damaged happy blizzard,negative
surprisingly quick response time thanks,positive
stop cancelled flighting flight provide real help customer strandedinnashville,negative
strike againlost bag two theworst,negative
cancelled flight trip la bc weather easy u air making pay use credit never,negative
whats point baggage claim ticket dont scan tracking,negative
access dividend mile week automated phone keep telling call back late flightr frustrated livepersonplease,negative
cant even track bag see like disappeared,negative
cant get ahold anyone speak missing mile month since travel amp ive submitted twice online,negative
sitting plane minute saying another minute something paper work suck,negative
gonna better day call ive called separate occasion past couple week never get person,negative
spent room amp transportation whole flight,negative
ask reimbursement maybe mile added account inconvenience money spend,negative
asked reimbursement something like mile added account told call customer service,negative
come home day late flight find guy lost luggage,negative
doubt gate x cluster every agent encounter saw including one outright rude put,negative
spend cost flight get free room transportation airport,negative
voucher give u hotel useless call number say room available expect,negative
mad cant even believe guy cancelled flight connecting flight leave first stop amp give useless hotel voucher,negative
priority made considering pending snow storm delay flight hour amp half id like answer,negative
experienced defines customer service flt flight attendant willing follow passenger bag charge,negative
ive done everything still luck finding bag dont understand bag could misplaced upsetting,negative
wasn’t q thanks wondering you’re one disguised call,negative
turn difficulty past loyal customer aa platinum flyer usair couldnt unhelpful,negative
yes nvr fly w missed con flight bc coffeemaker ft couldnt see father put coma,negative
minute put tsa number in… mins… stop holding people hostage requiring dividend mile acct,negative
would go though entire process get people phone usairwayssucks,negative
really mean usairwayssucks,negative
thanks help remind agent ok p heard rumor streaming wifi tvmovie service might installing,positive
nope done supposed get home pm didnt get home midnight neveragain,negative
way assist actually answer phone,negative
would kill give second bad muzak instead constant commercial hold,negative
would kill let put tsaprecheck number reservation,negative
would kill let mile expire,negative
would kill let know many minute might hold,negative
totaled happy,negative
sent letter letter get back nothing form letter half baked reply usairwaysssuck,negative
least comforting thing pilot sitting stationary plane hour dont really know happened,negative
thanks,positive
number cant waitlol usairsucks,negative
call cant wait see anything happens service really sucksusairwayssucks,negative
also appreciated hashtag lucycat,positive
hate delay tried although sure timbit,negative
big fail curbside baggage pittsburgh charge dollar bag,negative
possible earn dividend mile passenger even purchasing ticket,neutral
hope thank help traveled halfway across globe want suitcase,negative
would consider honoring original fare price try flight booking problem ticket,negative
booked award ticket recently ticket less mile contact without using online form phone,negative
best follow please🙏🙏🙏✌️✌️✌️🙏🙏🙏,positive
would pleased reassess business practice goal passenger plane little possible,negative
thats ok know ill likely never book,negative
followed complaint procedure get run around service suck usairwayssuck,negative
dont mind waiting mind waiting plane shouldnt airport room know food,negative
appreciated however system tell call back late flightr end call need reply thanks,negative
would board ppl plane b turn deice would ppl wait hour long process,negative
tried using twitter also gave helpful information thank anyway,negative
sure sincere apology disappointing customer perspective want loyal customer option,negative
yeah know thatbut ill spend almost dollar ticket since price gone week,negative
yeah either refunding money free round trip compensate trouble put,negative
incompetent airline every day day end,negative
isnt ticket numberthe transaction still pending,negative
family longer get early boarding young kid american new parent give u,negative
patient originally,negative
agent say,negative
could laguardia jfk charlotte idea tho,negative
said meal flight would airline serf food anymore update policy,negative
nd person called ask could catch name rejected request,negative
must nice take customer service phone hook fendforyourself,negative
link broken online baggage locator already tried gave useful information,negative
spoke phone time resolution im still waiting get money back price jacked,negative
thanks reaching gold div kj flight changed confirmation dnxv,positive
stranded philly starving cant get meal voucher even though plane mechanical issue next flight hr,negative
hold hourconnected wrong department automated systemtransferred another min amp counting,negative
yes flight attendant wonderful btw secured tray table flailing,positive
link doesnt work ive tried tracking bag several time still doesnt clarify,negative
thanks seating next hot athlete flight significantly better,positive
thank way get bag thanks number 😊,positive
give stand seat ticketed passenger know connecting flight,neutral
would guy please send service agent gate b philly people missed connection there,negative
spend hour hold,negative
would flight arrive late flight leave passenger connection,negative
last time checked bag severally damaged one answer baggage call line status chairmanlove,negative
crazy havent spoken human yet better way,negative
get assistance flight plane landed hpn connection atl,neutral
got home hour supposed living airport offered monetary assistance,negative
ive trying day dont get hung get prompt,negative
option call back im sitting burning minute waiting error fixed,negative
day hour hold day charge double flight cant even fix worst service ive ever,negative
ive trying call day every time system overloaded disconnect really global company help,negative
also family crisis amp charge full price flight plus change flight even emergency,negative
wheres apology,negative
thank sad couldnt talk real person amp kept getting disconnected automated msg,negative
flight today showing time online able check called amp told cancelled flightled put hold hr ago help,negative
new tag line got alive,negative
day row call still cant get anyone phone actually employee,negative
announced people going fl via charlotte would go different plane amp gate direct flight logic,neutral
realized advantage number wasnt used flight get ff mile,neutral
company see passenger customer,negative
way someone contact agent available need help flight booking problem award flight,negative
flight delayed hour reason given sure love flying airline whatajoke,negative
got home need bag direct desk number savannah,negative
hope last spoke baggage team werent sure city bag,negative
thank busy time,positive
flight delayed rerouted much sorry inconvenience checkin agent notimpressed,negative
min delay thanks maintenance issue thanks wasting day,negative
one complain much really hour minute still nothing agent agent ⤵,negative
thanks,positive
thanks crappy hotel food taxi bill followed standby cancelled flightlation usairways,negative
confirm havent charged,neutral
hey booked flight isabelle gramp boston lax said charged credit card transaction didnt go,negative
amazing follow back please🙏🙏🙏🙏🙏🙏🙏🙏🙏🙏🙏🙏🙏🙏🙏🙏🙏🙏,positive
ive hold divident mile service desk minute thats hung first time,negative
useless airway day trying get home standby result cancelled flightlation usairways,negative
vacation get cancelled flightled hold ⤵for minute still havent talked anyone failure,negative
response day thanks,negative
never travel insanity storm inevitable making u hold add lap child badservice,negative
word flight getting dfw near future stuck plane gate hour,negative
thanks much,positive
recently moved got new license booked flight month ago used old license need change,neutral
systemic problem mail come usairways spf record disallows dm detail,neutral
little help u husband hold hour something take minute complete,negative
recently moved got new license booked flight month ago used old license need change,neutral
might need plane get somewhere remember arent choice makeovertimecustomerserviceplease,negative
still cant get travel day ridiculous donthavehighhopes,negative
spf record error causing email noreplycom go spam filter dns admin need fix,negative
seat next b flight seattle tray table falling,negative
nd time occurred week im patient choice antitrust issue,negative
vacation budget blown bc lack communication usairways never use refer anyone,negative
credit bank account two day work ive missed cancelled flightlations,negative
dont need rebook need know policy,negative
reflight booking problem necessary cant afford deal kind unprofessionalism would however like type credit,negative
odds get flight delta actually get orlando today dayslate flight,neutral
standing one saying anything ill likely missing flight bwi,negative
long take receive ticket itin booked via u flight,neutral
useless tweet ive ever seen,negative
got worst service ive ever seen airline cancelled flightled flight rude employee currently flight delayed,negative
youre going make wait long phone line help thats part problem,negative
hr cant wait anymore hr nothing frustrated usairways,negative
ive called day cant get thru secret method use doesnt result hanging,negative
policy changing flight different date flight delayed,negative
checked online tomorrow flight thought get auto upgrade already got email saying seat,neutral
last name pordes,neutral
tell reservation rebook,neutral
arent twitter reservation connected people want reservation duh,negative
still air deicing plane ill miss connect customer service helpfulim hoping catch next flight,positive
trying go nashville london idea would good time fly nashville right,neutral
usairways unacceptable holdtime really,negative
push rebook number,negative
tell flight clt srq wait,negative
lost bag baggage handler broke open bag stole camera,negative
empty first class seat flight check wouldnt automatically upgraded,neutral
grade trip flight timeliness 👎✈️ cancelled flightations 👎😬 customer service 👎😡 flight attendant 😊👏,negative
thanks mean lot verbally cussed charged extra bag amp told dont feel like dealing 😒,negative
stuck cae need reflight booking problem next flight possibly dm info,negative
useless amp rude employee ever philadelphia airport never fly 😤,negative
work hard making sure thing flow smoothly keeping positive,positive
boarding yet depart thanks response,positive
totally understand weather frustrated thanks,positive
tell get please,negative
really needed back home yesterday work today plane sitting hour peeved,negative
gate agent working everyone resolve connecting flight issue concern,negative
thats flight placed original flight charlotte cancelled flightled hr delay,negative
thx gate agt john pascucci finding u flight clt pvd original one cancelled flightled,positive
st reaccommodation delayed flight one amp gate agent still hasnt mumbled word folk getting anxious,negative
please dont go check process us mco absolute disaster,negative
phone talk real person,negative
week since took money left u stranded hour home rent car still helped u,negative
gave,negative
ive hold one hour four minute reservation line possibly business way,negative
lack communication office customer amp yall never update ur system u guy established mess,negative
u guy get much many customer fucking badly u,negative
provides best logistics experience people india mumbai surat navimumbai,positive
last night charlotte nc im seriously debating never flying minute tarmac connection leaf,negative
hi could protect u case still ground checked luggage still chance make original,neutral
great still help,negative
hope weather delay help reroute lodging non stop way go,negative
didnt reroute bos jax via dca clt instead forcing overnight passengerslose,negative
appreciate hard work still gave gthour,negative
luggage delayed im looking compensation since know charged forgot,negative
stranded cold texas getting sick overbooked flight gave seat away gooutofbusiness,negative
worst experience ever unable help phone told last min cabin crew unavailable flight never usairways,negative
thanks “ weather disruption caused crew run late flight sorry delay flight”,negative
minute delay absurd feel free provide credit,negative
fuck,negative
even dime free ticket worsttraveldayever,negative
disappointment making arrangement amp sleeping toddler zero assistance usair maddening,negative
thank,neutral
thanks see agent unhelpful got voucher others unexplained reason,negative
min scheduled departure still sitting terminal communication would lovely,negative
day disaster rude employee help amp hotel flying amp fly alot dallasraisenow,negative
traveling year old would appreciate holding end good business hosting u unanticipated layover,negative
missed flight connection due flight attendant delay yet voucher part fail,negative
course never tho thanks tweetin ur concern doin anythin fix happened ill choose wiser next time,negative
absolutely knew would try blame weather deny u voucher phoenix totally false crew issue,negative
half inch snow charlotte overwhelming,negative
phone look like global,neutral
already filed report personally airport however idea even tracking number,negative
already called option flight reimbursed never unreliable business traveler,negative
saving grace flight attendant dallas amazing wish would transfer delta would see,negative
link lead website wont open cell phone good job shocking airline folding,negative
flight u got cancelled flightled due lack flight crewi told id reimbursed hotel contact,negative
need apology unfortunate situation date ive landed suppose land,negative
minute mean public transit home expensive cab promise doesnt make,negative
sister supposed leave go back al shes getting nc kidding neverflyusairways 👿,negative
really drunk someone stop serving,negative
best airway follow please🙏🙏🙏✌️✌️✌️🙏🙏🙏,positive
hr flight delay delay land even real life get plane wanna go home 👠👠👠 heel click,negative
flt ground dont gate u dca happening,negative
shout redheaded gate agent flt dca chs tonight didnt get name great,positive
im sick living airport getittogether,negative
jfk baggage office actually run paper hotel voucher thislinehasntmovedforanhour,negative
dude named shaquille desk charlotte incredibly professional helpful v crazy angry people tonight,positive
really u gave scotch rock control drunk would let sister change seat grouping,negative
awesome usair tysvm lt,positive
thank,positive
would lovely great people working organization,positive
jfk baggage office open help rebook u cancelled flightled flight dca shameful,negative
hey let flight get gate hour late flight fate dozen kid board,negative
,neutral
flight update doesnt help waiting min arrival waiting plane leave gate write😑,negative
tyvm usair happy night lt,positive
thanks hectic everyone action dont represent company well imo,positive
mr husain u shld protest well one ur party member rehman malik delayed pia flight hour,negative
good hold hour xday since sun book way flt dividend mile agent send hold hell furious,negative
im sure dont question still remains found crew wont come flt tks,negative
impressed airline would feel lot better flying upgraded first class tomorrow,negative
glad home great people got home safely sad others didnt get back bc scheduling problem,positive
update hr delayed obviously isnt date havent boarded,negative
may bewhat issucks fail,negative
whole handling jokeboston logan one little old ladyone handling customer,negative
appreciate response,positive
long billing cycle,neutral
hold wont let use companion voucher online,negative
one helpful never fly airline neveragain spreadtheword,negative
wont hour holding give couldnt borrow phone longer hour,negative
ive sitting charlotte airport hour waited crew maintenance neveragain,negative
delayed flight time cancelled flighting angry rude worker providing helpful service,negative
daughter stranded charlotte u airway cancelled flightled flight tonight completely dissatisfied,negative
thanks kevin team fish phl great service recovery tonight appreciate,positive
commitment excellence b praised get wrong city day late flight right one day late flight customerservice,negative
car service hotel food hotel cost bc cancelled flightlations fall customer last minute notification,negative
im amazed lack communication passenger,negative
told csr would close acct couldnt care less,negative
beware barklays bank terrible cust service assist know go badly written bookin english,negative
call weather act god refuse help wife kid sympathy,negative
bad weather shouldnt mean bad service,negative
stuck charlotte treated like nobody staff,negative
flight keep getting delayed cancelled flighted information worst customer service ever,negative
reservation sync mean hold w customer service min want idea,negative
sits throne lie,negative
wheres bag called noon promising today would like update like website promise need bag,negative
flt tampa clt late flight gonna miss conn bos,negative
im flight finally air enough food feed customer movie entertainment hr flight,negative
hope pilot good day,neutral
thanks help left message dca lost found finger crossed find,positive
worst airline i’ve ever flown guy treated like garbage today,negative
water flight dca first time ive ever seen happen executiveplatinummeansnothing iwantcoffee,negative
eh happens think ill survive 😉 thanks,neutral
voucher past trip delayed thought talk someone phone use true,negative
wont help cant believe wouldnt take full fare first class gave away platinum member profit,negative
hour hold customer service without anyone answering ridiculous,negative
im cust svc line charlotte nc agent better game,neutral
flight full,neutral
delayed three time finally boarded waiting minute told plan completely powered,negative
hour hour four hour like joke,negative
thanks trip screwed ive move meeting dinner im still nyc yet,negative
dont need check status flight plane door malfunction get together,negative
freaking fact fixing engine charlotte orlando longday,negative
told record refund someone please help long day,negative
tried speaking multiple people reservation desk min hold waivethefee poorcustomerservice neptune,negative
put back hold hour completely unacceptable,negative
stop reposting autoresponse return flight home imateacher couldnt get rsw neptunewaivethefee notmyfault,negative
contd put pm flite tonite think shes worst customer service ever u need fix,negative
thank glad heading home great people call center,positive
thx replying trying get thru many time amp vmail people hanging u talked techcontd,positive
flight booking problem cld time select manage flight booking problem month emailed response help,negative
ha youre fun,positive
ur service shitty pilot never showed waited hour another pilot supposed come didnt cancelled flighted,negative
long flight,neutral
flying high thanks,positive
ticket couldnt used bc unable get departing dest rsw bc blizzard bos told way use credit fine,negative
cant get reservation take look hour hold time reasonable industry,negative
hour hold oh wait less minute useless csr talked put back hold last minute,negative
thanks would better gate agent c charlotte boarding flight,positive
flt clt day supposed depart still crew schedulecontact pilot,negative
ask ice attendant snap dont ice cart min late flightr cup ice people row ahead,negative
ive waiting callback eight hour much longer,negative
half hour hold hope feel good steaming pile shit paid far much,negative
redeemed flight call negotiate thank lord im heading home,negative
total b offered pay full first class airfare told sold seat gave seat others crap,negative
hold u min wasting time amp dont appreciate wheresthecustomerserviceat,negative
u gate open min waiting great way finish hour delayed arrival,negative
strike strongly suggest live tweet ordeal medium team appreciates update 😎,negative
flight first hour wait deadhead crew deadhead crew take overhead bin space paying customer annoyed,negative
weather mess south missed connection clt impressed though cust serv phone rep today,positive
really middle initial versus middle name else spending time computer issue,negative
disappointed wasnt allowed change seat checking early online flight tomorrow morning,negative
theyre reservation number none hungary phone working make difficult,negative
week refund ticket totally unacceptable fix ill put blast social medium tv,negative
yes pay pocket u helping loosing first class ticket coach want resolution comp,negative
frustrating daysno flight home changed airline thank phl usairway employee amp help getting back iah,positive
there one flt phlcrw per day,neutral
staff member looking like two head check website,negative
traveling lax clt hts rebooked tomorrow due travel advisory,neutral
flight brother rebooked able give info phone get pas club,negative
flight thanks,positive
flight delayed hour deadhead crew let make paying customer wait great service usairways,negative
ur going charge wifi make sure work brutal dialup b time thing load theend goodday,negative
anyone working today anyone want pick phone,negative
ive hold minute there lack quality service nobody care hate shitty airline,negative
stranded phoenix w broken foot flight fd sunday sickcrew cancelled flighted mechanic flight today,negative
best airway follow back please 🙏🙏🙏🙏🙏🙏🙏🙏🙏🙏🙏😢😢😢😢😢😢😢😢🙏🙏🙏🙏🙏🙏🙏🙏🙏🙏🙏🙏🙏🙏🙏🙏🙏🙏🙏🙏🙏,positive
rude arrogant gate personnel uncalled unprofessional theworst,negative
wont waive fee flight cancelled flightlation due neptune use credit fee couldnt reach destination notmyfault,negative
thank thanks accommodating,positive
amazing best follow please 🙏🙏🙏😢😢😢🙏🙏🙏,positive
feeling helpless tanpa airport talk someone flight delayed time need help missed connection prob,negative
wont waive fee due neptune cant use credit wo paying fee couldnt get destination use tic waivethefee,negative
wonder lowest rated airline america shameful usairways,negative
even still business trying call hour pathetic,negative
thanks,positive
wow airline joke absolutely horrendous customer service guy ashamed,negative
flight cancelled flighted neptune could get destination notmyfault waivefee ripoff poorcustomerservice,negative
best airway follow please🙏🙏🙏🙏🙏🙏🙏🙏🙏🙏🙏🙏🙏🙏🙏🙏🙏🙏🙏🙏🙏🙏🙏🙏🙏🙏🙏,positive
waive fee time cancelled flightation waive future date usairways ripoff poorcustomerservice,negative
flight sitting jfk delay hr employee load bag terrible,negative
rebooked handled unprofessionally cancelled flightations happen disorganization uncalled,negative
conf number fmjtyl delayed chance getting earlier flight fll phx,neutral
called time last three day thats unacceptable im willing wait hold thats option,negative
amazing best follow please follow back🙏🙏🙏✌️😉,positive
ive hold hour need rebook flight please help,negative
º u left coat luggage anticipation cramped overhead bin,negative
im traveling around world end year number good,negative
dont know ive tried call confirmation call arent going thru let know,negative
get free wifi since flight cancelled flightled,negative
rebooked sucked big time crappy layover customer service subpar,negative
sending thanks employee freddie phl admiral club east allowing give day pas sibling stuck today,positive
done sadly flight clt gotten ind today head back tampa tmrw,negative
holding min listening shitty ad repeat credit make hate airline even better,negative
would way wether delayed yet love charlotte ice storm good luck mad customer,negative
please staff flight approproately entire flight delayed fa isnt shouldnt left delta,negative
tooooo many cancelled flightations chain command hate,negative
cancelled flightled flight refused give voucher despite flight day neveragain,negative
think staying w airline amp rescheduling flight shouldnt absorb fee cost flight,negative
thats u guy choice,positive
thanks 😒,positive
i’m cool weather delay etc lying deceiving passenger keep changing reprehensible yousuck,negative
want get home wednesday joke hr cancelled flightlations delay enough,negative
drink voucher next flight winkwink,positive
nice touch using first name intimate ill filing claim soon reimbursed u airway day,positive
airline embarrassing get bad weather isnt fault response couldnt worse,negative
update flight orf phl one gate,negative
yes work firefox everything finish purchase button turn gray never submits couple week,negative
hour late flightr flight cancelled flightled gotta work internal communication skill,negative
horrible experience flying montego bay philadelphia check golf bag constant selling inflight,negative
told gate open ord needed wait min still waiting min,negative
sign boarding please get another update,negative
still cant get real person phone book flight ready go jetblue since care usairwayssucks,negative
missing flight reflight booking problem x walked onto another flight phone still seat,positive
great job communicating passenger flight doesnt exist anymore,negative
thanks travis phl east checkin knowing baggage policy ski amp boot count teach mgr didnt know,positive
thx responding bag came mad rush towards end jetway—why put thru baggage claim,negative
usaa flight arrived dca waiting gate apx hr update,negative
agent reservation contact instead asking waste time sitting phone hour,negative
believe keeping customer happy especially mistake made part,negative
would love combine aa usair accts unfortunately one middle name amp one middle initial wont allow change,neutral
rep min said couldnt help transferred dividend mile customer service,negative
right amp away ✈️🌞,positive
customer service stink trying book flight hour keep getting hung usairwayssucks,negative
please please please let plane back gate get miss connection due clt closing,neutral
weve flight sitting tarmac dca waiting gate use another gate,negative
hope flight delayed flight attendant didnt come work nobackup,negative
made u miss flight first class cant even enter admiral club happy dm fix,negative
please dm flight delayed going clt force miss connection lga pm,negative
hold hour know keep money,negative
charging change flight rip reason hand amp want reschedule flight july,negative
flight leaving havent even begun board yet please update website asap,negative
another sent wrong lineoh kiosk werent working thanks,negative
also employee less helpful checking bag two left desk completely,negative
phone number gate gave doesnt work either customer service phone number,negative
done,neutral
site clearly explains allowed carry allowed pit bos make sense,negative
never life dealt poor customer service irresponsible staff lack care lgaiah day baggage nc,negative
thks tip seems like workaround rather customerfriendly solution easily accessible email,negative
unfortunately think watched take bus rebooked late flightr flight planestrainsandautomobiles,neutral
supposed flight charlotte rdu pm yesterday flight scheduled departure tonight,neutral
thank much stressful day,positive
future better harsh weather preparedness plan much staff called everything snowballed,negative
couldwanted call wouldnt use internet make reservation site wont work chrome several computer,negative
darn first line upgrade wish understood policy,neutral
waiting luggage flight delay,negative
please update website current flight status update customer service phone thx,negative
flight booking problem flight using credit previously cancelled flightled flight cant get thru phone cant book online help please,negative
absolutely staff amazing,positive
horrendous pull shit together,negative
haha indeed great day,positive
want money back sitting runway hour delay waiting baggage begin loading,negative
gate agent gonna tell flight time minute past departure time previous flight plane,negative
aforementioned pilot sure want merge patron hitting hoodlum,negative
flight left phone plane shuttle,neutral
thank tried said didnt anywhere else try,positive
best u could doi might get refund within billing cycle month u guy asking another chance im done,negative
day cancelled flightations driven airport different state spent gas flight,negative
whole team able put carry ons plane,negative
customer service finest,positive
speciifc email character limit complaint aaus customer complaint adopting twitter model,negative
please hold see cant get first plane quick enough,neutral
please hog next flight im waiting bus get one plane run leaf two min,negative
fabulous thank much looking forward taking sky,positive
r rebooked got conflicting info abt baggage extra plane battery hand comped admiral club hr wait,negative
dont tell tell actually reach someone dont mind put hold wont even,negative
missed funeral take train back newark,negative
baggage allowance flight glasgow u thanks,neutral
joke company today reminded never book,negative
— exceptional service flight ind phx,positive
nice take flight level consistency service flight attendant quality control,negative
travelling pwm atl sunday flight got cancelled flightled new flight cancelled flightled got disconnected reflight booking problem,negative
believe seriousness whats acceptable time expense name wasnt fault,negative
cust serv rep unable change reservation system check unaware cancelled flight got word night,negative
way could hold flight clt husband stuck security check line flight scheduled pm,neutral
issue people r nice storm email wrong phone number auto rebooked flight non connecting city,negative
missing reservation due cancelled flightled flight make right giving first class tomorrow make customer happy,negative
consolation bag somewhere else real impediment going different vacation,negative
tip getting hotel airline wont get u even though told wed make flight,negative
left son duke hat flight last night say mason back way locating thanks advance,neutral
known traveler transfer check aa elite get choice seat,neutral
booked flight yesterday didnt receive email confirmation dividend number isnt registering please help,negative
crew keeping safety top mind clt,positive
amp seat together fee seems im taking flight least wave,negative
im researching flight amp noticed small issue wclass service site amp site could reservation help,neutral
need someone management contact flying funeral wont make add pain want pay,negative
contaced eyewitness news ripoff cancelled flighted want pay,negative
change without penalty call customer service,neutral
call say yall busy call back late flightr terrible customer service,negative
charged flight cancelled flightled unbelievable unheard,negative
completely ripped u airway today never fly airline contacting local news,negative
cant believe would refer number one seems getting really need help asap,negative
hundred people line less half desk manned clt help,negative
contact email customer complaint,negative
probably going miss connection charlotte drive home funeral,negative
flight jfk charlotte charlotte birmingham previous flight hsv cancelled flightled,negative
still cricket customer service,negative
flight fro orf phl,neutral
excuse poor website flight booking problem option yearly vacation fall ubetter smth,negative
phone line disconnect queue answered phone line simply disconnect call,negative
want bump seet first class two cancelled flightlations hr joke,negative
arrive plane im sitting need take offwish someone would tell u holdup,negative
dating back nov sent back forth disgrace,negative
hoping voucher future flight optimistic,positive
didnt even leave airport sent bag philadelphia,negative
thanks info trying hr luck flight dep today need change tomorrow thursday,negative
tried twice today hold min time thing cant live hold dealing w customer serv failure,negative
warm weather hub mean mexico u cant go anywhere else since lost bag hope attempt rectify,negative
kidding oy,negative
thank blowing vacation couldnt get anywhere today make reservation also lost bag mine,negative
trying talk dividend mile rep day holding hour day option,negative
still say time website btw,negative
customer service horrible,negative
expect something telling see agent rebook flight,negative
ability switch flight cannot tell bag,negative
disaster sitting runway bring plane back gate smh,negative
havent weve line service desk hr spot,negative
website board logan said time went security got gate,neutral
got flight bos charlotte found cancelled flightled got gate,negative
please give tara g pat back praise helpful phl member lounge,positive
thanks hope get destination,positive
well got email flight delayedthats right,negative
soon possible boarded plane st time im still started,negative
chairman phone number use,negative
make spirit look like gem air travel havent handle winter storm well,negative
thanks reply hoping everything cleared charlotte monday,positive
take month,negative
yes filed report atlanta bag charlotte nc hour late flightr still cant find luggage,negative
supposed carry pittsburgh coming boston carry,negative
need contact asap furious,neutral
cant even get hold wait speak someoneawesome,negative
almost hour coin understand higher call volume unacceptable,negative
cancelled flighted sm response slow,negative
i’ve flight cancelled flightled twice minute automated question phone go busy signal help,negative
great job today ruining people vacation thanks incompetent pilot staff missed flight,negative
service awful boston pay extra dollar supposed dissatisfied mad,negative
pm flight fll phl connection man however delay might miss go earlier,negative
hold gold reservation line hour flight cancelled flightled trying rebook,negative
choice pay another go airport hope treated better rep,negative
reservation hold hour hang upsmh 😕,negative
r u supposed change flight u cant get thru reservation onehouronhold,negative
hows u looking today,neutral
would even consider continuing point program received perk continued bad customer service senseless,negative
weve already made arrangement,neutral
thanks getting back find airline future,negative
would pay reactivate point useful certain flight arent even worth,negative
stranded hour mia patrick casimir aa staff apologize great inconvenience unreal,negative
thanks said denied mile expired one week ago last drop plan avoid aa possible,negative
sorry late flight responded dm,negative
believe understand flight originally booked sunday flight cancelled flighted rescheduled today,positive
aa employee rude unwilling help mile rotten cherry top dog shit sunday nocareforcustomers,negative
mold flight u filthyplane hopeidonotgetsick,negative
second touchdown madrid airport april avgeek,neutral
slept miami airport due mechanical issue given bonus mile try make right slapintheface,negative
new time confirmed may get cancelled flightled traveling kid need certain thx,neutral
hr min cost flight change hr ago bf drop call cancelled flighted flight asked refund,negative
frustratingit paid get refund,negative
dm locator code thanks,neutral
thank,positive
sure hope fix good luck service suck nexttimeiwillflysouthwest,negative
thanks fresh food cross country flight making connection close time eat tpadfwlax,negative
flight got cancelled flightled grk dfw lex tomorrow need rebooked,neutral
sort live chat feature uk right call would cost u alot,neutral
plane made miss connection day thanks nothing,negative
purchased main cabin xt faus flight cancelled flightled rescheduled regular seat credit,negative
disappointed flight booking problem process add’l fee sit together crowded flight impressed far,neutral
thanks,positive
thx responding cant watch min film wout cutting prolonged prds time beyond frustrating,negative
,neutral
connect person without wait hour hold still havent able resolve problem,negative
r u serious min delay americanairlines aa ohio dallas missed connecting flight,negative
jumping gun cancelled flighting flight couldve made snow cancelled flightlations ridiculous,negative
might look wife travel much could use membership,positive
thank,neutral
happens combine top chef amp beauty san miguel de allende late flightst food blog,neutral
great thanks followed,positive
exactly ill flying aa dallas airline trust,positive
doesnt address issue hold min speak agent,negative
got another flight thanks,positive
u r horriblewent online cancelled flight flightno buttonthatcalled c ampwait time minsampput calledampit hungupnohelp,neutral
submitted case aa customer relation two week ago word ever since whats point even cr,negative
near gate mean sitting plane almost hour yeah,negative
dont think help based behavior voucher cot seem like enough lol 😃,positive
still waiting flight get money back,negative
cancelled flighted flight really don’t need much trouble,negative
“ sorry uncomfortable andrew you” sma,negative
hi please ticket award ticket status request thanks,neutral
got back eventually rollercoaster got airport amp got speak someone thing got fixed quick,positive
thats extra hour travel time missed vacation time guy messing professional life,negative
checked app since yesterday confirmed upgrade amp carry got counter amp manager upgraded somebody else seat,negative
trying desperately get boyfriend booked u airway flight price help,negative
yes yes yesso glad headed home,positive
dont worry ill sending letter expect compensation fly twice week wyou guysfor,negative
thanks,positive
thanks keep updated hope make either connection killeen tx,positive
hold wcustomer service line minute phone agent min bf call droped,negative
tried book rwrd told couldnt bought tix usair aano choice didnt bother aadv svc,negative
know suicide second leading cause death among teen,neutral
narrowly made standbylots snag trip,negative
iphone gb plus,neutral
ordered always hour flight delayed hour worse ever forgot meal,negative
thanks much,positive
aa doesnt charge fee change award ticket long origin destination amp award type remains,positive
need flight tonight isnt anything else,negative
thank confirmation,positive
spent choppiest feed whiplash ever americanairlinesfail iwantmymoneyback,negative
ok call likely tmrw uk time question process getting change charge reversed due bereavement,neutral
please find bag singapore three day already without bag last known destination lax tag please help,negative
“inconvenient” convenient word,negative
response could made difference could made situation better trustget lost like bag,negative
delayed way puerto rico delayed way back new york disgraceful,negative
thats okyou may keep lose bag info longer trust bad way handle,negative
come want go home cant miss another day work stuckinmemphis texasisclosed,negative
photo,neutral
guy killing,negative
aww cool nice know still head one faves,positive
whats status flight sju,neutral
would love dm twitter app say youre following cant,neutral
wasnt offered perk asked told thenewamerican,negative
good care customer anything happen take getting back nyc screw,negative
cost dollar flight cancelled flightled couldnt even give food comp fly take,negative
say dumb thing beat around bush youre flight cancelled flightled prepared compassion,negative
yes io im running io,neutral
worst company ever please fly repeat please fly credit youre delayed,negative
continues win ive never missed flight nice little quiet gate change made possible sheesh,positive
keeping aa air crew chief cousin alex espinosa dfw,neutral
lost cat missed flight kept crated hr wouldbe hr trip youll never touch pet,negative
dont worry wont steal money,negative
continually getting put hold painfully inexperienced people calling platinum desk,negative
pretty lame response two paged single spaced letter,negative
happens u mattersits response matter way drop ball aa,negative
looking help usairways award travel booked wife two boy seat assigned,negative
done truck biggie 😄,neutral
put bad mood havent angry since spagnuolo coached ram,negative
cancelled flighted flight left help find hotel stay slept airport night,negative
flight vega dfw cancelled flightled sunday monday whammie today,negative
airport snow removal method keep good work folk cessnas become,positive
bird could fly south america example argentina,neutral
flight jacksonville fl dallas showing cancelled flightled going rebooked another flight,negative
great thanks,positive
awesome thanks,positive
flight dallas jacksonville fl cancelled flightled one notified whats going,negative
extremely upset baggage handler decide go luggage take belonging,negative
flight delayed hour gf meal despite early request attendant seat fell leg badservice,negative
always rely fly usair american employee rude unhappy,negative
robocalls another cancelled flightation don’t accept change won’t let connect agent wow,negative
said aa provide inflight wifi route china based federal law united,negative
right two hour late flight seems due poor communication sounded like annoying onplane staff,negative
im sure happened usairways status merger took place,negative
u help rebook passenger via twitterdm hold hour thanks,negative
id like apologize gate agent flight aa aware zone nine precious gem,neutral
key point confusion whether make change even though initial flight booking problem u airway metal,neutral
origindestinationdates going u airway connecting flight aa direct flight award saver level,neutral
old fly ordpvg get upgraded,neutral
know little cold weather humor,neutral
none lax flight dfw cancelled flightled landing fine completely arbitrary,positive
doesnt really answer question maybe provide detail give clarification,negative
delayed bag friend lisa pafe got bag day costa rica issue update system,negative
thanks,neutral
aww thanks aadfw gma amso understand btw aa airline im able trvlove guy,positive
awesome photo thanks sharing 😁,positive
new plane gogo easy power laptop iphone missing good boatstyle swivel cup holder dietcoke happyflier,positive
rampers gate b dfw waiting marshaled,negative
cancelled flight flight there’s way rebook website app wait minute hold fail cc,negative
thought plane retired md,neutral
got phone customer service minute get issue resoled guy awesome,positive
thanks info number call speak person going take hour type,positive
kax premium hoping flight better food tv know work service tnx,neutral
sound like date,positive
im frustrated attitude toward execplat member thenewamerican,negative
another day another grievance airline customer service,negative
youve misunderstood would day flight change gate agent said,negative
flight im way,neutral
car accident way airport missed flight rno dca trying resched line hr wait,negative
thanks much,neutral
“ hope enjoy winterweather brought warm coat glove maria” yup new beanie,positive
weather sun,negative
fail flight rdu sitting waiting flight attendant logistics good,negative
idea wait time refund told day phone well past,negative
happy purchase upgrade avail next flight,positive
going reported police due sexual assult sad didnt care,negative
th flight rebooked cancelled flighted woohoo going make,negative
flight dfw lit way pdx tomorrow cancelled flighted help,neutral
issue lack consideration announcement made late flight gate agent hour,negative
understand flight day going twice im extra med diaper baby,negative
sure im running version,neutral
could train flight attendant manner decency,negative
together best part flying,positive
last year flight delayed cancelled flightled im done,negative
fyicall stilling getting dropped hour continuous dialing attempted cancelled flight online able help,negative
get guy respond tweet dm really sad feeling ignored,negative
aa going fix utterly embarrassing customer service wont even answer dang phone,negative
number even let wait next customer rep frustrating cant talk human,negative
want speak human obscene request,negative
response dm email yet customer service,negative
reconsider usairways acquisition flight aa gold flyer insulted attendant hanging jacket,negative
thank youyou,positive
need work harder disconnect intention reality passenger face,negative
long take get credit aa account traveled jan amp one leg reported asked credit response,negative
hopefully see bad one opportunity get better dwell good one encouragement word,positive
okay think waited long enough gate dfw,negative
minute waiting silver elite line someone pick help,negative
say character plus dont follow,negative
believe understand flight originally booked sunday flight cancelled flighted rescheduled today,negative
might look wife travel much could use membership,neutral
thank,positive
dont think help based behavior voucher cot seem like enough lol 😃,neutral
trying desperately get boyfriend booked u airway flight price help,neutral
aa doesnt charge fee change award ticket long origin destination amp award type remains,neutral
would love dm twitter app say youre following cant,negative
continues win ive never missed flight nice little quiet gate change made possible sheesh,negative
keeping aa air crew chief cousin alex espinosa dfw,positive
done truck biggie 😄,positive
id like apologize gate agent flight aa aware zone nine precious gem,negative
none lax flight dfw cancelled flightled landing fine completely arbitrary,negative
thanks,positive
thanks info number call speak person going take hour type,neutral
kax premium hoping flight better food tv know work service tnx,positive
thanks much,positive
happy purchase upgrade avail next flight,negative
flight dfw lit way pdx tomorrow cancelled flighted help,negative
change fee price new ticket logical,negative
nice read thank much,positive
advised turn issue police due sexual assult thank allowing plane,negative
fuck,negative
giving hard timejust looking basic customer service aa lost bag eta return please,negative
bet im sure form wear tear skin hope survive rest winter xxx,neutral
love living close always great view,positive
thanks,positive
someone contact awful experience american airline weekend,negative
actually online indicates seating available premium costwhy allow seat selection time purchase,negative
definition mine min vastly different understand need get plane maint honest,negative
guy let go,positive
way add aa number itinerary doesnt involve sitting hold hour,negative
hardly believe bundle stay warm 😉,positive
youre right someone something,neutral
flight going make connection mex aa,negative
thanks sharing photo round applause crew appreciate hard work,positive
get free ticket hawaii fabulous,neutral
lavatory freeze problem nitrogen line low tire inflating equipment malfunctioning aa,negative
want change flight next week still charge waiting fligt status,neutral
thats dfw omg yeah cold everywhere,neutral
great customer service thanks,positive
flight booking problem intl flight online provide passport number flight booking problem arrive airport,neutral
yes,neutral
hook free trip barbados tell secret beach see,neutral
flight get cancelled flightled waiting rep rebook wondering issue getting,negative
going police dept due sexual assult stewardess allowed occur lack concern,negative
thank responding quickly tweet appreciate,neutral
trying change time flight already purchased told pay change fee ridiculous,negative
please email temorriscom willing discus experience amp give another try would like speak directly,neutral
flight get cancelled flightled able reschedule date want next day day,negative
since dont care happens passenger plane contacting police dept,negative
gold forced pay upgrade open seat st offered goldsapphire,negative
“ bet bird wish theyd flown south winter lol,neutral
still think american airline greati would like treated better loyal customer first right,positive
could fly mddc would happy live plane much md love md life,positive
arent glad isnt rt bet bird wish theyd flown south winter,neutral
second pic cdg,neutral
im sure bird warmer weather soon,neutral
week reply customer relation yet running time please help request thanks,negative
true another reason stay south winter month travel,neutral
would fly real far south huh winterweather brrr,neutral
um south snow atl,neutral
im sure certainly chilly back east today 😮,neutral
reason flight chicago boarding still dont seat assignment seriously,negative
merger going go fail huge probls wcomm dfw storm cxld rtrn flts cool,negative
feel like im nickeled dime enjoy flight aa purchased tkt pay extra seat,negative
flight delayed every hour since,negative
still use dc,neutral
happy tt friend hope weather isnt causing many headache,positive
ive booked aa award usair metal space open aa metal change aa flight without fee,neutral
well day time world,positive
cant unload flight jetway broken step planb waiting nearly hour,negative
id love take seat appears though someone already disappointed upgrademe wtf,negative
want change flight due weather condition dallas weekend able cover change fee mile,neutral
expecting delayscancelled flightlations dallas th due snow nothing like monday hope,neutral
look rdu airport please think safety passenger cant get rdu safely,negative
please explain cost almost price full roundtrip fair change departure time flight,negative
flight delayed time spent almost min tarmac ill reconsider future flight option,negative
oh nothing issue already resolved air,positive
filled baggage claim phone last night check status discover rep confused arkansas alaska 😒,negative
need answer cant get wichita fall,negative
americanairlines say bag left miami returned following mechanical glitch gtgt,negative
need refund,negative
really need get clue start treating people like human animal americandairlinessucks,negative
raleigh updated southern state advisory,negative
hi lost found solution want offer free assist contacting people item found,negative
inconvenience disaster phone bill refuse pay,negative
expert seen right rdu airport,neutral
stop sending back customer relation hand written letter send letter called help,negative
large wichita fall airport receiving arrival called one answer waiting day,negative
tell mean work need estimated time arrival please need laptop work thanks,negative
waiting hour pilot aa pilot house dfw,negative
kudos captain crew handling fustrated people dealing preventable issue shortcoming maint,positive
offer group pricing discount chance,neutral
understand,neutral
airline trouble winter amp getting good customer service contact negotiate wcompanies foru,negative
guess way saying thanks sharing cant help good luck happy birthday ugh,negative
lot upset people freezing terminal gate agent kept u waiting plane beyond allowable time length,negative
pilot admitted u delay entirely aa incompetence poor equip check,negative
fly child,neutral
yes rno departure wconnection dfw lga lax jfk,negative
going compensate whose daysplans ruined aa delaypending cancelled flightlation,negative
lost found like talking hormonal teenager refuse talk useless wastedeffort fail,negative
oh seem reappeared lol,neutral
wanted change ba avios,neutral
oh seems undone seat selection mce wanted cx card select free seat,negative
announce boarding chose limit catering point run show lack planning imo,negative
thanks quick response appreciated,positive
thank respondingmy laptop bag need work worried file code utevgw,neutral
guess thats get bragging fly choice unlike others fly dont option j,negative
thanks update,positive
thanks finally letting get book flight frustration set donedeal talktoahuman,negative
guess one select hadnt many problem sudden whole trip got jacked,negative
yes get disconnected due lack wifi strength “ reached help david”,negative
communication seems issue,negative
hi guysi rnodfw tomorrowplane coming dfw bad weather amshould consider fêroute connect,neutral
traveling infant check carseat free provide bag someone told wanted confirm,neutral
waiting nitrogen strut airport nozzle calibrated trying find another,negative
dm explain whole story earlier flight u,negative
let hope stay waybig thanks groundoutside crew across u last month great fb post yesterday,positive
hellomy baggage lost another city anyone help,negative
bos,positive
sitting plane columbus supposed leave hour ago mechanic cant find tool service shock absorber,negative
yet plan could fly low slow right front would great,neutral
forgot select ksml flight la minute hour mark way change,neutral
picked nonstop flight bc thing get should’ve taken diff route airline suppose,negative
response incredible truly amazed step taken enhance customer relation big thank 😄,positive
ill dm,neutral
yes talked fll say central central say fll go im betting go mths,negative
issue waiting rampers close dooronly waste fuelamplikely told need fuelcycle,negative
lack communicationcompetition american air chance,negative
dm follow,neutral
already waited hour wanted get home,negative
apparently we’re told staff ground keep promising come don’t,negative
day contact human apology letter yucki read soon,negative
well im showing still sitting gate plane departed,negative
thanks guy got sleep hang dfw bad weather,positive
ticket booked aa mile sorry sold ticket company merged cant fix,negative
possible change ff number passenger flight booking problem wont let change,negative
great thank,positive
still foot freezing bc door open flt time fuel waiting rampers aa,negative
got call baggage dept still looking property went missing prerecorded human service,negative
help,neutral
fat man stuck airplane bathroom,negative
connection u,neutral
dealing reflight booking problem agent miami airport,neutral
simply amazing smile milesthank u upgrade tomorrow ordwe spending lot time together next week,positive
whats status flight xna dfw im getting different report,negative
thank quick customer service today refundprocedurenottoopainful know winter weather fault,positive
need go yyz tmr morning switched united already bag still aa lala land,negative
drop follow need help,neutral
whole plane old plane seat leather coming apart ay seam,negative
yes traveling marsh harbor,neutral
trying coordinate airport handoff nutella veryimportantproject,neutral
flight selected online ticketed would missing connection need help getting dfw iah,negative
seat disgusting old dirty going refurbish plane u air jfk phx,negative
way manually add gift card exeu ticket aa metal long haulba intraeu,neutral
understand need drain lavatory fearing freezing policy checking boarding smh come,negative
flying aa min delay mechanical issue perhaps consider maintenance,negative
repair made water line potable water board flight take soon time new plane mcigtdfw,negative
thanks recommendation weve sitting minute last update min ago,positive
ill sticking future change fee first bag free stellar customer service,negative
show plane,neutral
although control weather came great customer service,positive
local agent person answer question phone service terrible,negative
doesnt help,negative
already booked flight cant use amp cant change wo fee flight booking problem different type ticket,negative
depends terminal best option arrive c depart breakfast burrito im craving update,neutral
overzealous stewardess prevented u bringing car seat worstflight,negative
watch parentthey break stroller amp tell look fine print,negative
wish could remember name,positive
delay connection pns,neutral
thanks getting back frequently weather advisory updated throughout day,neutral
living dfw hub hate fly jfk get ireland,negative
ok one airport helping u another customer got told flight isnt leaving till,negative
thank aa always start vacation,positive
talk actual person help guy,negative
customer service provides wiggle room change flight without change fee always accommodating,negative
flight aa cx aa killing layover still wanting breakfast im hungry get dfw,negative
yes thank wanted start vacation,positive
flight number,neutral
staff rsw working sliver airline desk helpful get information flight,negative
pilot announces plane unused day maintenance dealing another aircraft,negative
know probably way get cheaper airfare ticket flight leaving hour 🙏,neutral
thank replying trying figure get dfw,positive
dont merge airline aint ready prime time book elite flyer nothappy needcoffee,negative
yes obviously stink pm one option supposed fly yesterday,neutral
“ good morning tamara well try get comfortably flight soon can”noxtralegroom nocoatcloset,negative
made thanks aa,positive
maintenance md sits two day frozen line found boarded come faail mci,negative
thank yayayay,positive
hoped contacted wks ago responded still issued u fund frustrated,negative
told emergency service stay home next hour,neutral
thank responsive twitter truly impressive,positive
flight ba departing tomorrow wednesday cancelled flightled anyone make airport weather,neutral
shes manch charlotte fl told could get pm flight west palm beach nothing earlier,neutral
boo wack as terminal food lounge bueno never,negative
flight,neutral
sent cheque today can’t paid uk bank account annoying,negative
wichita fall airport worst never fly unknowledgeable staff,negative
please tell dfw weather advisory rdu entire state nc shut ice amp snow,neutral
thank much appreciated,positive
id like c originally tried happy pay difference,neutral
issuing weather advisory rdu entire state nc shut overnight winter storm,neutral
i’m still waiting going far long someone speak,negative
mission accomplished today thank,positive
zoom sauce potato stuff vile mean vile,negative
merging mile complete wasnt month,neutral
month ago best catering domestic airline today worst planet ive flown almost,negative
wifi dcastl route hour flight could use love,negative
even bother catering dog food one eat,negative
thanks making worst fly experience ever never book airline train flight attendant better,negative
lost basket ballbag plane,negative
thanks great customer service family made back sat safely weather dfw made thing little worrisome,positive
seems little preoccupied thats im bringing attention flagging issue observer,negative
gate time though made cry made scene min instead boarding plane still outside,negative
disappointing lack kindness toward person agent asked counterpart person talking,negative
yes starting w flight getting home hour late flightr record locator bsuxlu,negative
aa staff refusing allow woman board departure sign still boarding,negative
fantastic thanks try tweet photo view,positive
excellent love guy first class ill hug yall see shortly,positive
thanks emailed long expect response,positive
said work time dfw security entrance c beforeafter precheck whereas paid service,neutral
sgf gt dfw might want clear ice plane landing 😳,neutral
great job tyr ground crewnow let get bird outta tell flight wait mebe mike,positive
stated im getting help tk hr yest spk live person told chk site,negative
one question wife didnt get bonus call today,neutral
sufficiently sorry actually anything guess system presumably beyond reproach reform,negative
good morning wondering pretsa check boarding pas morning,neutral
yes bit dont follow cant dm,neutral
flight attendant extension brand bitchy flight attendant flight appreciated,negative
special meal catered f jfklax thankfully im qantas rest wayi fear youd cater,negative
get compensation cancelled flighting departure twice made missed wedding,negative
character arent enough describe inconsiderate employee,negative
hoping possible frozen view along way,neutral
seen blue go look,positive
cabin thank message reminds people choice fly choosing another airline next time,negative
really thats even looking see happenedwhat could better next time,negative
delayed aa missed due delay aa new flight delayed aa,negative
thank,positive
told u drive back drop could attempt fix really dont time terrible,negative
hi next set flight next year dublin,neutral
flight changed u airway cant get two seat together help,neutral
flight wrong day confirm usxlon departure people,negative
trouble flight booking problem seat u march operated aa neither airline website allow seat selection,negative
thank robotic non helpful assistance,negative
fly weekly havent seen one,negative
would love say much h flight internet personal ac yr old plane nofunatall,negative
uwont allow memake change online force mesit thru excess phone wait timesampstill insist charging crazy fee thats service,negative
oh aa speed dial,neutral
thanks book flight uk using reading exchange there way ive sent,neutral
amazing watch travel celebs world show youth america fly,neutral
travel week delay cancelled flightlations want learn merger press delay connector chicago deice,neutral
requiring customer fill contact information time seems designed prevent limit interaction,negative
horrible service luggage got destroyed flight woman baggage service rude didnt help,negative
that’s rather clunky process whoever designed clearly doesn’t understand email,negative
thanks flight today great crew,positive
thank contacting american email address written unmonitored account”,neutral
customer relation dept oneway email allowing response helpful,negative
sorry answer claim aa ref accordingly without using weather,negative
motor usually start engine broke ground crew failed time per pilot maintenance,neutral
rising like sun dca morning member best view avgeek,positive
guy u served drink til needed awheelchair get plane important assaulted woman,negative
there lot talk miasfo year old plane nonewplanes old shame,negative
get together perfect combination delay cancelled flightlations,neutral
sorry sad answer fully refundable first fare response week aa future,negative
thank info change need made phone correct way aa agent call directly,neutral
bot haha always lie,negative
especially death family still solution hour countingthanks,negative
fortunately window seat noshow able scoot create space,negative
great aa sitting hour first technical problem,negative
absolute worst experience ever,negative
call back since department closed biggest bunch bull,negative
need know wasnt done like promised would yesterday,negative
late flight boarded exit row taken could gotten worse guy next shouldve bought seat miserablemorning,negative
yesterday phone,neutral
restaff commence new policy industry embarrassed,negative
statement wasnt sent yesterday like jeanine said even called last night well excellent service,positive
need talk ensure statement sent bank get credit charge,negative
month straight travel ahead time find new airline,negative
thats ticket confirmation email anything else,neutral
im flying dca bag iad already late flight meeting work call number land 😭,negative
try dpdfpp,neutral
face palm cannot believe last hr hr sleep cant,negative
wow regina told cant file request lost bag statement finish travel get dc argg,negative
shared experience several time aa ref aa response senseless weather cause,negative
record number bpdfpp,neutral
apologizing rude sale rep failure offer anything trite condescending platitude,negative
embassy suite woodland park drive herndon virginia u,neutral
non existent take far neededwhy hide behind corporate logo provide number tcf useless amateur,negative
laxogglax using hard earned mile given lousy service faulty seat leg damaged bag customer care,negative
found midnight last night would think agent lax could relayed infobag flt,negative
cancelled flight flight yesterday rebook middle seat acceptable upgrade emergency row would help nothappy,negative
right provide faulty seat flight plus damage bag replace shrug damage flight,negative
isnt good enough need provide phone number partner investigated,negative
lol great answer “ agent checking passenger quickly possible appreciate patience”,neutral
super spring tide “tide century” drawing tourist french uk coast,neutral
p right,neutral
yes dulles need delivered embassy suite herndon va im still chicago fiasco lax,negative
whats point wait another week u r one airline refuse handle complaint phone,negative
machine broken line door self service cust support bag check,negative
would seen pm est sound asleep,negative
merged airline work ff program frustrating gate agent busy pouting care attitudeissues,negative
dont ability anywhere ticket counter cust service online thats done,neutral
strand someone city without luggage would think aa would want earn business guess,negative
need get shit together counter people amp massive line people need catch flight,negative
know policy asking little kindness due extenuating circumstance,negative
pilot another flight attendant left walking away laughing wow,negative
oh left counter went downstairs told elise agent joined come counter,negative
course thats company job guy failed first place upgrade well talk,neutral
maybe long trip late flight night amp queue baggage claim two terminal good thought paid instead,negative
really need customer service training unhappy ee morning chicago gate k chking schd,negative
sat runway hr b takeoff hr late flight pilot plainly stated compmech issue,negative
flight n prepares flight departing,neutral
alright prove day ago sat plane jfk hr deplaned reboarded,negative
im trying choose seat every time go next flight get system error,negative
thanks airline said located aa detroit also informed flew aa shouldnt matter,positive
talk delta hour phone got number delta asked give aa,neutral
policy maker need change mindset aviation flying,negative
already reply sorry believe fair journalist writing article trip include,neutral
leave u stranded send baggage important medication different city daysampapologise voucher appalling,negative
ive trying change thursday flight there ridiculous wait time phone website isnt helping,negative
saw american old colour saturday surprised see,neutral
skipper walkaround,negative
plane veers runway icy dallas airport,neutral
thank acknowledgement ife didnt work well anyway maybe time upgrade lower profile system,negative
thanks canned reply,negative
went check flight hr advance husband seated separately hr flight happen,negative
expect higher level customer service amp flight crew give u accurate information,negative
least explanation one told flight cancelled flightled,negative
tried landed noone ive emailed customer service twice dont seem care,negative
ive since rebooked another airline would like compensation timemoney lost,negative
nothing done enough,negative
rebooked flight late flight connection,negative
suprise new vanity kit set frequent traveller 😀 thank aa,positive
gah frustrating nobody address usa bag disorganised,negative
lovely flight back mia lhr great crew thanks,positive
emailed several timeshand wrote letterwent airportcalledplease fix please help,negative
offered cot sleep onafter cancelled flightled flight fucking cot hotel like youre supposed provide,negative
another generic response guy cmon youre terrible actual helpful person rude employee lax,negative
tried extremely rude even supervisor asked speak supervisor told,negative
yes still human hope dealing horror story people share complained dot everyone,negative
try contacting everyone flight refund offer might believe sincere,negative
filed multiple complaint prefer continue warning public instead wasting time inhumane corp,negative
worst experience life avoid cost lose belonging humanity even offer compensation,negative
terror story luggage delayed way international flight day total angrycustomer,negative
worst service ever delayed flight hour plus missed bag employee rude 😡😡,negative
thanks generic computer generated response accommodate traveler instead saying sorry,negative
giving cot people get hotel roomsthat terrible,negative
twicegot letter back saying company doesnt issue refund phone bill helpphone shut,negative
oh yeah guess two different thing weird thing brain thanks xox,neutral
yes one answering im train,neutral
ty site say please note offer print subscription service american way,negative
weather thats said people received hotel room people end line get,negative
hopingpraying safe flight theyve stop deice plane yet again😞,neutral
losing bag daysampcharging toarrange pick upin argentinaclaiming tollfree wont reimburse help,negative
pity machine replied perhaps story unusual expected better response given article inflight magazine,negative
rebooked flight question people get hotel others dont like,negative
responded info different customer service line,negative
done,neutral
help u phone gate checkin book travel client cannot believe lack service,negative
dm pay money want reach help way around,negative
flight get rest wait another hour receive automated phone call neveragain,negative
know meaning customer service nightmare paid direct flight bumped dallas flight cancelled flighted terrible,negative
thats absolutely horrible customer service person supposed call cant immediately call back disconnected,negative
also passed website around passenger,neutral
flight cancelled flightled called said theyd call back hung saying wait hr,negative
doesnt,negative
okay someone look fear lost forever small item,negative
kind airline guy run people got line first received hotel voucher terrible customer service,negative
wheel broken got swear,negative
cancelled flightled flight fresno rebooked lax flight cancelled flightled midnight hotel available,negative
ill give reward whoever find return thurs fly back thru ❤️ earring,negative
checked de moines lay ord final destination austin texas baggage checked ord,negative
btwn gate amp lost diamond earring dayjustgotworse pls maintenance look,neutral
deplane change plane,neutral
guy cancelled flightled flight today booked tomorrow unfortunately rebooked thanks,negative
running one flight min next flight sat plane hour,negative
flight crew amp ground crew handled situation well texting notification let catch wink delay,positive
thx hope iah dfw okc turned long trip today work tomorrow,positive
understand im hoping rectify advance would call auh need one checked bag,negative
yeah buy plane ticket san diego detroit fly one plane home tomorrow,negative
nothing mother nature like poor commutation,negative
worst airline entire world flew nightmare knew would,negative
hey name issue reservation help,negative
dmd,negative
thank lost item located ord returned,positive
doesnt provide mean dialogue fear drive decision worstcustomerserviceever,negative
four hour late flightrs finally flying outtoo bad missed event,negative
please allow speak someone dialogue would solve issue better faster emailing,negative
bagits complete lack respect called hung daughter bag,negative
sna curfew cause diversion provide transportation lax aa pilot sure time,negative
doesnt allow conversation upset customer customer service worstcustomerserviceever,negative
cool flight cancelled flightled sitting plane hour 👎😡✈️ notahappycustomer leavingtomm,negative
something everything happened yesterday,negative
forgot lounge😂,neutral
thanks bleh disconnected let try,negative
appreciate,positive
love admiral club thanks hey follow,positive
reference number request,neutral
curious thanks response always good bad better competition,positive
customer service deplorable disgusted company ignorant people phone lost baggage,negative
stuck plane dallas thats supposed going okc there issue w plane idea much longer,negative
thanks submitted damaged bag complaint onlineis anything else goodcustomerservice,negative
responded cant respond response speak someone worstcustomerserviceever,negative
thanks always airline choice possible,positive
gate agent disappeared customer service agent miserable unhelpful letdown neveragain,negative
report missing baggage baggage claim leaf midnight,negative
connecting customer service rep id rather speak person computer thanks,negative
tsa tried check thing ive bought people told late flight want thing back,negative
arrived pm eastern deplane crjs airstairs icy tarmac valet bag sent carousel pm,negative
attended corrected complaint via twitter whoa brave new world live thank american air,positive
couldnt get anyone phone day flight rebooked missing conferencewe wont flt tomorrow,negative
b noise late flight norahm,negative
sad cant afford long distance trip though,negative
btw guy consider making lounge austin intl airport populate flightd area help company sure👌,positive
ep travel k mile yr would expect horrible travel experience,negative
expecting delay dfw tomorrow morning,neutral
worst customer service experience ever bad im lawyer enjoy wrath,negative
beyond complicated feel like used fly united platinum mean nothing,negative
look forward hearing back hope next trip like,negative
oh trust love beautiful,neutral
followed sure hope help,neutral
really would love experience first class planelooks stunning,positive
love service cheap upgrade american provides one best airline ever good food good seat amazing thanks,positive
broke sick wife luggage handle going jfk laxshe drag bag thru airport customerservice,negative
every chance get thanks keeping exec platinum,positive
yet waiting connected agent,negative
expect response customer relation,negative
yet waiting connected agent,neutral
glad wanted help didnt agent call rant shitty service every day,negative
hour cancelled flight change itinerary booked online hour impossible scenario,negative
flight via united arrive dfw car parked iah 😁,negative
online site doesnt flight listed chronological order resulting mispurchase anything done,negative
found footage happy,positive
well cleared custom auh need get iah arrive dfw possible retrieve luggage iad,neutral
share many many others filmcrew medium,neutral
tell get abi earlier pm tomorrow,neutral
everyone else outstanding,negative
last dfw ord weather relate flightd austin leg delayed well,negative
bag flew aa flew delta im still sure whose final carrier referred,negative
follow back dm guy,neutral
cancelled flightled flight last name right thing reinstate ticket,negative
flight veers icy runway dfw flight cancelled flighted mon figure right,negative
know love airline friend problem retaining info need,negative
late flightr complete itinerary change lost work time yeah got rebooked,negative
surprised fastest responding u brand twitter q q also th fastest world q,positive
youve got kidding look picture im hoping flight came whole story much,negative
youre clueless kind rez agnt contacted usair around midnite told id missed funeral,negative
nice try heard crew whisper shes still hotel probably doesnt think work tomorrow,negative
hand sanitizer bathroom flight,neutral
im airport right people didnt know react help situation frustrated,negative
thank,positive
break whatever want take responsibilitytoo bad customer medium filmcrew nytimes,negative
flight veers icy runway dfw flight cancelled flighted monday flightaware say,negative
mom tried also wasnt reason wouldnt change yall literally said youd rather empty seat,negative
apology necessary wind delta xoxo,positive
fucking suck,negative
thank,positive
way,neutral
traveling auh iad via etihad iad dfw via aa able retrieve checked bag iad,neutral
serious thread maybe guy reread fail,negative
th plane day first taken svc scheduled dep pm still ground ord pm,negative
joanne san diego staff phenomenal give girl raise handled flightnightmare better anyone,positive
beyond redemption jfk baggage claim look like luggage warehouse,negative
sent,neutral
flight,neutral
thanks aa dart getting home time work morning dendfw didnt waste vaca day,positive
even followed still cant get answer phone worst customer service ever customerservice fail,negative
yeah gunna nothing whole organization joke,negative
sister received call trip wednesday flts cancelled flightled resched next day,negative
great tell fix medium filmcrew photography cameragear,negative
hr min delayedstill waitingyou need something improve,negative
say web site u fly directly ord dub try book say stopped,negative
glad hear serious injury minor crash evening,positive
booked u airway site dont see cancelled flight link,negative
sit airport long periolodicly time plane nasty,negative
snowice forecast dfw tu pmwe change policy reservation hold wed morning leeway,neutral
space seat thanks pilot im back mn early ohare didnt think possible snaord,positive
late flight geez flt late flight delay typical,negative
guy wifi international flight,neutral
add insult injury go pick real class act ill stick delta,negative
absolutely disappointed lack service lost bag cant even deliver told would happen,negative
followed,positive
preferred seat,neutral
aa load people board th plane long day first unserviceable,negative
late flightst usair earlier,neutral
delay tonight flight dfw sat family member board,neutral
going flight delay lot,negative
use swu finnair codeshare american operated flight jfkman thanks advance help,neutral
tried multiple people already sat phone hour half got nowhere,negative
onei booked different one past day,negative
nope couldnt make change online min hold time dealing w rude rep hour window closed,negative
doesnt care customer break gear tell u cant anything medium filmcrew,negative
yestwicefor two different flight occasion,neutral
cover photo twa wondering,neutral
unable access website try,negative
yikes,neutral
hopefully fixed theyve got new aircraft u waiting board,neutral
best plane business aa today,negative
need cancelled flight flight booked earlier tonight able twitter,neutral
loved today fight bad draft airplane please add air air thanksm,negative
keep,positive
apology good enough plane mechanical hour delayed unacceptable,negative
thx apology commitment fix broken system would better actually fixing would better still,negative
seat assigned inappropriate child age aa knew age child,negative
biggest joke ive ever seen telling everyone never use guy cause joke,negative
pay accommodation one cancelled flightling reason know saying lying cause weather,negative
airport extra night hotel heard anything embarrassing airline saying,negative
getting bit ridiculous made miss full day work pay cab back forth,negative
assistance helpful frustrating disappointing experience amp wsmall child inconvenient,negative
cancelled flight flight saying cause weather condition flight cancelled flight,negative
guy huge joke cancelled flight flight reason rd time one trip,negative
going pathetic online doesnt work phone want give seat assignment,negative
ive received ticket thank help,positive
jet slide icy taxiway story,neutral
getting hand called reservation reserve seat wont let select online there fee,negative
flight delayed hour human error like food truck hitting plane line frozen,negative
disappointed airline never book guy,negative
found lost luggage wont bring tomorrow next day weather isnt nicer terrible service,negative
would ok send dm asking question im deaf hold long,negative
sorry disappointed outoftouchwithreality people kid job,negative
allowing book available seat,negative
seriously flight detroit dallas cancelled flightled day row want get home amp see wife amp kid,negative
delay trapped plane water air never ever ever neveragain aafail,negative
literally told theyd rather empty seat mom get come earlier amp take dr appointment wow,negative
posted response facebook everyone see people appalled lack concern,negative
advantage deactivated dont think deactivate customer acct without knowledge help,negative
thanks making worst flying experience ever different plane mechanical issue hour counting,negative
backpack need see agent,negative
really wanted sign airline credit card absurd change fee switch flight made think twice,negative
sent email customer service night happened ur response basically bad sorry contact u,negative
hi aa placed itin hold expire logged acctits gone seat hasnt released inv help,negative
tpa ord aa another successful journey thanks hospitality,positive
thank response much appreciated,positive
flight using gate wbuses plane awful boarding process hour half late flight,negative
another line call hold hour also get compensated loss time money,negative
day finally got automated service call back hung beyond ridicule help,negative
asked waiver change fee flight booked win past hr rep rude told didnt even try help,negative
idea flight hsv dfw tomorrow cancelled flightled minute ago,neutral
thanks actually made connection flight delayed guess delay bad thing,positive
issue wasnt long wait infinite loop system didnt let customer wait leave message,negative
policy change ive seen people hamster rabbit,neutral
thanks attendant flight advising connect flight held ran kid flight departed poor service miami,negative
hour waiting phone u air help hour waiting airport yesterday love service guy,negative
im standing baggage claim waiting bag hour dfw gate foot nothappy,negative
right missed connection three hour kay lost bag,negative
obviously see agentbooked u tomorrow morning hotel transportation pregnantwithtwins stranded angry,negative
suppose fl hour ago im ive waiting hour ridiculous,negative
clt left gate next clt need help,neutral
company policy refuse employee speak employee phone interesting,negative
still hold hung first time another minute,negative
rebooked didnt get notified cancelled flightled,negative
flight tomorrow,neutral
“ thanks shoutout candace enjoy ride” always adore american airline,positive
without notifying though “ dont like cancelled flightling flight kim weather played nice u,negative
still thinking pjs may sold wed love board u come,positive
flight lie flat seating stl pdx around date march,neutral
refuse customer willing pay upgrade half first class empty,negative
customer service call refunded money,negative
im still hold,negative
ever wonder find responding many customer complaint twitter airline suck,negative
people cruel stupid posting personal email damn internet u lost mind,negative
get class discount wifi flying airline approx,neutral
customerservice sitting fourth plane today mechanical problem excuse tough loyal,negative
thanks,positive
bqonpa flight delayed posmia missed mia atl need seat last flight atl,negative
bad service miami airport,negative
need entire customer service overhaul would never treat customer anything less service,negative
guy intentionally trying lose customer money,negative
continually play according federal regulation every second could see quicker service,negative
send trusted traveler id add reservation tsa pre,neutral
thanks hire car chicago drive mke mean go airport,negative
folk executive platinum desk great pro understand displeasure change fee switch sw,positive
thanks anything help would information help process,positive
thanks cancelled flightled flight delayed flight telling u missed work hotel worstcustomerservice,negative
flight delayed hour pilot spend hour phone get ep agent phone,negative
advised gas pilot flight bad one took action,negative
need reported complete disregard paying customer donotflywiththem,negative
anything particular ask want document mileage plus status,neutral
give u number call instead empty email since working,negative
checking consistently called multiple time loyal aa customer im disappointed,negative
congrats call center customer service guy named fidencio answered went amp beyond help 👌👌👌,positive
daughter record loc kybilc traveling yo need adjacent seat across isle,neutral
gabriela miami rude employeeworking mialga check made experience unpleasant customerexperience,negative
ok make sense tho since youll give free upgrade first,negative
didnt want cancelled flight wanted take someone keep price held today,negative
delay communication,negative
would like additional detail issue airport flight agent name happy w automated lip service,negative
supposed depart pm central ready close door pm central,negative
despite inconvenience situation handled quickly appreciate much,positive
absolutely,positive
cluster continuesstill connecting instead directbag charged seat together shafted,negative
im pregnant twin youre going abandon overnight airport hotel fault,negative
idea theyre delay flight pm pm delay another destination time,negative
received actually thank,positive
flight pensacola fl delayed flight,neutral
status itinerary say request red whats mean,neutral
bad rep loosing costumer luggage stopped flying back,negative
happened,neutral
drop call dont people answering phone always high call volume call,negative
thanks 😩 idk still late flight hope get tonight 😭,positive
cant work call get cut im still holding dfw looking better tomorrow,negative
u didnt give answer flight delayed long u compensate missing flight lima cuzco,negative
help update birthday incorrectly input reservation preventing checking,neutral
yep saidi feel sorry run account embarrassing,negative
tsa said nothing could question employee swapping customer belonging,negative
wait minute,negative
thanks,positive
need assistance reflight booking problem flight dfw lit,negative
took sitting someone scheduled buenos are jfknot sre make r thy holding plane,negative
dinner called hon service would expect st class disappointed,neutral
upgraded st class inquired red wine sauvignon blanc amp cant pronounce one couldnt describe,neutral
watched bag abandoned depart gate watched gt min owner returned min reported,negative
everything sorted thanks help excited get home tonight,positive
mistake multibillion dollar company,negative
would take long credit card company say card hasnt charged yet take day,negative
delay im money,negative
got flight next day credit guy multimillion dollar company give u back credit,negative
dont send tweet cover social medium complaint sending message way resolve custserv,negative
joke mail receipt yet cant mail payment fly hand right,negative
could wrong,negative
keep good work got destination safe time today,positive
doesnt anyone make better effort retain customer easy fix want travel aa,negative
btr trained gate agts im frequent flyer amp nvr issue wmy bag day forced gate check priority boarding,negative
misplaced bag hr ago cant tell ive lost stuff americanairlines unamericanairlines,negative
cancelled flightled two flight miami nashville yesterday could get flight day southwestairwasthere,negative
lost piece bag havent delivered hour lied delivered still refund never,negative
improve envoy performance th trip ord ive delayed hour envoy could drive faster,negative
two cancelled flightled lga flight took look like new carrier,negative
lady b abq great service among several cancelled flightlations,positive
way get minute wait book flight,negative
provide guidance work resolve issue,neutral
reallythey closed gate instead ofi got u wudda put ktn like asked wudda made,negative
trying change flight via dfw tomorrow cant get thru phone long wait cut x help please,negative
thanks following finally worked finger crossed new flight work,positive
stuck tarmac clt gate open hope dont miss connection logistics americanview,negative
waited hold two hour call really unreliable,negative
board today watched report unfold twitter still proud,positive
delay rebooked flight,negative
several miss communication able get ord home yet sure get due error,negative
um hanging what’s new w,neutral
hey aa mistake made cr flight booking problem call reservation keep getting hung advise,negative
emailed aadvantage status match still waiting cant wait move help,negative
ill try great week receive 😩😭💔,negative
pillow blanket flight home people bad thing hair,negative
going nightmare guy yesterday zero response tweet last sent,negative
tried site amp doesnt allow reason wasnt allowed board morning try diff airline work trip,negative
bought plane ticket month ago still havent received flight info ticket email come,negative
dca baggage claim employee realize please thank apology go long way customerservice dca,negative
took cost flight bank account cant get refund week loyal customer,negative
took day work drove hour round trip rescue daughter student laguardia thanks,negative
youre airline ridiculous,negative
group minor child broken group still miami delta much better customer service,negative
way get record flight ive taken,neutral
thank response got resolved counter,positive
thats one original arrival time said done may pm central impressed,negative
flight la vega dfw cancelled flightled ive hold forever still spoken anyone pls help,negative
every time try call tell try late flightr hang,negative
rebooked different airport throwing wrench plan 👀,negative
crew best could control get one chance honeymoon amp failed miserably,negative
thx someone picked minute,negative
overbooked business class mia uvf correct seat moved back economy special day,negative
kidding gonna take beating apron good lookin plane,positive
thats unacceptable,negative
didnt fund purchase another ticket error would cause family miss funeral,negative
miss whole day worth work tomorrow im suree guy dont care,negative
big company happy something customer costing delay oh mention,negative
ticket pending day normal take long want make sure isnt problem,negative
bad c back least stuck look apologize trouble,negative
delay know get dont credit anybody back supervisor cut speaking,negative
free check bag food comp flying credit something help im additional dollar hole,negative
yes response,negative
bag checked cancelled flightled flight arrive mke much help grnd staff havoc dfw,negative
id like know bag ill get dont already accountability cust service,negative
never fly guy stuck memphis another day called credit something anything,negative
dont jealous live sydney tshirt jean dont suit office work need suit warm jacket,neutral
booked ticket using mile need change date trying get advantage rep two day,negative
company hell consideration customer give hundred million dollar per year smh,negative
snow st louis cold snow hub flight welcome,neutral
took flight yesterday fron tpadfwaus bag went iah today bag went iahdfw back iah still bag,negative
absolutely unacceptable calling day hung every time need minute bit help,negative
envoy airline disgrace aa family nothing delay cancelled flightlations week week,negative
weather logistics hold minute called get desk agent,negative
weve sent info via dm truly hope resolve quickly medium filmcrew cnn nbc,neutral
ive never anything bad say love faithful customer,negative
also agent aware clearly,negative
additional fare cost tix change price uk pound issue uk pound badcustomerservice,negative
fly american family severe weather excuse cant call make change computer u cant modify,negative
amen,neutral
meelan afford supervisor included conversation pls check rec call badcustomerservice,negative
last night severe weather could make needed change fair go,negative
thanks aa upgrade today getting new flight first one cancelled flightled,positive
worst flight change policy mercy sympathy bummer cant go funeral see friend bc,negative
whats done done much point trip already,negative
basically u right,neutral
epicfail connection chicago today extremely disappointed w unaccommodating customer service rethinking loyalty 😐,neutral
well im flying instead free credit actually work,neutral
messaged please someone contact u immediately,negative
cant capability spread salt runway,negative
supposed little rock morning,negative
boom,neutral
already spoke line unwilling help really poor support hitawall,negative
first ride new new interior seat video nice improvement newplanesmell,positive
worry y’all good one,positive
yes thanks found didnt see gray tab first,neutral
seriously cat dead im going pissedvery thankful evil want soul,negative
leg damaged seat u damaged expensive case offered anythingjust apology wks late flightr,negative
ive tried understanding let handle situation guess wrong,negative
hour phone best tell sent maybe bank misplaced,negative
chariot tonight angle look like,neutral
day come suppose get money back bank hasnt received anything,negative
calling corporate,negative
cannot understand part oneworld member treat customer fairly tcf oldplanes damageluggage,negative
probs worst customer service ever replied complaint submitted week ago bout damaged bag even replacing,negative
cancelled flightled ticket taking two month refund still waiting,negative
new marketing song let u know think,neutral
thanks hope get movie tv broke flight,negative
thanks entirely unhelpful wasting hour time today,negative
well wont flying rebooked jetblue credit actually work free,negative
check broken tablet see attached picture medium filmcrew nbc cnn,negative
originating sfo going lax,neutral
calling morning still cant get need chge flight week,negative
guy talk american ecuador read,neutral
prob give refund since made miss flight waiting talk someone hour,negative
ive triedits anyway,neutral
oh received back email saying delay happen uh huh,negative
place hold complete payment dont see way reservation page,negative
bad weather happens able get reservation rep hour crazy frustrated,negative
flight get chicago,neutral
customer svc rep unable handle call hr cancelled flightlation policy booked yesterday need cancelled flight,negative
bad weather understandable pilot said people called zero bag plane,negative
yepfiled claim heathrow yesterday promised call morning update got nothing,negative
seem impossible contact anyone airline get item left board plane min deplane,negative
flew chi instead got ride mke u said bag would go mke today cancelled flightled flight tho,negative
stuck gate miami jfk flight going get tonight frustrating,negative
understand theyre busy amp best frustration automated call changing flight wo allowing talk,negative
help u said ud chnge retrn flght since missed connection sat amp ur pickng phoneonly hve hr left,negative
almost month still response online complaintquestions,negative
bad weather happens lack preparation inexcusable depending good weather good business model,negative
u going time still deplaning b,negative
next exactly,neutral
flight tomorrow cancelled flightled new one booked seat taken care tweet commend service thanks,positive
instead yelled told call number pick due call volume,negative
boston airport problem agent honor voucher one number rubbed,negative
see photo b scale model amp pn wheel deflator specified chapter b amm,neutral
guess b airportcardio given cannot time flight,negative
see photo model amp pn wheel deflator specified chapter b amm,neutral
really explain customer service gate agent c couldnt bothered,negative
wife flt bro tul via dfw cancelled flighted bought swa flight get home partial refunddm plz,negative
ive trying get reservation since yesterday make change reservation hold,negative
thanks miss dog delay costing lot money,negative
yes say deliver within hour pick line,positive
still cant get change flight really important plz help,negative
landed lit,neutral
ended emailing complaint customerrelationscom hope work travelproblems,negative
tomorrow site show flight ewr cancelled flightled,negative
pet allowed first class,neutral
lie lost bag suppose trust life thousand foot air,negative
cant help seat taken way handle high volume call day,negative
worst first class boarding service ever,negative
disgusting chicken entree ive ever seen standard seriously nosedived newamerican,negative
im tryin book flight cant get ahold anyone,negative
upgraded next flight,neutral
finally final destination wo extra significant travel expense amp missed work resolve experience,negative
changing dest city award reservation party fee pax first rest,neutral
delaney shawn dfw showed exceptional customer service today happily choose aa whenever possible thank,positive
another customer non service waited solve problem would miss funeral suck,negative
already shared nothing done,negative
better aa,negative
really cant though agent worried reservation help,negative
listening delay message phone another delay message coming get shit together,negative
hi get error msg trying check line state wrong pas ticket rcvd aa due training dfw u know,negative
there employee gate jfk telling people bag doesnt fit need checked clearly fit aa,negative
thanks finally got afternoon,positive
waiting delayed plane sat plane hour waiting late flight passenger thats b,negative
bag,negative
,neutral
true stop making excuse either overbook crappy plane,negative
americanairlines approach mex,neutral
booked seat dallas live dallas real nice gate agent exit row available told werent available,negative
paid using paypal online charged system error ended calling,negative
aateam thanks working rigorous weather condition,positive
thats im asking exception staffer moving last minutewere nonprofit amp losing want change ticket,negative
thanks ill look forward response,positive
advantage agent horrible ive waiting hour call back hung rude agent,negative
yes there issue site well unfortunately,negative
see new american airline credit card replace usairways dividend mastercard,neutral
wife stuck brownsville chance get flight need work tomorrow morning,negative
year think,negative
thank truly appreciate help sent dm,positive
best message saying use website website saying need call dont answer hardtodo,negative
trying get flight changed dallas calling number say thanks calling hang guess im stuck,negative
aa airplane sitting hrsthere mechanical problemsbtwthe aa desk unorganized,negative
miamiphl flight cancelled flightled got gate one aa around one phone awful awful awful,negative
care less youre without bag day week ive story last hoursi want bag,negative
hah best flight attendant response happy getting screwed carrier hahahah pathetic,negative
aa flight jamaica cancelled flightled yesterday due weather flight still landing dfw,negative
boarding min yay,neutral
liar precipitation day degree dont pacify look like foolthats problem admit suck,negative
thank much,positive
call span two daysnone available speak someone un fin believable worst ever,negative
im sure understands rule guy zero customer service staff damn counter,negative
whats baggage handler calling dfw today luggage onboard plane,negative
minute hold another minute call yes going pushing get airport time,negative
hi discount award policy credit card holder change longer seeing chart special site thanks,neutral
seat assignment process flight booking problem misleading im paying extra select seat,negative
cant hire staff helpful informed nice customer,negative
rude ticket counter employee forcing wife standby pushing list bad day,negative
agent dfw kind best help doesnt make phx error attitude americant,negative
let reuse ticket thus booked vacation delta never flying american,negative
hr guess hang amp give using award mile price jump hm thanks,negative
need hold get call back get hung phone system hour,negative
rude unprofessional helpful helping try get home aaadvantage loyal aa customer dissatisfied,negative
work comm skill w hate agent phx said confirmed flight dfw amp got standby,negative
thank assistance,positive
hello question many balloon think take life one plane,negative
needknow ill able reach ind todayrather stay maf fly dfw amp find cant travel,negative
im trying hardest get frustrated getting response email phone aa owes claim,negative
hi flight dallas cancelled flightled going la u pls help rebook,negative
nd time day flight delayed gate agent hasnt said anything thanks memory neveragain,negative
thanks telling go airport check agentwhats,neutral
whats best number use,neutral
call cue hour call yet wife cue hour got call hung,negative
phone minutessaid would advice,negative
chicago seen seat aa far great ride pdx,positive
thanks delivery status,positive
dont believe acceptable ticket changed check time amp notified apparently thats standard,negative
need complain aa email form field doesnt allow enough character complaint real email address,negative
flight aa delayed providenciales missing connection aa miami sea call,negative
ticket gave lying raising voice explanation happened,negative
check going de airport everything fine fail,negative
attached original ticket flight number isnt experience thought would terrible,negative
booked online unable cancelled flight online finally got thru,neutral
hey becky piela orange county airport really kind helpful rescheduling flight,positive
feb th rep gave record locator told id receiving email itinerary confirmation,negative
entire process took sooooo long decent seat left customerservice,negative
flight attendant announced transportation waiting u flight think well make,neutral
hold reserve award travel hr anyone home crazy weather issue,negative
dont mind fee told cant change name ticket,negative
thank pick time,positive
original receipt list flight cost ish doesnt reflect use voucher,negative
whats hold flight,neutral
well guy totally kicking million pound as bar none best sm team airline industry opinion,positive
least could would refund oneway ticket buy since werent able accommodate thank,negative
patient delayed bag week told could take another week unacceptable,negative
purchase ticket never would buy flight cancelled flightled terrible customer service,negative
flt sorry scheduled phlmia totally chaotic poorly addressed event sent three gate night,negative
told could refund cost original return flight note flight booked expensive,negative
okay since couldnt put earlier flight buy ticket another airline,negative
heard back today put flight tomorrow arriving home pm meaning id take nd day work,negative
airport hr told nothing anyone rep said waiting mechanic finish lunch,negative
considering past midnight hung called receive another service call,neutral
redeem aadavantage mile lan flight,neutral
ive tried less time today get touch service desk beginning est im luck help,negative
put hold hr got call back pm wait hold another hour,negative
lost customer today flight today cancelled flightled find calling customer service yesterday,negative
called regarding bag came yesterday one notified updated online record locator customerservice,negative
realize customer service leaf much desired folk handling call could care lessand show,negative
unacceptable clear losing one customer doesnt matter american many bankruptcy take,negative
another airline thats accommodating customer unable simply change passenger notice simply,negative
probability flight dfw dtw delayed cancelled flighted,neutral
thank 👍👍👍👍👍,positive
uhmmm need dallastx tour 😫😫😫,neutral
way reserve dog’s flight without speaking representative booted helpline,negative
ive calling straight day one pick sure storm also customer holler,negative
tell luggage flight sna dfw flight mke cancelled flightled got rebooked ord,negative
gtsvyb say cancelled flightled try check,negative
thank processing refund,positive
thats good id expect cant get phone make change change online,negative
u feb unprofessional unprepared unsympathetic lacked communication lacked solution,negative
thanks asking second plane maintenance issue flight ord lit sitting gate warm plane,positive
hey ho losing money next make sure stick flyer right booklet,negative
please dm,neutral
trying hr reach agent must make change cant done web pst cancelled flight rev ystday,negative
oh losing luggage ridiculous angrybird wheresmybag,negative
great job great service sdf weekend winter storm,positive
please get together find husband luggage youre ruining ski trip aspen rd day luggage,negative
dont worry took good care loss gain,negative
welcome anyone work condition deserves thank even though side atlantic lol xx,positive
could check swu typo last post space aa mxpjfk feb th thanks,neutral
could check svu space aa mxpjfk feb th thanks,neutral
thanks gang mind ask handle social medium house,positive
sure whats frustrating stranded airport fate hand,negative
thanks telling flight got cancelled flightled wasnt missing luggage thanks fam,negative
yes thanks,positive
min still hold chg award travel sorrynotsorry,negative
people phone cant see difference thats poor process,negative
got new reservation tomorrow thanks,positive
couple question you’re available pm,neutral
friend flight jax dfw cancelled flighted,neutral
still taking call storm ended day ago like pat doyourjob,negative
dollar rt ticket chicago yes please,positive
thank,neutral
let extraordinary week make year remember goingforgreat thanks much american airline,positive
helpful,negative
expect u spend hard earn fly make exception extra call volume however never make acpt,negative
friend told able use credit airline towards one flight told couldnt,neutral
hour half landing bag finally trickling,negative
well spelled name wrong,neutral
hour im patient dont call back feature pay someone answer phone tweet onhold,negative
please something boarding dca x many delay bus plane tarmac despite empty gate disorganized mess,negative
standby line update online app either troubling,negative
cancelled flight trip instead future trip voucher drink coupon wouldve better wakinginmemphis,negative
thx sent dm,positive
unbelievable cannot even wait hold speak human resolve issue system simply hang,negative
thanks airline ruined bag refuse anything,negative
open kiosk priority line open main check ppl,negative
app nonsense flight cancelled flightation yesterday wasnt able use app kiosk today hour long line,negative
thank u reach response yet lost found go straight vm,negative
bag yet located th time ive checked tracking bag hard system,negative
next time fly southwest,negative
still hold way suck,negative
kudos crew flt today specially carlton loved new keep good work aa,positive
flight leaving dallas right maui trying figure delayed flight going,negative
ask new colleague handled u feb expect made whole check complaint inbox,negative
get outta,negative
tried calling got high call volume moment message said goodbye hung up…,negative
really appreciate great customer service one service agent hung asking legitimate question,negative
dont already know isnt everyone sharing nasty food even close decent,negative
thank much appreciated plane min gate,positive
guy get rid functionality put reservation hold hour dont see,negative
hold since one get airport cancelled flight flight dont make u pay huge fee change flight,negative
nicest people world work admiral club gladys san juan e mi amiga,positive
due road condition,neutral
going change tomorrow concerned fllight make wont able leave airport,neutral
love much plane please follow back amazing bussines,positive
genuine give opinion occurred last night fly phl mia assistance airport,negative
get flight change air delay causing missed connection seat late flightr,negative
think week waiting enough time contact lose customer,negative
way suck customer service dallas trapped ice storm didnt cancelled flight flight amp hold day,negative
umm unexpected unexpected meaning guy didnt know major staff shortage,negative
also way speak someone phone hanging day,negative
sfo natt agent helped really awesome job,positive
paid seat upgrade b severe weather got booked another flight get upgrade calling inquire help,negative
well done xx,positive
thanks issue checking flight please check dm convo info,positive
dont care keeping customer safe least didnt care sister,negative
maybe stop tweeting start calling make available people wait onhold instead hanging u,negative
thats point say counter clearly see site aa agent loss word,negative
caller east coast able speak actual human reservation support agent busy call late flightr,negative
father loved working well panam,positive
ewr dfw stopping bna refuel bad weather trying get plane closer dfw cancelled flight u,negative
something wrong website matter flight select say longer available,negative
youre sending gate agent talk u joke airline thanks ruining vacation neverflyaaagain,negative
cxl flight rebooked pax problem thank everyone aa helping u,positive
sitting plane hour unacceptable complete disregard customer service,negative
wrote evoucher number got rid voucher purchased air fair,neutral
fluctuated aa took hr call backended paying extra u statement true,negative
american airline start flying siberia wait usa oy,neutral
followback,neutral
hahaha meanwhile russia,neutral
thanks keeping u safe,positive
one aa woase event lot info available winterops,negative
record locator,neutral
keep returning call hanging answer help reflight booking problem flight,negative
calling hr getting told call back automated system extremely frustrating,negative
sad even spending much ticket wanted wife still go sister help,negative
help finding baggage reply asap direct detail,negative
prebook flight wife th bday recently surgery cant travel wont let another go place,neutral
hr late flightr get call back immediately disconnected,negative
pleasure next aa flight wednesday milan italy see,positive
team rebooked cancelled flightled aa flight different airline new airline flight booking problem flight evening,negative
hold almost hour ridiculous,negative
dont like making scene hasnt addressed properly please,negative
thank help p guy best americanairlines americanair,positive
hello one forgotten need luggage ba dropping ball,negative
hold nd time today need help confirming new flight arranged expedite,negative
served nastiest food ive ever seen yesterdayrubber chicken slime entire cabin sent food backfas confirm,negative
terrible response someone picking phone calling meit hour luggage,negative
really,negative
system always hang,negative
dm sent,neutral
exceptional customer service aa misplaced item waiting checkin followed smooth flight thank,positive
line sfo customer service rude disorganized congested dissapointing,negative
help attempting cancelled flight flight cant get thru number call get dropped saying agent flight,negative
okay sent,neutral
dont bother trying get anywhere customer service team either take month counting reply,negative
thanks,positive
seriously treat passenger like shit,negative
minute since landing flight miami luggage whats delay,negative
got paying extra sit way back awesome never,negative
define sincerely action reflect youre saying poor attempt redeem social medium,negative
id like explore option cost might change date destination,neutral
americanview view oregon seat f flight aa,neutral
award air mile yes going take vacation thanksamericanairlines,positive
follows talent pm bdsm porn site new economy dungeon class coming,negative
next stop customer service,negative
said last time doesnt take week reply email,negative
sure thank,positive
need help record locator bringing two different flight system one op aa amp one u airway,neutral
im trying make reservation lt year old lap child dont see option online proceed reservation,negative
min wait get deiced tulsanot good servicelooks like everyone miss connection due weather fight,negative
flight cancelled flightled let know new flight info,negative
would sell seat hour flight half legroom occupied escape raft,negative
dmed back,neutral
yessir rt “ good morning rob showing flight sunny mexico pushed gate”,neutral
flight dallas cancelled flightled talked reservation agent got new flight received email,negative
last flight ever aa botched weather delay point absurdity id pay fly,negative
id happy hold phone phone system allowing simply hang,negative
trying desperately rebook mom flight waited hour callback got disconnected didn’t call back help,negative
thanks dont understand couldnt used tug next gate ground crew took break unacceptable,negative
third time called hung anyone speaks,negative
second flight put cancelled flightled explanation missed first meetingoutraged😡😡,negative
clueless aa waiting hear week refund cancelled flightled flight amp hold hr min,negative
fantastic thanks coming thru great customer service,positive
departed hour late flightr crazy crew one lady simply freaked got away job departure,negative
dont require u memorize fiveword phrase remember hear another six million option,negative
month still exec platinum member card give,negative
love holy automated phone system going give like option give numerical shortcut,negative
tweet call youre like bad boyfriend,negative
really small thingsthe detailsthat make excellent experience really irritating one,positive
thanks great stuff imagine jammed everything,positive
trying speak agent flight london tonight cant get anyone aa help,negative
ohi already turned itover apparently losing someone bag honeymoon doesnt require accountability,negative
ive trying reach customer service two day received zero response never traveling aa,negative
hour get back back sat plane hour flight cancelled flightled one small drink,negative
except arent working youve done nothing help,negative
need help reservation follow dm detail thanks,neutral
need look handling flight company size protocol place help,negative
literally stopped allowing people wait line customer service incredible worst customer service,negative
weve official complaint signed americanairlines lima supervisor customer relation pls compensate hour delay,negative
need rebook cannot get agent help,negative
back uk thanks staff wouldnt passenger stranded laughed u,negative
followed tried record locator number gave error code,negative
well wont let handle reservationchange online amp reservation call hang wtf bullshit,negative
yay thanks appreciate help know nut right cold ice,positive
received email requesting call re keep getting kicked phone system help,negative
need help changing flight please dm,neutral
flight cancelled flightled trying reschedule number say call back,negative
u air point combined,neutral
feel free email mikehertzcom dont worry going anywhere damn tarmac bit,negative
research buddy read previous tweet get context,neutral
said thing phrased differently actual help,negative
plane toilet wasnt working needed gas flight leaving dulles going lax,negative
youre finding bc rebooked u airline realized couldnt get u home ord,negative
time cancelled flightled,neutral
boarded flight still sitting runway lot fun,negative
funny say monitoring since january st change availability fakeawards luvisbetter,negative
done,neutral
would possible change flight website many thanks,neutral
flight home cancelled flightled today way get another flight nyc texas hour wait call back airline,negative
totally agree get automatic phone attendent go hang lousy service,negative
receipt doesnt show evoucher value mention used evoucher,neutral
ive trying call reservation desk past hour cant get expected,negative
customer service terriblebeen waiting week reply email helpful keep brushing problem,negative
taken care already ive come expect level horrible service time time,negative
given callback option service turned,negative
flying today mty mex still appear cancelled flight talk another flight,negative
didnt call try youll understand possible reach agenti dont know else,negative
ok probably cancelled flight flight take refund get home another way wednesday wont work u,negative
thats hoping,neutral
also wait hour speak someone phone cant wait hour,negative
make hour,negative
despite chaos im still grateful flight home ✈️,positive
supposed cancelled flight cant online dont want lose fund ticket help,negative
poor customer service unacceptable also bout surfer front website noloveforsurfers pretend,negative
need help im trying cancelled flight flight take cant get hold anyone line busy,negative
always nice coming home wish youd fly laxmad keep away iberia 😜✈️ goingforgreat,positive
trying cancelled flight fligt ohare dallas pm high call volume one answer online confirmation thanku,negative
given choice rep meelan uk aa contact center escalate flight supervisor book change,negative
retrain customer service first make proper adjustment cancelled flightling flight mistake,negative
wish better mobile app look app much seemless check,negative
delayed flight six hour missed international connection extra night hotel still pay lb surfboardbag,negative
dmed name,neutral
voucher cancelled flighted flight due weather today issue broken tire voucher cause tire broken weather nomoaa,negative
worst airline cancelled flight flight dont even let u know even though traveling child,negative
long mait repair wait gate capt said paperwork formality forced check bag rudelyreturning cc reader doesnt work,negative
one hour check minute long mia fail,negative
thx showing twitter appreciates employee sure another airline would like nohotel,negative
thanks response better nothing ahem,positive
cant get customer rep help option got,negative
snack left purpose team helpful morning desk phone,positive
flight,neutral
could even see tried make transaction wouldnt offer price id tried purchase,negative
maam complaint visit customer service desk see line people deep,negative
well time arent damn thing im guy winter hat frowny face,negative
much status ep million mile revenue first class ticket im sitting coach thanks rude c staff,negative
deplaned ohare gate k dont send customer service rep discus situation god know,negative
dmd anything,negative
time hr passed got call back ticket wasnt fault yet pay extra,negative
gotta say yall amp staff real,negative
wouldnt let complete transaction one way barbados nyc,negative
brother flight dfw cancelled flightled yesterday flying ont dfw today,negative
customer service today unsat flight cnx notified called hour phone line even let hold,negative
refund,negative
im still patiently waiting response complaint email fri normal response time,negative
flight im trying change hour ive trying reach agent unbelievable,negative
ok noone help bag lost honeymoon month ago responsible professional,negative
sjcgtlax fourth time gave,negative
flight san angelo via dallas orlando cancelled flighted help hold disconnect,negative
surely much better let u share feedback unless something hide,negative
staff jfk airport discussing way left stranded,negative
add ktn existing reservation letting add online,negative
still response aa great job guy,negative
need help cancelled flighting upcoming flight made aadvantage mile record locator hfjkto someone please assist,neutral
confused definition preferred seat paid extra one got regular seat legroom unimpressed,negative
lost black wallet dallasairporti flight clewould appreciate ur help last used,neutral
thank ill cancelled flighting return flight ive already rebooked another airline get home today,neutral
fl dfw leaving newark time going nashville first get stuck nashville,neutral
howdy trouble getting rebooked flight cancelled flightled cant get thru via phone web erroring help,negative
oh yea thats cmon buddy bring special friend conversation seem nothing,negative
agent domestic check mia wtf huge line many people cancelled flightled flight,negative
told minute wait time waiting hour hour gone ridiculous,negative
dmed,negative
dont see response,negative
gotta love skycap solving problem faster anyone else terminal smile face,positive
guy need educate employee pink tag stop losing guitar thousandth time,negative
pretty frustrating cant even stay hold get help flight cancelled flightation,negative
youre equally terrible im going fight get complete satisfaction mistreated,negative
wrote back saying challenging weekthats sure shit,negative
contact something alleviate terrible terrible service year old social medium guru,negative
week going make anything put ease asking fix thing,negative
didnt address assult drink spilled drunk passenger wheelchair get plane,negative
complete lack faith company really shame think telling challenging,negative
priority baggage evidently mean come last,negative
getting u need acceptable mention cancelled flighting meetingsinterviews client,negative
airline ive spent three extra day traveling domestic spent hundred dollar,negative
worst flight customer service second time ive cancelled flighted gotta pay hotel find ride,negative
flight dc la mention fix circuit breaker bathroom plane old,negative
incredibly arrogant thing say sit ohare waiting incompetent airline refuel,negative
june thru december busfirst milesaaver award available cun nyc explain whyfly,neutral
tried anything said would talk stewardess serving drunk drink help,negative
please improve business extra flight reservation process cant book online century min hold,negative
tried already waiting list call back hourwaitsucks,negative
stressful morning still pay check bag lax madhouse lot angry customer yikes,negative
character respond via formal letter trust plenty say,neutral
best never fly w americanairlines ever yall made day remember,negative
phone call hr sent back amp forth two line terminal skycap find solution,negative
thanks responsetough night involved flight got cancelled flightled started taxiing runway,negative
response flight montrose cancelled flightled,negative
thank responding rather quickly btw,positive
saga continues,neutral
thanks dm rescheduling unfortunately operation process lax chaos amp rep refused print ticket,negative
ok thank,positive
could guy follow dm yall please,neutral
cancelled flighting flight today weather dallas without charged,negative
told got put another flight would get email still havent gotten one yet,negative
please try call see happens youll understand allrepresentativesbusy nooption,negative
thank cc,positive
tried check redirect call also cant get contact,negative
flight delayed time today due flight officer pit ord hour delay date bademployeeproblem,negative
pt aa reservation phone number less helpful telling change thing online cant,negative
yes much help guy,negative
thank cancelled flighting flight putting husband life danger driving weather safetyfirst,positive
travel advisory toronto today cant access anything regarding international travel website,negative
understand hour late flightr still havent heard word plan week zero information,negative
two non rev right,neutral
check dm please,neutral
finally called cant get met seattle refund processed thanks,positive
reservation hold wish hold thats possible phone issue americanair,negative
app doesnt allow canadian address used mobile canadian site let select passenger,negative
phone issue please fix,negative
cant one cant get hold cant get past automated reply hang frustrated,negative
trying get home beyond complicated hard student split fly aa ever,negative
website havent able check flight morning,negative
tell flight dfw phl cancelled flightled tomorrow,neutral
looking going able get time flight,neutral
boyfriend supposed home saturday flight dc cancelled flightled yet please get home,negative
tried amp disrespectful professional amp nd flight cancelled flighted get home surgeryhelp,negative
answer phone trying change reservation havent able get human pick two day,negative
couldnt add ktn asked numerous time one answer phone missed flightupset,negative
flight u ricdfw cancelled flightled yesterday amp hold w cust service pm est hour answer,negative
got phone w rep flight disappeared locator irrlcd said rescheduled help please,negative
unamerican airline lie poor customer service,negative
thank,neutral
cant even tell country 😥😥,negative
sent dm please help,neutral
awesome flight morning aa awesome crew even landed early,positive
yes sayin particularly poorly handled situation,negative
pay extra co flight longer available wouldnt accept u card way nyc,negative
flight chicago buffalo hour flight care safety,negative
,negative
could voided ticket since gt hr since flight booking problem going waive fee still cant get,negative
mean flight going buffalo location dont care safety,negative
ive line half hour trying see representative might even miss next flight unacceptable,negative
trying speak agent hr cancelled flightled flight rep always busy get ahold,negative
please follow,neutral
way could look option today,neutral
youre almost bad,negative
use app say,negative
two hour wait,negative
cant get thru anyone phone,negative
anticipate decision cancelled flightlations dfw tomorrow morning need rearrange hotel reservation etc asap,negative
saw finally come mobile app however tomorrow meeting tonight im trying make,neutral
ive calling morning change name upcoming trip able get please advise,negative
take med make severely dehydrated sigh,negative
dm email address tell ordeal tell think fair,negative
set notification aa amp u airway still nothing,negative
get travel question answered quickly online calling helping busy day,negative
upon entering plane stewardess water dont please take seat,negative
website wont let view reservation due change made outside im hold get help,negative
meant use k bonus sign mileage alaska flight american,neutral
outbound flight hour delay bc air traffic amp gate change dividend mile member get email text update,negative
record locator oaaret got email couldnt rebooked got notification flight cancelled flightled,negative
please confirm ciddfw departure beis cancelled flighted dont want make hour drive,neutral
huge thanks fixing flight appreciate customer service could get seat assigned next wife,positive
oaaret flight cancelled flightled,neutral
friend legally required chaperone school trip,negative
record loaaret got email couldnt get rescheduled another flight dont know flight cancelled flightled,negative
technical problem frustrated answerthephone re hold cant get thru use credit pay,negative
good morning please let know able get luggage tag tx,neutral
cancelled flighted flight im rerouted hr travel bump paying customer non rev custserv,negative
hold againestimated hr hold,negative
sent letter said would talk stewardess serving drunk drink help,negative
supervisor mrobinson served lot attitude cancelled flighted flight spite put back crazybitch,negative
gate c gate agent turning paying customer away favor non rev,negative
one app still show time,negative
lol sure id wake response halfthought auto tweet hope made,negative
aa second week row delayed due mechanical issue sleet outside yet stuck changing tire,negative
thanks hoping wed get back dfw,positive
need vacation ice,neutral
keep trying call change reservation keep hanging,negative
appreciate reply though,positive
although hour delay every single staff member ticket desk admiral club sweet pie,positive
runway dfw flying late flightr today thanks,neutral
bring fiancé back,negative
hahahaha crazy well here another night airport,negative
kudos ticket agent making passenger check bag big fit overhead,positive
youre sorry enough compensate either extended time cost difference alternate direct flight right,negative
stop cutting pasting apology get additional phone rep job,negative
work would much better lesson plan music class today,negative
call system fucking joke,negative
lax amp got phone wreservations every flight thatd get bos tmrw apparently unavailable 😐,neutral
anticipating weatherrelate flightd cancelled flightations afternoon departure au today,neutral
worry dont blame weather,neutral
moved u onto pm availability answer phone young child help,negative
honeymooni paid extra business sitting next bride bumped status disgusted,negative
deplaned rd fucking time fuck aa,negative
redeem travel voucher flight cant reach travel agent phone hold expires hour,negative
thanks result missing conference im attending option book earlieror notreceive refund,negative
almost hour heard nothing yet reservation team supposed,negative
cancelled flightled flight due weather others flying fine compensation resolution incompetent,negative
hour phone yesterday really still doesnt pick status u air flight,negative
need back cleveland early possible tomorrow,neutral
worst experience ever way,negative
calling tell flight rescheduled hour late flightr supposed seems like bad solution,negative
fail see telling caller bag may take hour get jfk brooklyn best,negative
thanks jacqueline clt cleaning mess awesome service,positive
weather fact cant get ahold anyone help tweet back,negative
please message assistance cant get anyone,negative
trying track back two attendee help,neutral
ive witnessed manager named denise yell different customer issue rude,negative
come one answered call email,negative
lax service rep hand number call thats helpful,negative
extend rtn flight bereavement nd could change fee dropped told noworse day life badcustomerservice,negative
ive tried ten time last night morninghow many time try meeting make tonight atx,negative
mean ktn reservation,neutral
thanks responding,positive
thanks done dont understand whose bag couldnt fit arent notified airat landing technology,negative
still talked anyone guy prepared situation good service mad,negative
ok thank cant get hold someone get new flight,positive
horriblecustomerservice rudestaff incompetentmanagers,negative
sent dm,neutral
good luck ive waiting week,negative
tisk tisk rude flight attendant yet cant hang suit didnt buy first class learn,negative
would appreciated please dont send page long form amp limited character direct email,negative
biggest joke customerservice ive ever seen ✈️ brand,negative
would awfully nice could send alert flight cancelled flighted text email love,negative
thanks took care issue ivr unclear took long get callback option would love see fixed,negative
thank much help lot,positive
understand im even put hold say try late flightr goodbye,negative
need apology need fix competent manner,negative
like call back system thought youd like know working well received three call there audio,negative
need back home tomorrow one helping please help rebook flight tomorrow,negative
filed pir agent indianapolis airport unable pull information online site dmed detail,negative
hear delta offering mile frequent flyer bag doesnt come within minute landing thought,neutral
called hung,negative
u cud answer plenty inflight stealing going right amp fa wont uncomfortable convo w pas,negative
fine would call left message told would hour call havent heard anything yet,negative
flight cancelled flightled yesterday early afternoon call wake tell,negative
miami agent rachel wong marisol pimentel pleasant world chaos big thank u,positive
put call back still nothing think might get back,negative
anyone online help flight leaf hr,neutral
cancelled flight amp flight hr longer amp layover late flight find reasonably priced alternative,negative
dont know may also working home thanks nothing,negative
called ep line hour late flightr called back sat hold hour u airway cut,negative
flight cancelled flightled need get back cleveland option,negative
way could put hotel night im sleep airport tonight,negative
many time exactly call leave number call back hasnt worked,negative
would great get help ive trying since last night get,negative
telling frustrated customer super busy please call back late flightr kthxbai hanging best practice,negative
becomes get money passenger strict dont feedback reward,negative
even bag statuswill take action company incredible irresponsible costumer,negative
still waiting news bag hr already happened company dont give passenger certain information,negative
customer service suck rep yelling caller regarding weather dfw hope go bankrupt,negative
phone disconnect stay line need checkout hotel hr amp place go cant keep calling,negative
know wifi flight much thank,neutral
apology required made home safe thanks kudos aa,positive
requested call back cancelled flighted flight dfw shouldnt take long reroute youre customer service lack,negative
review system notification website telephone system place clearly inadequate,negative
sell mce post doorclose shuffle way u sell drinkssnacks people flight selfupgraded wo paying,negative
cancelled flightled tonight,neutral
good enough info communicated point silence hour sat oh seat broken worst,negative
cant get operator hour worth call cancelled flight delayed flight automated system doesnt go beyond message,negative
cannot provide u alternative flight hour late flightr ruining trip cancelled flightled angry problem ruined,negative
stand baggage claim hour waiting bag knew never made plane,negative
love travel plane people nice amazing please follow back 😋i love company,positive
helpful flight already cancelled flightled reflight booking problem aa email cell yet notification,negative
leave jaipur tomorrow back dehli delhi one night need use ability make magic,negative
change gate dont tell fuck wrong people learn fucken job,negative
trying make online flight booking problem one way barbados nyc wont let say need barbados ccwhy,negative
would purchase choice guy cancelled flightled flight stuck dfw hour,negative
haha said wasnt fault somehow guy r joke,negative
stuck miami one worst customer experience ever sure let everyone know time waa,negative
day plain fails,negative
took hour call back disconnected twice 😢 ill never get back work,negative
far getting maybe bag come today dont know website say status unknown help,negative
flight cancelled flightled need rebooked cant online arent answering call help,negative
filled whole form receiving poor poor response direct email address reply,negative
abc pr let customer info possible might want go brush basic,negative
last trip poor customer service trip row come,negative
stiiiil waiting please respond flight leaf hr,negative
worry loved flying guy thanks,positive
worst rep jacksonville airport rude totally helpful,negative
understood integration take time excuse poor customer service,negative
least got response via twitter went yesterday,negative
called paris office morning still waiting miami apparently tag taken,negative
get assistance flight cancelled flightled today phx dfw im hating job concerned,negative
would also like say kind move adding point,positive
ok received email registration team thanks lot,positive
wasnt delay counter wouldnt take valid cac card valid id needed tsa precheck pas,negative
right give email write,negative
dfw accepting arrival departure today,neutral
true fa saying way collect money passenger door closing want mce seat,neutral
called reservation im still waiting someone call back,negative
confirmed flight im done thanks nothing,negative
necessary confident excellent inflight staff make appropriate report,positive
sorry equipment passenger allowed return plane,neutral
thank best could get rebooked agent phone amp addtl resolution dm much appreciated,positive
email phone call nothing youve screwed flight familyfriends flight cancelled flighted reservation,negative
care could someone call explain going,negative
hey automated call hang cant reschedule cancelled flighted flight via web come,negative
service rep hasnt happened yet im honestly fed sick notice flight got cancelled flighted,negative
help flight dallas cancelled flightled morning cle hold hour need booked next flight,negative
hotel tonight expect pay even money dont money supposed get call back,negative
flight dallas sfo cancelled flighted cant get anything else tomorrow wont put,negative
possible call system refuse caller twelve hour service option leave,negative
understand bit wait called pm didnt get call back pm thats cool,negative
— yall like one,neutral
pathetic answer found bag sitting lga hour call lmk delivery bag bad,negative
stranded miami automated system keep hanging two day help,negative
flight cancelled flighted word ground staff,negative
“ apologize frustration michael rebooked” got call back hour bad,negative
im trying register since dont want separated brother thehours flighttherere place left,negative
trying get thru agent since last night bc aa changed flight day infuriating need get sea,negative
called last night hr got call back get one day pas admiral club im going spending hr dfw,negative
still waiting call back stranded one talk,negative
thank youi know busy today help would appreciated,neutral
karen riedel rock star employee miracle worker really appreciated help morning,positive
trying talk customer service add lap child cant get hold anybody need help,negative
thx already iberia website seat reservation unavailable hopefully call,negative
merger cluster inefficiency misinformation going done,negative
would nice could actually talk reserv teamit hang since last night,negative
one checkpoint open jfk terminal ridiculous,negative
wow flight crew show min flight catering aa nice treat customer,negative
miss saying goodbye friend cause crappy service swear never hear end itamericanairlines,negative
umm hello,neutral
qsvgru would next flight arrive,neutral
absolutely false stmt comedy error incl catering etc getyouracttogether,negative
see report team,negative
hour still call back hung automated system americanairlines,negative
bet make screw right thing need bag job grounded today painandsuffering,negative
last thing want deal w mon ive already waited suggested wait time hope get call back asap,negative
get automated system hang finally get message call back hour,negative
say agent busy try back late flightr,negative
file loctjycqh bag airport since last nitenot scheduled get pu unt aft u shld b ashamed im disgusted wu,negative
remained hold hr resolve flight schedule amp system hung unhappycustomer,negative
two day trying reach americanairlines customer service change flight,negative
death dear friend heart broken americanairlines heated,negative
spent hour trying check use military id luggage messed boarding pas amp forced line,negative
customer service via phone person stone wall giant middle finger painted,negative
day callbag anyone pick call held ph til holding insanehelp,negative
way ruin vacation brother called night multiple place line get dead air call back,negative
trying change flight hang ppl bc call volume high thats joke right,negative
thanks reflight booking problem flight leaving luggage nyc unbelievable,negative
love american airline,positive
reservation phone system actually work know number unreachable callback dead air,negative
told flight amp cancelled flightled dont seem datetime change ive waiting call,negative
v nice give breakfast voucher airport almost got whole drink,positive
husband amp complain flight get voucher get nothing flew biz email,negative
date revieving money sent letter post several email reply frustrated,negative
youre running hour behind replying anyone via twitter beyond unacceptable im running time,negative
hi phone number ring uk regarding claim late flight flight departure claim amount agreed,neutral
sure made stand line outside plane isnt ready board could sitting inside,negative
even get one knew anything bag ridiculous still dont bag saturday,negative
thank mr parker screwing chairman preferred fly aa firstclass option treated like crap staff,negative
think good c get everyone gate flight wait bc plane ready,negative
check dm please,neutral
got callback took care thanks,neutral
poor experience day ord chkin emp w cust waiting asked speak wsupervisor told min mtg,negative
trying reach american airline since last evening cancelled flight flight worst customer service ever,negative
cruel amp unusual cancelled flight flight wo notice amp make someone stay hold min amp listen ad loop,negative
please help youve rebooked incorrectly flight cancelled flightled please fix flt tuesday,negative
day since contacted customer relation surf fail baggagedrama,negative
eventually call got sure changed thank lot though,positive
ive night someone please help need flt fixed please,negative
tried day disconnected due heavy call volume,negative
flight la delayed,neutral
thanks good back safely see soon,positive
hey whats happening aa zurich jfk appears squawked landed london heathrow,negative
got call saying flight cancelled flightled checked online isnt cancelled flightled near bad weather job interview,negative
hello cannot register tomorrow flight paris la vega feature currently unavailable appears,neutral
start sell water,neutral
worstcustservice contingency plan extra worker bad weather hour hold ridiculous,negative
want know regarding connecting flight since st cancelled flightled could assistance,negative
hi guy tell emergency aa diverting heathrow zurichnew york thanks john,neutral
please stop changing flight spring break th time,negative
school trip including sleep airport different standby flightsthis good,negative
customer service inferior nationalized third world nation airline get together,negative
cancelled flight flight jfk delay u hour youve lost bag worst airline ever,negative
flight aal declared state emergency squawking,negative
want thank guy hour delay flight aa jfk due staff shortage weather✈️,negative
delayed hour chicago still managed lose bag really happy,negative
rubbish social medium air two hour late flight thats better cancelled flightled,negative
yes manage lose two bag horrendous airline,negative
thanks guy got im heading milan wednesday big week aa family,positive
fligth somthing talk,negative
interested possibly changing flight another dayneed see fee number busy,negative
understand busy still gotten answer need get home guy helped,negative
yet called baggage status time yesterday,negative
thanks charge anything end good,positive
wonderful fc fa flight pre dawn nice start day,positive
hold two hour waiting hour earlier cant get info reservation ok,negative
except wait time phone system hang continuing hold wont help,negative
lga already time pulled flight qqbmug feel free look many flight weve reticketed,negative
except call youll get message trust ive tried,negative
westjet rep wont anything lost luggage never even checked westjet lost,negative
waited airport two day get home weather relate flightd dealt horrible customer service finally switched,negative
ignoring purpose sad enough automated system hang 😭,negative
need talk get full refund trip call center offer assistance,negative
wont find luggage without blaming everyone else,negative
aa usair elite member one big disappointment way treated epicfailure,negative
rebooked due weather need change reservation fly th instead rd,neutral
love cant get agent phone automated system hang,negative
called abt flight cancelled flightlation flight cancelled flightled sunday two call okay,negative
respond dm,neutral
thank worst experience ever airline hope embarrassed airline pathetic,negative
airport figure someone tell flight san juan san diego,neutral
could let know im staying tonight youve booked anything would great go,neutral
week ago today arrived miami still dont bag absolute disgrace,negative
terminal lhr aaba doesnt say boarding pas,neutral
going homeless place stay tonight respond go back sleep,negative
clue place stay,negative
really dm verify youve booked hotel extra night kinda unsettling get call,negative
extra night stay san juan check,negative
hey got call saying flight rescheduled cant get anyone see youre providing hotel,negative
dont wait bag go walmart get need tomorrow morning,negative
less night party hotel sleep rebook way back phl,neutral
hi koalaxphlord booked way savr awrd called chnge koalaxphxord would pay fee,neutral
calling different office already still sign baggage first time american air,negative
apologise frustration amp disappointment terrible service blameshiftoverload,negative
got worked postpone trip pay extra though easy poor graduate student,negative
best talk agent reschedule cancelled flighted flight one answer aa know busy need helpthanks,negative
dont want waste time airline youve already robbed hour day definitely,negative
might urgent really,negative
ive france two day without changing clothes nothing keep warm please locate bag send,negative
flight jfklas first catering late flight push back crew hr delay,negative
flight cancelled flighted nd time cant reach agent reschedule call,negative
two coat bag france coat walking around shirt one clean pair,negative
bag still miami cannot located loose bag like tag everything,negative
visiting sju returning paris checked bag gate sju arrived paris nothing,negative
speaking language paid u line left min hold without answer latinamerican solved min,negative
yep one camera memory card,positive
terrible flight cancelled flighted ive hold past hour never,negative
certainly hope la pbi th new plane seat feb th flight reverse god awful,negative
h student ithaca ny stuck miami flts xld u wont rebook get kid home use carrier alliance rulesshouldbend,negative
hand worst airline travel really really fucking bad,negative
use aa credit platinum select world mastercard alaska flight american,neutral
aa return jfk thanks,neutral
phone line open hold hour checkin agent cannot help airport please help,negative
sense charge bag service service isnt great losing luggage missing item b,negative
isnt sheer incompetence reigning dfw today plane gd runway doubt,negative
yes make home mean happy ive always chosen aa st choice flying im rethinking,negative
still waiting dm response sloooowresponses,negative
stop paris embarrassment,negative
stuck two day airport something pretty normal positive find plane europe,negative
highly disappointed baggage service merge guy lost st bag missing item,negative
landed hour late flight need wait twenty minute gate patience none incompetence,negative
finally called back hasnt spoken like worst prank call ever,negative
wait time hour talk exec plt agent going,negative
one time upgrade first class luggage open missing valuable item cant replaced upset,negative
please rebook seattle columbus tue locator karaax name mitchell neuer,neutral
still reply email sent th february even sent email asking acknowledgment thats recieved nothing,negative
flight cancelled flighted im trying get chicago gonna flyingflighttravel,negative
working time tonight got delayed day sju could worse,negative
doesnt allow hold thats problem,negative
worst airline world yousuck horrible oscar,negative
reebooked tomorrow aa lvdfw arriving pm still open flight,neutral
add insult injury guy misplaced bag cant believe pay money treated poorly,negative
connecting flight dfw cancelled flightled need get ind tomorrow way get sorted holding h,negative
would like reimbursed shuttle denver diversion hour sitting plane mech problem,negative
please reply mess rebook twice,negative
ive hold hr call bk either family trying get hdn dfw flight direct need new info plz,negative
check status exp membership card need physical card access international lounge soon,neutral
flight tomorrow cancelled flighted guy keep letting,negative
thanks champagne aa ordnrt celebrate tokyomarathon finish,positive
im beyond confused would offer earlier flight cancelled flightled asked tues please fix,negative
im mex need fly new york city tomorrow new flight tuesday unacceptable please help,negative
mom’s flight tomorrow cancelled flighted w notice phone system said callback hour it’s need go bed,negative
im trying reach advantage department add number recent flight,negative
going keep tweet coming till aa somethingwhich know nothinghoping go waynot likely,negative
make sure u insure luggage asshole aa take fricken responsibilityamp dont believe lie,negative
everyone weeksampthose dickhead aa hadnt contacted methey lost checked bag amp carryon havent offer pay,negative
arent calling going thru doesnt wait anything automated stuff messed,negative
made seattle,neutral
flying u air change cancelled flightations leading today big finale unacceptable,negative
thanks apology bit late flight cancelled flighting flight hr advance due weather ridiculous,negative
cancelled flightled flight tomorrow without telling want rebookplease help book new flight call,negative
word failure mean act instance failing proving unsuccessful lack success nonperformance something due,negative
offer automated call back option agent available call amp sit hold onholdfordays,negative
phone number supervisor speak regarding travel today,negative
hanging customer chance callback failure customer service est one answer,negative
think im priority member wonder treat plebe know reward card im cancelled flightling immediately,negative
past hour call volume high one take call cancelled flight itinerary youredoingitwrong,negative
worst airline cancelled flight flight dont let know wait hold min told enter callback middle night,negative
guy give helping people phone tree hang flight tomorrow connection pending,negative
called back put hold midnight literally want know im getting home im getting help,negative
flight delayed hour one americanairlines counter tell husband flight help,negative
happens many time upsetting see poorly airline treat customer,negative
seriously arent rep available take phone call even platinum,negative
overall lack attention foresight managing flight,negative
stuck plane landing crew unable figure,negative
also hold minute customer service find new flight scheduled bc site suck,negative
yes without bag first class ticket tahiti would nice saying,negative
err hour wait time exec plat line,negative
please connect two reservation together also add child lap kevolt sozldj march thanks,neutral
even say anything hour hold one ever sucked much,negative
flight cll wont let check please help importantflight,negative
agent sent family diff plane dfw late flight due delay cancelled flighted plane started fail,negative
finally got call aa automated voice hung called back amp say itll hour,negative
ive hold another hour still nothing cancelled flighted flight supposed six hour stranded,negative
wasnt offered flight phl tuesday ask booked houston instead austin,negative
id think though literally identical itinerary sample itinerary would work maybe need update,neutral
running battery chargersclothescoatcontact lens need mtg tom need help pathetic service,negative
flight mem dca delayed hour holding breath keep trapped hour deice scareair,negative
stuck airplane way phl houston passenger frustrated make want avoid airline,negative
bag turned thanks useless callcentre useless website,negative
flight phl austin cancelled flighted headed houston delayed pay rent car drive hr austin,negative
understand weather issue dont understand notified cancelled flightlation realize late flight,negative
wont u deliver luggage almost two day holding phone hr help,negative
whoooo hooooo crossed current pace reach year,positive
would like talk someone please follow,neutral
lost luggage hour holding hr phone wtf treat loyal passengersstranded,negative
lmao funny,neutral
waiting three hour talk someone rebook flight due weather call back service actually work,negative
service received u rude well expectation airline whats frustrating,negative
flight tomorrow reservation coming help,neutral
please dm way get touch someone help im platinum aa considering quitting aa bc,negative
thanks following think fair refund ticket price two one way rental car buy,positive
friend shouldnt scheduled close together lax reimbursed costing hr amp,negative
understood thanks anyway,positive
going since cant take option gave type refund,negative
today yyz bit bag issue cleared beautifully thank check,positive
sounding like got bitchslapped,negative
tomorrow flight cancelled flightlations dfw aa flight posted lax,negative
gate agent jan l phoenix least able get younger daughter seated near wife thank,positive
ive hold international award reservation almost hour keep calling going,negative
someone actually either call back help figure im getting home,negative
youre early frontrunner best airline oscar,positive
get home,negative
left something flight ord sfo earlier today believe plane back ord please help,neutral
hanging customer high volume customer service tried resolve via dmstill waitingso bad aafail,negative
told would emailed havent received anything yet followup,negative
good im catching p flight tonight thanks response,positive
thats interestingagent told sadly another booked passenger didnt make gate push back made,negative
flight cancelled flightled website refers hang autorebooked really horrible company,negative
booked aa departing jfk booked via ba want change ff aa via twitter,neutral
sitting bird aa hr dfw tarmac water would nice wheres manner,negative
need know flight cancelled flightled cant speak anyone help,negative
calling hour reschedule flight dfw due weather wont even let stay hold,negative
thanks best staying night dallas new trial detroit via atlanta tomorrow assuming cancelled flightlations,negative
customer service disgrace,negative
joanna wonderful job thank,positive
got gate time watch plane push back minute needed glad we’ve relative nearby,negative
first flight cancelled flightled hold hour need information getting none help,negative
get new crystal ball cancelled flight flight weather hit rebook flight looking like night hotel,negative
yes show cancelled flightled amp asks contact number,negative
thanks really open pm every day way check open going way thanks,positive
toby hate lol,negative
thanx replying dm sent,positive
put fact gate supervisor tried come communicate u,negative
anymore,negative
need change flight c telling cant take call cant change online please help flight week,negative
hour still bag could flown costa rica back gift family bag,neutral
call aa cant even get holdcan help,negative
lieslieslies worst travel experience life day clothes vaca lostluggage unprofessional pit mia,negative
tell piece shit get fucked ill fly exclusively life,negative
continued contacting phone rep hour still unable get thats absurd livid,negative
probably money said hell lol,neutral
dfw gate bmi agent seriously beyond incompetent never flying aa avoided fail pathetic,negative
im going speak customer service airport tomorrow morning see option need flight tomorrow,neutral
get status update flight going make home tonight,neutral
🙏 hotel thank,positive
almost million mile w u loyal u r u going reciprocate joke,negative
thank holding apologize delay answering call speak representative please continue hold,negative
weather involved,negative
hold hour diff agent w different information frustrating kept getting txfd,negative
im still hold youre wondering hour minute counting servicefail onholdforever suboptimal,negative
never seen incompetency gate agent year business travel dfw b gate agent need training new job,negative
say change cant made online,negative
whats status flight tuesday dallas,neutral
hey cancelled flightled flight cant get someone phone rebook hour wait minimum get service,negative
ft tusdfw wcx lga tomorrow cancelled flighted hr far waiting call back need get nyc,negative
meal also u company care customer truly disgraceful,negative
far best example worst company,negative
cost day vacation hotel stay day dog boarding day airport parking,negative
got bag morning thanks,positive
joanna wonderful new flight booked friendly helpful agent stressful day thank,positive
way spoken dfw mia employee truly disgusting save pain fly anyone else,negative
im home amp hr late flight thanks service centre plan involved flight leg across na full day,negative
thx losing bag hard care bag w priority itwhy u cont care eps,negative
ok worry thanks straight story appreciated,positive
thank response book ive tried aa number u airway number time doesnt pick,neutral
destination waiting hour missing second flight luggage made flight though,negative
flight dallas tuesday going cancelled flightled correct,neutral
luggage forgotmiahe oscar😄💝💝💝,negative
cost day vacation got rude woman tell go another country figure get,negative
really help getting ton bad publicity right willneverflywithyou,negative
flight number,neutral
look like mistake,neutral
lost luggage flight yesterday morning miami newyork lga response luggage hr ltr,negative
wow thats helpful,positive
gate get plane,neutral
take care please thanks,neutral
“ beautiful photos” thx would marketing dept interested buying,positive
worry youre swamped know dmd back thank u,neutral
made worry guy good tonight even put flight firstclass,positive
answering fast mean hanging every call,negative
least automated message give info merger w another airline know avoid,negative
done hope offer something,neutral
hr wait became hr one yall claimed sent email yeah never happened flydelta,negative
hr wait phone worst customer service b trying know suitcase way 😤angry,negative
dont take care flight screw ups,negative
wht n 👎 experience waa reservation service tried patient rep disconnect aa u record conv,negative
info cancelled flightled flight tomorrow morning dfw cant get call speak anyone,negative
tick,negative
fly news,neutral
“ thanks info super large passenger extra seat mr big needed one sitting already customerservice,negative
today yr longer preferred airline,negative
thanks two hour go inflight hotel hang dfw travel delay aa team,negative
appreciate system busy call automated system hang helpful,negative
next time flight cancelled flightled id appreciate indication email text carrier pigeon app didnt even warn check,negative
nope rebooked,negative
online flight notification,neutral
platinum flying usair stranded clt answering phone rebook please help,negative
aa são paulo taking today colleague wont tell u thing,negative
flight tomorrow status please thanks,neutral
cant change flight enough operator handle call unacceptable americanairlines,negative
lot plate flight dealing cancelled flightlations weather tonite important know respond,positive
flight delayed flight sold seat flight strand phx three hour thanks memory 😡😤😖😲😩,negative
paid extra seat amp monitor didnt work aa refund seat conf mdbeei mcmullen,negative
nice would helpful flight attendant instead rude nasty one employ whyareyouyelling,negative
yes however seat assign u day never together want sit husband impossible,negative
luck,neutral
group cancelled flight close thousand flight monday,neutral
almost day still frozen thanks doll 😘😑,negative
line people rebook mia virtual hold rebook line hang call back,negative
found flight tomorrow cancelled flightled amp got queue callback hour ago…still nothing get rebooked,negative
looking status flight schedule tomorrow morning thank,neutral
thanks canned response make look like care customer im sure twitter user fall,negative
yes able get push notification via app i’m logged trip emailtext 😥,negative
ratchet airway,negative
check reservation joe watson kelsey jennings hold hour waiting call back eta,negative
new worse taking americanairlines nocustomerservice fail,negative
flight tomorrow slc dfw aa cancelled flighted help get,negative
odds bag picked someone another country say hasnt located yet,negative
better right thing take care el youre losing business,negative
waiting call back two hour jan die tomorrow cancelled flightled option,negative
already landed still care thanks help though k ow caused failure,neutral
one staff desk queuing hr,negative
anything,neutral
even worse time responded tweet took two flight five hour quickest response,negative
top online record unavailable well couldnt get anyone phone,negative
exboyfriend pick call cancelled flightedflight nocustomerservice americanairlines fail,negative
hey aa suggestion note seat map seat electronics box blocking legroom aa,negative
still selling ticket havent rebooked people arrive destination time,negative
didnt really need anything saw mention often negative keep good work gratitude 🇺🇸✈️,positive
americanview sweet home chicago,positive
ltaljx dca oma morning staff helped fix problem helpful goodthingscome thanks,positive
oh shiz im minute wait first hour barrier unbelievable,negative
wow still screw n stuff,negative
checked app said flight moved back day explanation answer number,negative
employee racist,negative
pathetic customer service bag tag barcodes computer response yet located,negative
hope take hour get home take flight cancelled flightled couldnt staff plane,negative
yet im next terminal customer service area,negative
get betterother passenger rebooked direct airline whereisthelove whybeaaff,negative
need speak real person flight cancelled flightled explanation ive hold hour,negative
let seriously unhappycustomer,negative
ever think prepared bringing people anyone business sense aa,negative
wait hour talk someone changed flight,negative
due gate agent missed connecting flight mexico citynot happy customer aa let correct,negative
doesnt twitter,neutral
point u need tell passenger going jfk waiting get flight mess,negative
rude agent wouldnt listen anything would say clearly fit sizer,negative
seriously want wait hour flight prepare family funeral,negative
gate agent dfw gate b pathetic tonight terrible communication story changing apathetic,negative
worried bag went san dca hour reunion organized breeze,negative
yea worry im going home denver fault weather suck bad,neutral
ive tryin use voucher book flight last day line busy plse help methe flight may go,negative
yes thanks checking cramped got amp made safely flying back tomorrow pm,positive
worst airline ever travel worst theyre equivalent dirt,negative
great flight experience sfojfk dare say consistent high quality legacy airline keep guy,positive
pretty bad dfw update two flight behind door open breeze america airline worker,negative
great thank,positive
yes auto rebook confirmed outbound departs return flight fire software programmer,negative
im getting call call seem drop instantly alternate avenue resched support,negative
supposed arrive destination tonight american rebooks wednesday staying,negative
food hour flight columbus phoenix starving pissed cant eat go go,negative
jal cathay pacific cant online,negative
status flight tomorrow,neutral
missed one gate marshall u rent car amp drive hr thanks,negative
pilot told u would release bag well offer hotel voucher neither happened,negative
understanding able many flight chose one,negative
hey im disappointed time traveling ive worst experience time flight delayed,negative
minute,negative
trouble getting rebooked,negative
understand im feeling cranky called aa bag tracker number heard bag located 😩,negative
aa jfk la,negative
im willing hold agent arent helpful keep hanging americanairsucks hiremorepoeple,negative
trying speak agent whole day cancelled flightled flight,negative
need go frm tpa mci tmrw amp connection thru dfw cancelled flightled u connect thru diff city hold hr,negative
hint get stay connected rearrange weather relate flightd cancelled flight hour wnothing,negative
gate agent minute let u plane wtw ground crew hope youre ready cover delay,negative
cant even get someone phone great story medium,negative
“ jason youll end missing connection please see dfw agent assistance” nope hasnt taken yet still,negative
finally made chicago hour late flight get food voucher waitabout perhr never good bye,negative
instead putting burden customer right thing get gate agent,negative
guy dfw stuck gate half hour pull slide,negative
plz ky sitting plane hour want leave,negative
weve today courtesy allow passenger oxgen tank sit bad business,negative
youve cancelled flightled flight first priority ticket bumped youre losing customer people furious,negative
finally got someone phone worry,negative
say going help u give number call isnt recording w hour wait time,negative
ok pilot looking agent jumped flt dfw crazy,negative
youre youre trying book past need arrive youre still selling seat day im trying travel,negative
wont get bag u said would go cincinnati even though cant exactly,negative
really ashamed entire business class cabin empty almost first class,negative
could get u flight minute funeral start stranded dallas wo luggage day,negative
cancelled flightled flight tomorrow informing today booked one day customer service,negative
thanks note flight cancelled flightled aircraftrunways working dfw todaytomorrow,negative
knew going leave hour waiting hurry,negative
tried headed funeral cincinnati people didnt even tell u could get standby,negative
dont even give option hold say line busy plz try late flightr,negative
writing detailed letter experience today never experienced awful c ever,negative
delay nothing personnel combative point saying whats hury plane leaving,negative
delta rerouted bag onto aa miacur see made onto flight,negative
would nice agent least courteous since delay aa fault,negative
logo look like glass,neutral
private msg provide detailsu really need customer svc training staff,negative
let flt know im coming gate crew yet arrive let u flt dfw,negative
guy really improve service experience site personnel one worst experience,negative
killing hour get human help,negative
ticket agent servicing least people line waiting hour half phone hang people,negative
yeah rebooked tomorrow morning extremely disappointed miss wedding,negative
americanview new paint scheme look great usairways,positive
thanks call cancelled flightled flight flight booking problem tues good weather caused leave early,negative
plane jfkgtsfo sitting hour waiting push crew acceptable,negative
waiting pick coming hour,negative
hey flight dfw stuck gate gate agent plane full people missing connection,negative
weve driving across dfw min thats half fucking way texarkana shouldhavedriven,negative
tell flight xna dfw cancelled flightled tomorrow morning already,negative
thank update,positive
pathetic service,negative
dallasfort worth flight number,neutral
oh get better apparently making u wait gate psych need deice coming gate,negative
could get gate crew help u flt would great,neutral
situation jfk evening going get better worse cancelled flight flight like yesterday h delayed,negative
ya u werent sitting plane,negative
know cant control weather control treat customersshafted,negative
tried talk someone almost hr cancelled flightled flight wont pick phone pathetic amp sad,negative
yes he next flight,neutral
several hr late flight character wont cheer though,negative
wife flight cancelled flightled told call one answer book flight help u please,negative
way happy find acceptable could speak human maybe would happen,negative
hi flight dfw cancelled flightled tonight called left number call back hr please help,negative
hi name email aadvantage website wont let reset password troubleshoot together thanks,neutral
still looking speak,neutral
aa landed pm miami waiting gate someone team help u,negative
bag baggage claim c c flt see plane take min,negative
one call centre know busy right really need speak agent computer,negative
guy fail need use voucher ticket cant online yourphonesystemsucks,negative
shoutout ground crew working cold thanks yall amp social medium team customer service,positive
fortunately flight waiting area impressed w handled stressful situation,positive
weve hold hr cancelled flighted flt phldfw need assistance,negative
thanks marie reflight booking problem friend im cali bound thanks sweet angel blessed,positive
flight buffalo well flight cancelled flightled,negative
cancelled flightled flight buffalo weather lied u said airline cancelled flightled,negative
know could use flight canada time figured late flight check bag,neutral
dropping ball catering plane switch gate attendant hour late flight really nice,negative
adolfo garcia,neutral
friend need help flt shes twiiter dm info,neutral
flight vcp jfk delayed cancelled flighted,negative
hat admiral lounge attendant yyz terminal gave banana toddler none avail elsewhere,positive
well drop luggage hour flight ridiculous,negative
thanks bummer poor planning part assume card passbook wont work either,neutral
timely bag missed flight people need undies next morning,negative
tried wont book u another airline wish flown stuck fl til wed,positive
true americanview national mall,neutral
seriously hate since cant accommodate due inclemental weather disruption lol funny,negative
gotta worse w time departure rushed back terminal c flight havent strtd boarding,negative
know getting pummeled tonight one lucky one,neutral
gold status,neutral
car gng dfw pulled hr ago icy road onhold aa since hr cant reach arpt aa wat,negative
told pm bag would house pm well theyre continue lied,negative
wont answer reservation line nice service may stuck,negative
agent voice activated system thats working right email cancelled flightlation lot problem,negative
flt tomorrow moved need moved tuesday road wont better flight thanks,negative
im tmrw cun dfw final destn ord seeing freezing rain dfw morning change connection,neutral
valid circle pacific itinerary booked either always make u dest invalid last leg,negative
trying add tsa pre check number reservation online dont see option nosecuritylines,negative
poorest trained employee desk havent even started discus lostluggage yet,negative
none sample itinerary actually booked every last leg back u say invalid,negative
im booked tuesday night degree alabama right im good stay warm safe,positive
plot thickens plane ground crew get u gate apparently weather large number,negative
happened didnt get notification departure cancelled flightation tomorrow take hr talk someone,negative
set schedule try keep aaalwayslate flight,neutral
surprise ba doesnt registered system getting hopeful let step okay,negative
unfortunately true robot apologizes hang get help,negative
thanks reply functioning plane four hour ago way staff friendly tho,positive
thank sending detail theyre pretty handy dandy info lookforwardtoflywithaa,positive
aa ignored,negative
fyi twice ive tried well call someone free thing time called picked hung,negative
thats number called wouldnt let speak agent issue weather today,negative
usually raving service lax nbr helper cant figure hang coat serve drink f,negative
know reservation team hr callback time,negative
kid aged need fly aa internally within usa thanks confirming,neutral
absolute terrible service schedule minute layover let someone plane door closed,negative
didnt miss flight american airline gave ticket well passenger ticket away fault,negative
please help aa monday cancelled flightled advise reflight booking problem refund child need make plan,neutral
dm sent answer please,neutral
really want get home tonight preferably please stop delaying plane 😢😕😦 americanairlines,negative
profiting billion throwing crap people put american hurting brand,negative
ive never witnessed covert tactic airline,negative
cancelled flightled wife flight call service wont even let u going hour,negative
shouldnt happen put u gear jeopardy step take protect customer item,negative
american airline,neutral
issue based weather thing control issue based negligence,negative
worst air experience ever first plane yet,negative
dmed,neutral
first class passenger request sand coach,neutral
good luck dfw evening aa,positive
cancelled flightled flight twelve hour maybe well heard aa rep point,negative
hold hoursgot agent immediately txfd change cncdld flighttold would min min late flightr waiting,negative
awesome customer service rdu snuck wife warm cookie thx,positive
flight attendant aa spectacularfed entire cabin food coach keep serving vile food,negative
wish team member would pick phone point let alone courteous helpful 😳,negative
seriously pls pls bring people help u still flight ord frm dfw want,negative
followed dmd please respond concern really disappointed customer service,negative
add get go work tomorrow dont like wait late flightr c suck,negative
thought guy done messing make worse airline ruin hope dream,negative
flight nan departs enroute,neutral
approaching three hour sitting plane ground dfw americanairlines flight oscar performance,negative
useless baggage service called tell u would bag maybe midnight,negative
checking flight website easy asking bear shit toilet justsaying,neutral
make small improvement retains program win keep crappy food change advantage lose,negative
aa cancelled flightled flight without courtesy notifying u alternative poor,negative
loaded luggage plane hour delayed flight,negative
spent flight could gone mileage program suck,negative
plz bring agent dfw aa cstmr srvc ctr gate agent ppl,negative
food served aa vile grossthe entire cabin eat meal survey flight crew another gross,negative
bag arent even loaded plane flight,negative
never got update worst communication u flight delay mechanical word poorservice,negative
look like best hope guess u air dont think ill get mile alaska suck,negative
navy sister flight cancld cant get agent theyve called back put hold amp discnctany help,negative
wife amp infant daughter aa abidfw en route delayed y’all hold aa rdu connect,negative
educate bohol c wall volunteer staff help kid buy plane ticketi cant help,neutral
anxious see care customer you’ve inconvenienced cancelled flightledflight,negative
also problem calling u airline send automatic call email rebook courtesy,negative
cant handle customer need cancelled flightled flight number lead quick goodbye sad,negative
upset cannot select seat tuesday flight online phone terrible customer service please help,negative
need get albuquerque nm usa cebu philippine im providing educational help kid help,neutral
already amp automated voice told u wait hour yet call back,negative
changed aadvantage travel plan amp called get help sea ur busy amp hang give,negative
yes tomorrow work though 😒 im really mad situation,negative
whenever cheat go horribly wrong promise wont stray anymore im talking,negative
understaffing look like labor slowdown weather incompetence disregard customer,negative
need help reservation purchased operated cant get,negative
flight dfw lit tomorrow cancelled flightled next pls advise help,negative
taking call need change flight,negative
flight reserved tomorrow cancelled flightled cancelled flight reservation get full refund,negative
thanks fa shawn spectacular service flt lhrdfw fa susan warm engaging onboard welcome,positive
cant choose seat online booked smh,negative
wasnt really delay told engine needed troubleshot make person paranoid,negative
overweight flight sold ticket seat know let call,negative
howabout,neutral
jfk flight boston delayed min waiting catering boarding flight lax waiting hour wtf,negative
yes say reservation cannot retrieved time also never got email aa saying flight cancelled flightled,negative
help cancelled flightled flight id like book another flightive hold minute counting,negative
ended flight la fourth time standby thanks,positive
waiting hold hour,negative
thanks carry guy insisted checked gate missing wont till late flight tomorrow morning,negative
thats ok thanks letting know appreciate response,positive
spoke soon min late flightr still waiting bag load sympathy would appreciated least,negative
sean look aa schedule sometimes give clue newairplanes used gr,neutral
thanks show 👍,positive
well done taken fun air travel,negative
worry even though talking seat assignment,positive
look like jfk great pic oneworld jet lined opposite side air berlin lan aa,neutral
trying call day get hung every time guy horrible,negative
see james dedicated inbound phone line telephone eat billion profit,negative
hear last call boarding flight jfk hour ago good luck wflights,neutral
sitting plane hr gate due computer sys issue point cancelled flight flight ridiculous,negative
valid response multinational corp whose profit measured billion stop understaffing,negative
yo could catering truck mine eye unmoving,neutral
international airline experienced record profit last quarter cant staff call center,negative
great seat aircraft,positive
rudeness poor customer service job requirement waiting hr still havent even seen one plane😡,negative
picture taken time right totallyconfused,neutral
aa flight attendant freak leaf aircraft passenger react h delay cattle treatment surreal,negative
miami rio participate representing yourstoryhere,neutral
worker checked ice plane using cell phone flashlight really come,negative
flying madrid jfk dfword huge,neutral
wine served usairways flight watered somehow right bottle,negative
who pick best picture dont want board airline know,neutral
passenger two reservation number,negative
profit maximization top priority nothing else even register dinosaur,negative
departure sure catering strike jfk,neutral
would file number work need character email derekaustinca easier,neutral
yeah well tweet platitude youll think twitter bot care,negative
flight supposed depart still boarded,negative
worst customer service airline ive ever encountered flat awful,negative
dont tweet canned impersonal response though impatient customer youve got,negative
done thank much,positive
nice aa employee making skillful excuse late flightness due catering snafu,negative
taxi across dfw airport min state min past departing gate need deiced wow uncool amp untrue,negative
hr amp cncld flight late flightr ive landed phl min amp counting tarmac waiting gate pls better,negative
delivered mom delayed bag wrong place hr hold yesterday gt hr today still bag aa,negative
yeah try harder catering truck sight leave wo food wont eat anyway,negative
awful customer service,negative
everythings good brothaaaaaa,positive
pulling away gate get departure time leaving u tarmac claiming power issue magically repaired,negative
pm wheel exact im sending dm,neutral
translation dont reinvest mammoth profit customer service experience cause dont care,negative
omg answer phone hold hour cancelled flighted flight suck,negative
quit nonsense amp lie colossal infringement longer get away,negative
look like get going finally,negative
couldnt care less thats customer service run bot,negative
pls tell get person phone asap,negative
cancelled flighted flight tomorrow morning number nothing please want go home,negative
wont allow call husband ticket look like seat taken cant even call,neutral
yes get home tomorrow please,negative
unfriendly unhelpful agent unannounced gate change delayed flight found word mouth,negative
flight still sitting dfw waiting baggage loaded,negative
tried several time select seat one ever available wouldve cost extra per seat,negative
need miracle please help flight get fingerscrossed pleasegod missmykids,negative
aex still going,neutral
want stay overnight airport since morning,negative
finally take thanks customer service g rep c ctl idea caused system failure,negative
trying rebook flight cancelled flightlation nightmare hung help rebook,negative
tried getting help agent phone twitter fb one american airline help,negative
close,negative
coming next catching home dca let get another great leg tonight,positive
appreciate apology sincerely thank thats really ever wanted begin,positive
aa good job overselling flight delayed minute deplane overflow passenger bag,negative
i’ve line waiting minute,negative
know nothing customer service ill make sure everyone know,negative
understand flight cancelled flightation able get change flight hr acceptable,negative
pay hotel car ride miss class pay k miss work tell talk someone,negative
kept hanging made miss second flight,negative
yeah thats helping bag shipped correct city first time probably would helped,negative
time one helpful im missing work nd school nd manager rem mia told didnt want talk u,negative
flight cancelled flightled mess ensued please thank awesome marcos concierge key gru sorting,negative
havent rebooked called left number callback havent heard anything flight tomorrow,negative
enough push crew jfk delay counting,negative
cannot believe long flight phi taking know u airway would really like get home,negative
hopefully guy willing cover lovely car rental living chargesi love two extra day,negative
yesterday cancelled flighted flight aa customer support awful,negative
big surprise flight delayed hopefully hour like flight thanks sleepless night,negative
really even worthy response beginning social medium alert world aa useles,negative
hi aa friend sis flight aa dfwgtgtmke cancelled flighted due weather way help option,negative
something crew current leg request gate team next leg,negative
there option even getting call back,negative
tomorrow flight cancelled flighted understand three hour wait call back minute hold cool,negative
flight cancelled flighted tomorrow mean im stranded airport night wow,negative
hard catering ready go,negative
iphone app sort notification option,negative
unbelievable unacceptable flight jfk everyone gate upset u day,negative
made flight still update email landed info ever sent second flight losing biz,negative
flight dfw still passenger sitting plane waiting luggage loaded still waiting,negative
still flight ive allll day boarding waiting catering,negative
husband year old son stuck overnight dc thanks crew member arguing boarding flight,negative
guy work never fly guy,negative
versus customer service win convenience trip cali lt,positive
agent refuse help busy amp need call advantage one willing help apparently exec plat mean zero,negative
fight got cancelled flighted u help rebook flight call center busy answer call even put hold yuck,negative
contacting refund dm provide phone number,neutral
ah could get weve tried hr call,negative
ridiculous really terrible customer service lack urgency im convinced,negative
course wasnt intention issue lie lack response contact directly sat hold min,negative
waiting airport since wait tomorrow cannot get sort help,negative
pathetic gate agent lie face fault,negative
trying check flight line working amp agent busy take call,negative
yep moved showed flying standby,neutral
understand weather would nice hear apology phone moved flight inconvenient day,negative
baggage lost flight cancelled flightled get accommodation even another airline least one free hotel,negative
im dallas chance catching boston need run gate,neutral
aa need hail mary get dallas joplin jln next hour willing fly airport drive,negative
ive hold half hour thanks cancelled flighting flight notifying,negative
rude gate agent aa ordlga seems temper made check bag fit inside sizer,negative
hi ho hi ho work go weeklycommuteonaa,neutral
put sour taste customer’s vacation joke watching “we care thanks choosing us” video,negative
expecting flight dfw cancelled flightled tomorrow afternoon,neutral
help u stuck hour need go home flight saveus,negative
let get line call back hour ill hope ticket left flight want still late flightr,negative
flight aa lax la close early gate agent give u hassle patheticcx,negative
honestly shock process service compare airline experience really sure say,negative
go aa plane ready going find crew run time like last night shortstaffed,negative
flight dfw still passenger sitting plane waiting luggage loaded,negative
email adress send ceo mr doug parker letter hopefully read,neutral
customer service line say experiencing high call volume spontaneously hangup person,negative
well hour still one picked try paying overtime bring people,negative
whats best way check delay cancelled flightlations flight dfw tuesday,neutral
big ups newark airport staff ampamp ddean also treated lovely town ❤❤,positive
pleaseeee find suitcase want deoderant clean shirt work tomorrow,negative
go,neutral
hey think left wallet back please,neutral
ok thanks great night aa team,positive
please give travel agent support phone number cant find website thanks,neutral
idea whats flight aa,negative
maint delay left u stuck den flight plane hr stop flying broke french plane,negative
suck teco teco reclameaqui tripadvisor,negative
cant get u cincy luggage still go tonight stranded u dallas day wo clothes yousuck,negative
hang agent ground useless dont seat first class ticket booked week ago,negative
ive literally holding hour told hr sabotaging chance getting home,negative
still guy worst,negative
hour airport,negative
dont understand zero flt info email wait time ph line much advan mem,negative
ok late flight matter flight cancelled flighted morning ive yyz since,negative
plane break unloads passenger told enter come back flight cancelled flightled missed wedding badbusiness,negative
upset hometown airline stuck den flt cancelled flightled others got new flt info,negative
absolutely worse cust svc ever experienced yr flying supvrs iah extremely rude poorservice travel,negative
kid upset staff upset one accused stealing fruit mistreatment due airline policy austic child,negative
trying get someone cancelled flightled flight tomorrow hour,negative
trip cut hr short due flight changemassive layover peanut cracker asked ho received oz,negative
flight cancelled flightled website say call phone numberphone say check online supposed get help,negative
yes spent whole day talking agent someone finally offered let stay hotel,negative
flight jfk ege cxld runway hour flight moved wont give luggage back nice,negative
delayed two hour ordgtcdg one time need catch train 😒,negative
mention three hour wait get agent phone,negative
cancelled flighted flight still delayednot cool,negative
last hour customer service horrendous flown delta,negative
full flight customer sitting plane waiting baggage loaded aa dfw hour delay,negative
different airport way getting different airport,negative
aa agent said repeated explaining told understand english replyour conversation,negative
long wait literally went shopping different center lunch prepared dinner surprise winter staff better,negative
aa also hour late flight depart ohare luggage happy standing long line baggage svc,negative
flight dfw gsp going cancelled flightled tomorrow,negative
stuck plane charlotte going miss connection word staff maybe damn pretzel,negative
happen know plane repainted fly sunset,neutral
aa cancelled flighted rebooked u air nonstop u,negative
today wait violation dot passengerbillofrights,negative
arrived lax ord flight aa luggage,negative
ive got ba flight airport couldnt accommodate u left without info voucher foodnothing,negative
flight need b first flight frm mia tpa im extremely irritated ive airport hr,negative
many trip coming see soon 😃,positive
message pic sent,neutral
flight dfw delayed hour waiting sitting plane baggage loaded,negative
… trying book whole new flight since hour wrong website,negative
considering purchased st attempted use st believe would fit parameter,neutral
pretty impressed flight entertainment full touch usable smooth good selection,positive
site working wtf,negative
help wrong stuck florida day need learn real airline,negative
wasnt disrupted cancelled flightled airport agent horrendous sharon saviour,negative
im great thanks keep good work,positive
flight delayed amp cant talk reach anyone customer service high call volume,negative
rtw planner spec circle pacific let even plan demo route website,negative
listening flight taking house kicking flight booking problem flight tomorrow iceday,negative
going stuck florida day wouldnt hold connecting flight lga,negative
yes soon moment gather thought,neutral
even went ticket counter got help,negative
learned flight cancelled flightledcant get phone dont see option assistance online suggestion,negative
got email itinerary change cant seem get anyone phone new flight time doesnt work help,negative
please help flight appears cancelled flight ft lauderdale dallas lax anything leaving mia fll thxu,neutral
computer system cant leave without flight plan eta american air,negative
reflight booking problem following day unacceptable dming phone number,negative
want flight hold dont want new flight,negative
sitting gate flight hour due sabre backup plan place sabre cannot fixed,negative
got rebooked aa online app,neutral
please pray u gear lost stolen due incompetent employee cnn abcnews msnbc photography,negative
shoutout agent duty gate b abq outstanding customer service w delayed flt,positive
want treat platinum two gold flyer,negative
gate attendant abq awful service ashamed terrible experience start finish,negative
still sitting airport flt delayed still boarding happening info,negative
gate agent pa update hour hinted abandonment horrible experience passenger,negative
long day phillypm flt ord cancelled flighted notice message email nice platinum,negative
travel tomorrow cancelled flightled stupidly rebooked tomorrow cant get reservation,negative
name department come thanks,neutral
cancelled flightled cant get two day explanation,negative
helped one bit actually ended driving home due extreme disorganization lack communication,negative
united need ticket number since rebooked u gave incorrect ticket number cant check help,negative
nothelpful mt call volume extremely high today apology please continue contacting reservation assistance,negative
ive trying call cxl reservation tomorrow due needing surgery week cannot get,negative
cant keep dialing guy day get callback queue,negative
cancelled flight previous request accept ticket number document number,neutral
ive called said cant help hand really feel like appreciated customer,negative
inch,neutral
thank good suggestion checked rebooked well keep checking looking flight,positive
could seen horrible customer service group would actually update information never fly american,negative
web site requesting refund cancelled flightled flight requires numerical document number get,neutral
hmm look like looked tweet last month one able get uk agent help thanks,positive
stuck plane jfk food plane need wait crew push back plane good job aa,negative
one met flight lax tell passenger go flight rebooked badmgmt americanairlines,negative
im aggravated shouldnt baggage fee disappear gas price dropped,negative
“ youre welcome dawn love taking flying let again” week,positive
never fails disappoint waiting jfk hour scheduled take still word departure,negative
one luggage didnt made onto flight hope really get tomorrow told 😓😭,negative
lost wife luggage nobody give answer say go call,negative
check dm pls,neutral
dont driver service get employee work bad weather like hospital etc badmgmt americanairlines,negative
fact rule make poor customer service cancelled flightchange penalty hoop,negative
thank see,positive
phone call email cancelled flight flight would lovely,negative
guy try right,neutral
youve put ba flight get access lounge ord hr still go,negative
flight iad lax sat hr ground crew couldnt drive snow badmgmt americanairlines,negative
haha boarding pas b boarding plane gate agent told go g im worry,positive
cxl flight tofrom dfw cll wo notice treat like trash phone offer compensation wth,negative
thankfully lounge next door really impressed oneworld partnership,negative
delayedwow,negative
flt aa got cncled cant get hold csr get alternate arrangement plz help,negative
flight cancelled flightled rebooked united didnt give accurate ticket number cant check annoyed,negative
guy totally losing ive aa fan year telling rep busy hanging really bad,negative
aa min priority bag arrive late flight evening plan delta min bag guarantee anyone,negative
sitting hour long least phone queue hoping get thing rebooked time least plastic wing tear,negative
always better find equipment inop ground air safetyfirst,negative
rude hiring requirement key west airport shaking head,negative
dm info,neutral
delayed flight suck getting worse,negative
tired sitting delayed computer,negative
two hour wait exps sit jfk phx flight u computer shot lax flight,negative
awesome thx,positive
aa joke right line isnt even accepting call right hang,negative
yes rebooked incorrectly,negative
fair enough could least told u lack communication delay happen tell,negative
even call havent able help u anyway nevergettinghome,negative
cancelled flightled one,negative
got u lga safely thanks taking time make plane safe flying,positive
cancelled flightled flight didnt notify rebook phone cant get agent epic fail,negative
severely upset rude c rep get shes prob stressed aw let help cld mk btr,negative
im sensitive fact dont believe warrant poor service little help amp compassion go long way,negative
flight attendant yeseniahernandez provided excellent service among peculiar condition throughout day ✈,positive
time hung one finally sent call back notification fixyourstuff,negative
complt incompetence flt lav delay pln lnded last nite internet poor svc expect u,negative
landed crew couldnt gracious accommodating although long delay appreciate prompt response,positive
would bother wasting time calling gunna nothing,negative
five time last count,negative
usual next flight show time suppose leave minute hasnt boarded,negative
im sure im rebooked line airport trying work earlier get sfo better,negative
orbitz shown priority seat since booked amp paid week ago,negative
cancelled flighted last flight shv tonight amp flight tomorrow feb shv multiple flight shv,negative
might look good pita inedible last year delicious shrimp cocktail year garbage,negative
thats ever complete ever get customer service theydontanswer,negative
ticket office boston impossible book phone use voucher website headache please help,negative
sure mean son certainly operational need seat flt next friday yet,negative
flight time late flightly though,positive
update shouldnt take hour assistance love,negative
ive flown many year without complaint start listening customer went first worst,negative
cancelled flightled flight maintenance customer service desk empty get hotel least,negative
served rubber pasta covered sauce taste like plastic food human consumption anymore,negative
exp member wait hour speak operator surely mistake,negative
u cancelled flightled flight tomorrow tell call reservation refuse take call cool hateful,negative
worry called back hr late flightr asleep took additional fee aa standard everythings gr,negative
u cant spell airline trusted get home time safe worst gobankrupt,negative
ty confirm deny aa left jfk want figure delay store internet giving different info,negative
ticket office boston impossible book phone use voucher website headache please help,negative
changed flight tonight couldnt aa behalf instead flight tomorrow poor effort around,negative
seeing sunset st john usvi philly,neutral
get refund also apology deplorable service,negative
third lost bag amp min hold told would eventually get bag completely unacceptable,negative
second sat tarmac hr told would min,negative
there direct miami w seat u rebooked niece tuesday cant get phone customerservicefail,negative
confusing web sitecomplicated ordering process typically fly,negative
first sister zero food cross country flight type warning voucher,negative
need change ticket re cant changed online also cant get call due high volumecan u help,negative
rented van drove mile stranger arrived home offer help aa,negative
ticket poor gesture goodwill missed trip top status flyer may next time aa lhrord,negative
guy teach poor customer service part american dream,negative
dtw lag flight cancelled flightled notice given voucher dirty hotel food voucher apology,negative
would like thank customer service team response cancelled flightled flight offering cont,positive
one answer phone delayedcancelled flightled flight rude employee get im sorry apologize blah blah blah bad,negative
reservation line wont let speak representative busy literally disconnect bother,negative
yes called uk number skype…well worth recommend others,positive
im trying call book reward ticket one world partner automated system wont let talk great job,negative
waiting flight jfk h newyork viracopos americanairlines,negative
please please american call rebook ticket,negative
trying get canx flight resched since noon got call back call disconnect soon answer,negative
horrendous service ever two plane phil hr captain cant get flight info print wtf,negative
suck worst airline ever never flying stuck hour one helping fuckoff,negative
hold hour second rude agent,negative
dear american hour hold time become industry standard heard additional staffing weather,negative
best agent could put flight arriving tomorrow afternoon six hour layover,negative
thats unacceptable allow wait hold take number call,negative
rdu customer service awesome thanks give em bonus,positive
let crew member know every time happens time,negative
kidding one answering call reserv line due high call volume even option wait brutal,negative
lga nashville cancelled flightled phone center help fabulous staff gate helped young men handled crowd well,negative
man sitting ua tarmac minsrescue u please,negative
next friday ill take aa lgasat morning ususdo take bag lga get final dest,neutral
message delayed responded,neutral
please fix inventory system plat upgraded bumped boarding fa said made mistake aa a➡️c 😕,negative
im flying competitor today start u end never make mistake americanforlife,positive
always enjoy time plane dfw,positive
late flight phoenix gave tick away arrived chicago held bag hostage chicago rented van drove toledo hr drive,negative
need assistance frustrated cant reach reservation phone trying book online amp get fare longer avail msg,negative
flight tomorrow idea weve rescheduled cant fix online talk agent yet one answer,negative
kidding dont think ive done ive called dozen time amp tell call back amp hang,negative
expect response fiscal year calendar year never,negative
still waiting bag flight yesterday first class passenger happy service,negative
aa time awesome flight great job american,positive
understand waiting hour callback exec plat line call dropped agent could least try,negative
refused unload luggage stuck freezing weather wo cold weather clothes,negative
thats asked im looking change flight booking problem help,negative
service horrible cant get straight answer ground agent,negative
flight miami dallas monday rescheduled tuesday,negative
yes service guc suck gate agent pushed passenger rude everyone since got,negative
den gt dfw dont want ticketed new flight refunded cancelled flighted flight,negative
day bag amazing way neglect customer,negative
worst airline ever stranded hour hour delay flight last night,negative
email address send issue guy screwed rebooked flight wrong day please help,negative
issue requires bit tweet explain y’all email,neutral
pls help seriously beyond ridiculous,negative
please call u back rebook need get back columbus please help,negative
rebooked tomorrow morning never sure see tomorrow morning,negative
still waiting call backattempt hour cant put hold online tix within seven day window,negative
seat gvn away stranger chicago rented van drove toledo help offer hotel,negative
gold elite loyalty customercant count hometown preferred airline right bummed,negative
please call u back rebook cant need get columbus,negative
flight dca need change asap help cant get,negative
flight cancelled flightled call arent accepting call reschedule flight,negative
jacquelyn charlotte denied compensation cancelled flighted due plane malfunction well within control,negative
flight first flight,neutral
always love opening upgrade email,positive
called executive platinum desk got two hour call back time hr late flightr still call still stuck chicago,negative
need order special meal cant reach aa hold hour,negative
two delayed flight today werent weather relate flightd keep good work,negative
two hour late flightr still waiting callback need reschedule flight hopefully late flightr one tomo cancelled flighted,negative
im take one rep different gate rude asked assistance thanks though,negative
flt cancelled flighted rescheduled bad time tried hr website state cant onlineuseless website help,negative
still stucked airport aadelay aa,negative
flight dallas grand junction amazingflightcrew,positive
redirect flight without telling service abysmal,negative
really american airline service la vega shocking absolute joker take reputation seriously,negative
one received text alert automated call anything either literally information happening,negative
aftr hr bng held hstg mia bc aa refsd get med bag bag fnd aa refsd fix tkts cnceld said fly,negative
downloaded app iphone notice drink coupon nothing displayed getting ready fly,neutral
reservation system wont even let u leave phone way fix rebooked wrong day,negative
yep theyve good make flight mci wait tick😃,positive
got minute takeoff time anyone wandered address line people,negative
rebooked tomorrow failed put dl flight today despite asking available seat dl still available,negative
st leg flight nyc tomorrow cancelled flightled make hold hr may miss chance back home,negative
also one single person counter answering question plane full confused people staff,negative
thats complete cop u ask issue nothing supposed sort situation,negative
fcuk shit service got fan,negative
flight tomorrow already cancelled flightled,negative
thank cant get flight hold cancelled flight,neutral
get person,neutral
rebook wrong day phone system say cant handle volume hang,negative
look cabin crew vacancy,neutral
prime ticketed seat get switched aa sure whats going,negative
hi,neutral
cannot talk agent keep getting hung crazy,negative
cancelled flight flight doesnt send email text call im stranded louisville,negative
hi cancelled flightled flight back u wont take call supposed,negative
got rebooked u airway guy flight got wont work help would appreciated,negative
hold min used call back service agent call put hold foreveranyone,negative
upgrade cash main cabin extra buying aadvantage mileage saver using mile cant seem,neutral
expect,negative
flight tomorrow cancelled flighted cant anything online cant get phone help,negative
tell luggage stayed inside plane look video,negative
yeah lot question number one dare,negative
hi guy checking usaa jfk phx renewed admiral club today,neutral
hey guy dmed question mile upgrade post earning hope use tomorrow,neutral
tried cant get,negative
ive booked wrong flight pe desk wait hour,negative
think havent tried multiple time status bag shouldve yesterday disgusted,negative
thnkx bt dont help need go way way get need u charge sux neveragain,negative
get amp appreciate ive many problem last year flying guy pretty aggravating,negative
sure would bother agent airport didnt help amp nobody phone would ticket cancelled flightled reason,negative
help needed complaint ticketed passenger available seat scheduled leave late flightr today,negative
leave luggage baggage claim without previous information thats deal,negative
hour answered call,neutral
somehow dfw mia got bumped b way g whats,negative
americanairlines hr wait bag taste world largest airline heaven help aviation,negative
late flight crew,negative
fantastic support twitter team appreciate thanks,positive
hung many time trying cal crazy,neutral
thats quite impressive list fee,negative
dont buy woody theyre making much worse understaffing rudeness prerookie mistake,negative
run engine troubleshoot issue boarding plane another plane aa miatoiah,negative
“ rus please contact reservation reflight booking problem options” good luck,negative
flight cancelled flightled guy help,negative
changed flight bna ahead weather slammed cost diff weather advisoryreally,negative
itinerary ewr dallas la cancelled flightled flight money find way get ewr,negative
hour baggage carousel still luggage nail coffin,negative
nicest people ever flight chicagothanks david deane amp norma sedholm making feel comfortable ✈️✈️✈️✈️✈️✈️✈️,positive
cant get thru phone use credit thats expire frustrated aacom,negative
next lax jfk flight today,neutral
appreciate update also appreciated pilot effort explain u accurate authoritative comms vital,positive
one agent helping stagnant line almost customer super,negative
bad weather wasnt surprise doubletriple staff hand handle call way treat customer,negative
plane didn’t land identical worse condition grk according metars,negative
flight cancelled flighted lax tomorrow due connection dfw help please go orange burbank,negative
first pilot catering,negative
also reservation team fault bad topdown decision feel bad reservation social medium team,negative
would like refund flight delayed flight time feel like youre making fun u,negative
submitted complaint via link dec amp followed jan never heard back badcustomerservice,negative
greatest newark gate agent ever david deane norma sedholm luz calderon made feel like king americanairlines,positive
flight cancelled flightled cant get desk nothing showing online reservation,negative
point pic rep struggle merger much imagine public,negative
flight ewr stop dallas la need la tonight,negative
flying ft lauderdale fl seattle wa dont want honor flight,negative
wasnt able get hold system kept kicking main menu,negative
seattle checkin desk servicing full service line desk servicing priority full srvc wait minute customer svc fail,negative
hey tried calling customer service told there hour wait past hour thanks suck,negative
since leaving tomorrow miami one thing right deliver bag airport,negative
yet receive assistance one agent securing new connection many miss work tomorrow,negative
youre saying call center understaffed,negative
ive trying change frm aa lax monday morning aa lax fat flight aa helpaa,neutral
flight columbus ohio dallas texas cancelled flighted,neutral
mind aa point twitter acct form letter character less,negative
many missed connection already bc delayed flight finally board soon,negative
flt dfw fat rebook flight tonight cant get phone,neutral
wasnt important morning would seat wife together allow choose seat flight booking problem,negative
dont believe impossible agent get update delivery company since yesterday,negative
yet plenty available aa agent gate nearby say unable help customer flight,negative
personal touch youre known aa cool perk blaming understaffing weather hr hold time,negative
waiting line hour san antonio barely moved amp two agent front amp least behind,negative
return flight scheduled wednesday aa believe thanks help,positive
neglected mention fee per ticket medical reason still jump thru hoop,negative
attempt hour calling put hold feeling confident ever get,negative
bought ticket two day team couldnt share data needed get next meeting,negative
thanks response know fault im ord hungry want stop ✈️✌️,negative
cut put flt tomorrow,negative
nah u boofin u dont talk like human know respond like u actually brain dont want customer relation,negative
transportation going city getting ny sometime wed im sorry thats gonna cut,negative
one thing tried avoid thank sending baggage claim,negative
flt tom recd notification im going airport,negative
one book ticket online put hold require pay ticket,neutral
help reservation cant get phone,negative
ask people left behind miami airport guy could wait minute,negative
anything get aa moving almost hr hundred jfk upset tired want get ba,negative
insane treatment customer,negative
help need speak live agent lose online reservation held,negative
jfk sort guess thing small airport whatever,negative
let employee treat loyal customer attackingbabymomma crazinessintherockies,negative
mad love nyc,positive
thanks forcing check carry luggage exactly spent extra money travel size toiletry,positive
updated screen people would know late flightst info good bad wouldnt work,negative
missing full day work thanks guy,negative
trying find flight dfw hou tonight exec platinum desk calling back online info clear,negative
cant even get phone reservation team system automatically disconnect u,negative
flight cancelled flighted rebooked agent made mistake booked wrong date trying get via phone hour,negative
american simple call back info new flight basic customer service,negative
looked told guatemala last night record anywhere today need clothing work tomorrow,negative
cool canned response nah think ill keep tweeting everyone mention aa twitter could dm though,negative
please fix mobile desktop site allow canadian select passenger checking thanks,negative
tried ringing told try late flightr im supposed leaving hour,negative
guy amazing job today know it’s hard thanks kate appleton hard work reflight booking problem friend,positive
cover rental car refund ticket ill gladly drive hr home stuck till tues,negative
neglected mention fee per ticket medical reason still jump thru hoop,negative
yes would like refund,neutral
realistic make minute domestic international transfer jfk non u citizen,neutral
eliza amp cheated u amp lovely flight well back lot,positive
hope like photo,positive
weather bad wouldnt folk try extra hard communicateor load bag onto flight oranything,negative
mechanical issue evidence point idea it’s il cll fault weather,negative
sorry like general way sorry incompetenceunderstaffing compounding weather issue,negative
please help u get home tomorrow,neutral
bad there like people team next level unreal,negative
real life response customer service issue seriously keep trying call u eh might work,negative
fix engine flight aaso dont spend night airport fly home tomorrow,negative
make sure remember load bag onto plane cancelled flight flight forget,negative
real life aa like real life emailingcallingdming people youve inconvenienced,negative
hey yesterday im still hold,negative
weather unavoidable understaffing controllable,negative
late flight weve boarded waiting min wtf,negative
get personal response apology crew forgotten load baggage onto flight,negative
flts jfk cancelled flightled thx ur agent sfo im rebooked ua didnt get name awesome twitterhug shesaidrun,negative
know hour got live person mess arrival car plan two airport costing u,negative
cant get ahold aadvantage reservation need ticket reservation cancelled flight soon help,neutral
also told agent issue arent prob k fine get compassion others dealing wthis,negative
whats status dfw ticket agent gate rude unhelpful,negative
spoken like im idiot ok dont need deal w esp travel experience ive,negative
trying switch flight aa currently aa monday morn aa help,neutral
really hope departs said catering service wasnt available see next plane nthin,negative
understand weather fault ur c rep atrocious happy evr fly w u,negative
left orlando nd line standby land im th priority member get first available seat awesome,negative
didnt respond dm tweeted canned tweet youre telling everyone else,negative
dmed aa amp phone amp cant someone call point response didnt resolve anything,negative
dont guy email address put next available flight ohare,negative
eagle always late flight,negative
never trip airline ever natl intl ever experienced anything like,negative
call center wont let wait hold would happily seriously supposed keep calling great,negative
half hour late flight leaving dfwno attempt explanation,negative
im flight tomorrow got cancelled flightled need find alternative get dallas please help,negative
minute flight okc make u wait minute cause gate isnt empty epicfail poorplanning,negative
seems like queue time high q waiting agent almost hourflight got cancelled flightled,negative
nah horrible dining option outside club luckily manuel admiral make bloody mary,negative
earlier flight sapgtmia amp mia gt new york lga im currently booked flight,neutral
hold time disconnection excuse,negative
nice know paid seat sold seat bought rd seat good scam scam,negative
i’ll play ear know best buy chewey oatmeal cooky customer care folk,negative
business class full st class empty guy upgrade exp member st,neutral
ive trying hour get hold someone,negative
thank quick response aa usually fantastic customer service thats shocked wasnt,positive
chance making connection el paso aa dfw sat aa delayed minute,negative
beyond frustrated call back auto hold whatever call entered number cst still call,negative
ahhhh silence golden top anyone get fired,negative
hey aa help itinerary plat custy stuck pvr phone arent working,negative
wheres dm wheres voucher who paying cab car back jfk tomorrow,negative
weve hold hour,negative
dislike delay theyre caused crew forgetting load bag amp lazy pilot wanting duty day end,negative
guy help please,neutral
weather also gross incompetence understaffing crew forgetting load bag dont duck truth,negative
robertsamps,neutral
waited hour stuffy plane could get hr get luggage americanairlines,negative
guy another flight today book laguardia louisville ky,neutral
flight tyr tomorrow cancelled flighted due weather long rebook,negative
aa flight san antonio dallas cancelled flighted,negative
trying book flight hold cant get representative phone advice,negative
cancelled flight flight arbitrarily itinerary weekend ruined good reason crew missed monday mtg,negative
need someone help,neutral
flight cancelled flightled laguardia louisville ky stuck airport guy compensate,negative
amp wasnt enough staff rude amp ignored passengersdont think accepted whatever reason,negative
understand weather issue cant expect passenger wait hour inside airport whatever reason outrageous,negative
guarantee retribution id glad share,neutral
friend flight cancelled flightlations lax cmh feb anyway help number help,negative
used call back feature operator regarding flight got call hour late flightr got hung pleasehelp,negative
need work tomorrow therefore doesnt help direct message faster calling number backwards,negative
ugh dump u dfw wno luggage cancelled flight flight time sat arrival tue,negative
cancelled flight flight doesnt send email text call put way earlier flight might miss thanks aa,negative
dming big thanks,positive
overweight pull dozen passenger luggage seriously,negative
love company staff amazing made uncomfortable situation comfortable,positive
wait hr c call back flt cxldprotection amp hang minute answer st ring,negative
ive hold min cancelled flighted international flight country cant leave call back help,negative
need place sleep land without accommodation pls,negative
love new plane jfklax run maybe one day one amenity function nocharge ever,positive
call chairman call emerald today call former customer,negative
flight great fantastic cabin crew landing thankyou jfk,positive
flight nycbuenos aire delay since yesterday pm going take pm give u answer,negative
flight cancelled flightled cant go home tomorrow could use dinner play first time nyc,negative
thank “ customer relation review concern contact back directly john”,positive
change flight phone system keep telling representative busy,negative
thanks,positive
thx nothing getting u country back u broken plane come get another one,negative
“ george doesnt look good please follow link start refund process,neutral
flight cancelled flightled leaving tomorrow morning auto rebooked tuesday night flight need arrive monday,negative
right cue delays👌,negative
thank got different flight chicago,positive
leaving minute late flight warning communication minute late flight thats called shitty customer svc,negative
please bring american airline blackberry,neutral
money change flight dont answer phone suggestion make commitment,negative
ppl need know many seat next flight plz put u standby people next flight,neutral
